CompanyName,BrandName
Nestlé,Aberfoyle
Nestlé,Abuelita
Nestlé,Acqua Panna
Nestlé,Acti
Nestlé,ActiPlus
Nestlé,Aero
Nestlé,After Eight
Nestlé,Aguila
Nestlé,Aino
Nestlé,Al Manhal
Nestlé,Alaçam
Nestlé,Alcon
Nestlé,Alfamino
Nestlé,Alfare
Nestlé,All Stars
Nestlé,Allen's
Nestlé,Alpino
Nestlé,Althera
Nestlé,Amor Wafer
Nestlé,Animal Bar
Nestlé,Aqua Mineral
Nestlé,Aqua Pod
Nestlé,Aqua Spring
Nestlé,Aquarel
Nestlé,Arctic
Nestlé,Arrowhead
Nestlé,Atrium Innovations
Nestlé,Bakers
Nestlé,Balaton
Nestlé,Baraka
Nestlé,Bear
Nestlé,Beba
Nestlé,Bertie Beetle
Nestlé,Besos de Moza
Nestlé,Beta
Nestlé,Big Turk
Nestlé,Black Magic
Nestlé,Blue Bottle Coffee Company
Nestlé,Blue Riband
Nestlé,Boci
Nestlé,Bolero
Nestlé,Bon Pari
Nestlé,Bona
Nestlé,Bonio
Nestlé,Bonka
Nestlé,Bonnie
Nestlé,Bono
Nestlé,Boost
Nestlé,Branston Pickle
Nestlé,Breakaway
Nestlé,Buitoni
Nestlé,Buondi
Nestlé,Buxton
Nestlé,CHEF
Nestlé,Cailler
Nestlé,California Pizza Kitchen
Nestlé,Calistoga
Nestlé,Camy
Nestlé,Capri
Nestlé,Caramac
Nestlé,Carlos V
Nestlé,Carlton
Nestlé,Carnation
Nestlé,Carnation Instant Breakfast
Nestlé,Caro
Nestlé,Carpathia
Nestlé,Carre
Nestlé,Castor & Pollux
Nestlé,Cerelac
Nestlé,Chambinho
Nestlé,Chameleon Cold
Nestlé,Chamyto
Nestlé,Chandelle
Nestlé,Charge
Nestlé,Charmoise
Nestlé,Cheerios
Nestlé,Chef
Nestlé,Chiquitín
Nestlé,Chocapic
Nestlé,Choclait Chips
Nestlé,Choco Crossies
Nestlé,Chokita
Nestlé,Chokito
Nestlé,Christina
Nestlé,Chuckie
Nestlé,Ciego Montero
Nestlé,Cini Minis
Nestlé,Club
Nestlé,Clusters
Nestlé,Cocosette
Nestlé,Coffee
Nestlé,Coffee Crisp
Nestlé,Companies
Nestlé,Compleat
Nestlé,Contrex
Nestlé,Cookie Crisp
Nestlé,Cracker
Nestlé,Cremositas
Nestlé,Cristalp
Nestlé,Crucial
Nestlé,Crunch
Nestlé,Curiously Cinnamon
Nestlé,Curiously Strawberry
Nestlé,D'Onofrio
Nestlé,Da Shan YunNan Spring
Nestlé,Dairy Box
Nestlé,Damak
Nestlé,Dancow
Nestlé,Dar Natury
Nestlé,Davigel
Nestlé,Deep Spring
Nestlé,Deer Park
Nestlé,Delissio
Nestlé,DiGiorno
Nestlé,Diabetisource
Nestlé,Dolca
Nestlé,Dolce Gusto
Nestlé,Douglas Laboratories
Nestlé,Dreyer's
Nestlé,Drifter
Nestlé,Drumstick
Nestlé,Ecco
Nestlé,Eco de los Andes
Nestlé,El Chaná
Nestlé,Enviga
Nestlé,Erikli
Nestlé,Eskimo
Nestlé,Essentia
Nestlé,Estrelitas
Nestlé,Extrême
Nestlé,FM 85
Nestlé,Farine Lactée
Nestlé,Farinha Láctea
Nestlé,Fibersource
Nestlé,Fido
Nestlé,Fido Freeze
Nestlé,Fitness
Nestlé,Fizzfindle
Nestlé,Freshly
Nestlé,Frigor
Nestlé,Frische Brise
Nestlé,Frisco
Nestlé,Friskies
Nestlé,Froneri
Nestlé,Fruit Gums
Nestlé,Fruit Pastilles
Nestlé,Fruity Water
Nestlé,Galak
Nestlé,Galak/Milkybar
Nestlé,Gale's Honey
Nestlé,Garden Gourmet
Nestlé,Garden of Life
Nestlé,Garoto
Nestlé,Gauchitas
Nestlé,Genestra brands
Nestlé,Gerber
Nestlé,Ghadeer
Nestlé,Glaciar
Nestlé,Glytrol
Nestlé,Go Cat
Nestlé,Gold Flakes
Nestlé,Golden Grahams
Nestlé,Golden Nuggets
Nestlé,Good Start
Nestlé,Guigoz
Nestlé,Haoji
Nestlé,Heaven
Nestlé,Henniez
Nestlé,Hercules Bars
Nestlé,Herta Foods
Nestlé,Hidden Spring
Nestlé,Hirz
Nestlé,Hjem
Nestlé,Honey Stars
Nestlé,Hot Pockets
Nestlé,Häagen
Nestlé,Hälsans Kök
Nestlé,Hépar
Nestlé,Ice Mountain
Nestlé,Impact
Nestlé,International Roast
Nestlé,Isosource
Nestlé,JOJO
Nestlé,Jack's Pizza
Nestlé,Jelly Tots
Nestlé,Joe
Nestlé,Joff
Nestlé,Juicy Jellies
Nestlé,Kimo
Nestlé,Kimy
Nestlé,Kirma
Nestlé,Kit
Nestlé,Kit Kat
Nestlé,Koko Krunch
Nestlé,Kotijäätelö
Nestlé,L'Oréal
Nestlé,LC1
Nestlé,La Laitière
Nestlé,La Lechera
Nestlé,La Vie
Nestlé,Lactalis
Nestlé,Lactogen
Nestlé,Le Viennois
Nestlé,Lean Cuisine
Nestlé,Lean Pockets
Nestlé,Levissima
Nestlé,Libby's
Nestlé,Lily's Kitchen
Nestlé,Lion
Nestlé,Lion Cereal
Nestlé,Lists
Nestlé,Lollo
Nestlé,Longa Vida
Nestlé,Los Portales
Nestlé,Loumidis
Nestlé,Lucky Dog
Nestlé,Mabel's
Nestlé,Maggi
Nestlé,Magnolia
Nestlé,Malher
Nestlé,María Maizena
Nestlé,Mat Kool
Nestlé,Matchmakers
Nestlé,Maverick
Nestlé,Maxibon
Nestlé,McKay
Nestlé,Meritene
Nestlé,Merrick
Nestlé,Mezeast
Nestlé,Milo
Nestlé,Mindful Chef
Nestlé,Minor's
Nestlé,Mint Pattie
Nestlé,Minties
Nestlé,Minéré
Nestlé,Mio
Nestlé,Mirage
Nestlé,Mivvi
Nestlé,Modulen
Nestlé,Molico
Nestlé,Mon Petit
Nestlé,Montclair
Nestlé,Moraditas
Nestlé,Motta
Nestlé,Mountain Blend
Nestlé,Moça
Nestlé,Munch Bunch
Nestlé,Munchies
Nestlé,Mövenpick
Nestlé,NAN AL
Nestlé,NAN Infinipro HA
Nestlé,NAN Optipro
Nestlé,NAN Sensitive
Nestlé,NanKid
Nestlé,NanSoy
Nestlé,NaturNes
Nestlé,Nature's Bounty
Nestlé,Nałęczowianka
Nestlé,Negresco
Nestlé,Nescafé
Nestlé,Nescau
Nestlé,Nescau Cereal
Nestlé,Neslac
Nestlé,Nespresso
Nestlé,Nesquik
Nestlé,Nesquik Breakfast Cereal
Nestlé,Nestea
Nestlé,Nestle Caja Roja
Nestlé,Nestlé
Nestlé,Nestlé Alpine White
Nestlé,Nestlé Bear
Nestlé,Nestlé Classic
Nestlé,Nestlé Corn Flakes
Nestlé,Nestlé Dessert
Nestlé,Nestlé Dibs
Nestlé,Nestlé Extrafino
Nestlé,Nestlé Ice Cream
Nestlé,Nestlé Milk Chocolate
Nestlé,Nestlé Munch
Nestlé,Nestlé Omega Plus
Nestlé,Nestlé Princessa
Nestlé,Nestlé Quik
Nestlé,Nestlé Raita
Nestlé,Nestlé Selda
Nestlé,Nestlé Toll House cookies
Nestlé,Nestlé Vera
Nestlé,Nestlé Wonder Ball
Nestlé,Nestlé Yes
Nestlé,Nestlé Yogurt
Nestlé,Nestlé with Almonds
Nestlé,Nestogen
Nestlé,Nestogen Kid
Nestlé,Neston
Nestlé,Nesvita
Nestlé,Neuselters
Nestlé,Nido
Nestlé,Nigeria
Nestlé,Ninho
Nestlé,Novasource Renal
Nestlé,Nutren
Nestlé,Nuts
Nestlé,Nuun
Nestlé,Optifast
Nestlé,Optifibre
Nestlé,Orgain
Nestlé,Orion
Nestlé,Osteo Bi
Nestlé,Outshine
Nestlé,Ovaltine
Nestlé,Ozarka
Nestlé,Papa Giuseppe
Nestlé,Partner's Blend
Nestlé,Passatempo
Nestlé,Pejo
Nestlé,Peppermint Crisp
Nestlé,Peptamen
Nestlé,Perrier
Nestlé,Persona Nutrition
Nestlé,Perugina
Nestlé,Pet79
Nestlé,PetLife
Nestlé,Petrópolis
Nestlé,Pick & Mix
Nestlé,Piltti
Nestlé,Pingviini
Nestlé,Plaistowe
Nestlé,Plancoët
Nestlé,Poland Spring
Nestlé,Polo
Nestlé,Porvenir
Nestlé,PreNan
Nestlé,Prestige
Nestlé,Prestígio
Nestlé,Pria
Nestlé,Princes Gate
Nestlé,Princessa
Nestlé,Pure Encapsulations
Nestlé,Pure Life
Nestlé,Pure Life/Pureza Vital/Vie Pure
Nestlé,Purina
Nestlé,Purina Alpo
Nestlé,Purina Beggin' Strips
Nestlé,Purina Beneful
Nestlé,Purina Busy Bone
Nestlé,Purina Cat Chow
Nestlé,Purina Dental Life
Nestlé,Purina Dog Chow
Nestlé,Purina Fancy Feast
Nestlé,Purina Felix
Nestlé,Purina Gourmet
Nestlé,Purina ONE
Nestlé,Purina Pro Plan
Nestlé,Puritan's Pride
Nestlé,Push
Nestlé,Quality Street
Nestlé,Quik
Nestlé,Quézac
Nestlé,Randoms
Nestlé,Rawaytee Maza
Nestlé,Real Dairy
Nestlé,Recoaro
Nestlé,Republic of Cats
Nestlé,Resorb
Nestlé,Resource
Nestlé,Ricacao
Nestlé,Ricoffy
Nestlé,Ricoré
Nestlé,Ristretto
Nestlé,Rolo
Nestlé,Romanette
Nestlé,Rosquitas
Nestlé,Rowntree's
Nestlé,S.Pellegrino
Nestlé,SMA
Nestlé,Sahne Nuss
Nestlé,Saint
Nestlé,Sainte
Nestlé,Salvado
Nestlé,Samba
Nestlé,Sanbittèr
Nestlé,Santa Bárbara
Nestlé,Santa Maria
Nestlé,Santa Rica
Nestlé,Savory
Nestlé,Savoy
Nestlé,Schöller
Nestlé,Scorched Almonds
Nestlé,Sensação
Nestlé,Shredded Wheat
Nestlé,Shreddies
Nestlé,Sical
Nestlé,Ski
Nestlé,Ski Dairy
Nestlé,Skinny Cow
Nestlé,Smarties
Nestlé,SnackAttack
Nestlé,Sohat
Nestlé,Solgar
Nestlé,Sollys
Nestlé,Sorbetes
Nestlé,Special.T
Nestlé,Springs
Nestlé,Starbucks
Nestlé,Stouffer's
Nestlé,Sublime
Nestlé,Suflair
Nestlé,Sunar
Nestlé,Sundy
Nestlé,Sunrise
Nestlé,Super 8
Nestlé,Supercoat
Nestlé,Supligen
Nestlé,Sustagen
Nestlé,Susy
Nestlé,Sveltesse
Nestlé,Svelty
Nestlé,Svitoch
Nestlé,Sweet Earth Foods
Nestlé,Sweet Leaf Tea
Nestlé,Sweet N Tasty Yogurt
Nestlé,Szerencsi
Nestlé,São Lourenço
Nestlé,TOP
Nestlé,Tails
Nestlé,Tango
Nestlé,Tango Mini Galletas
Nestlé,Taster's Choice
Nestlé,Temptations
Nestlé,Tendre Noix
Nestlé,Texan Bar
Nestlé,Theodora
Nestlé,Thomy
Nestlé,Tidy Cats
Nestlé,Tip Top
Nestlé,Tofa
Nestlé,Toffee Crisp
Nestlé,Tola
Nestlé,Toll House
Nestlé,Tombstone
Nestlé,Tooty Frooties
Nestlé,Totalcare
Nestlé,Totole
Nestlé,Trencito
Nestlé,Triangulo
Nestlé,Trix
Nestlé,Trophic
Nestlé,Turtles
Nestlé,Twin Pops
Nestlé,Uncle Tobys
Nestlé,Underground is
Nestlé,Valvert
Nestlé,Viladrau
Nestlé,Vital Proteins
Nestlé,Vittel
Nestlé,Wafer
Nestlé,Wagner Pizza
Nestlé,Walnut Whip
Nestlé,Water Line
Nestlé,Waterman
Nestlé,Whole Earth Farms
Nestlé,Winalot
Nestlé,Winiary
Nestlé,Wobenzym
Nestlé,Wyeth
Nestlé,XXX mints
Nestlé,Yapita
Nestlé,Yelly
Nestlé,Yoco
Nestlé,"York, Emily Bryson"
Nestlé,Yorkie
Nestlé,Zephyrhills
Nestlé,Zoégas
Nestlé,Zvečevo
Nestlé,f.a.a
Nestlé,zer0% Fat
Nestlé,Åhusglass
Nestlé,Δέλτα
Nestlé,Κorpi
Nestlé,Делта
LVMH,24S
LVMH,Acqua di Parma
LVMH,Ao Yun
LVMH,Ardbeg
LVMH,Armani
LVMH,Asiaa
LVMH,BITE Beauty
LVMH,Barton Perreira
LVMH,Belmond
LVMH,Belvedere
LVMH,Benefit Cosmetics
LVMH,Berluti
LVMH,Bodega Numanthia
LVMH,Bulgari
LVMH,Bulgari Hotel
LVMH,Celine
LVMH,Cha Ling
LVMH,Chandon
LVMH,Chaumet
LVMH,Cheval des Andes
LVMH,Christian Dior Couture
LVMH,Château Cheval Blanc
LVMH,Château Galoupet
LVMH,Château Minuty
LVMH,Château d'Esclans
LVMH,Château d'Yquem
LVMH,Clos des Lambrays
LVMH,Clos19
LVMH,Cloudy Bay
LVMH,Colgin Cellars
LVMH,Connaissance des Arts
LVMH,Cova
LVMH,DFS
LVMH,Daniel Roth
LVMH,Dom Pérignon
LVMH,Emilio Pucci
LVMH,Europea
LVMH,Fendi
LVMH,Fenty Beauty
LVMH,Francea
LVMH,Fred
LVMH,Fresh
LVMH,Gerald Genta
LVMH,Givenchy
LVMH,Glenmorangie
LVMH,Guerlain
LVMH,Hennessy
LVMH,Hublot
LVMH,Investir
LVMH,JW Anderson
LVMH,Japana
LVMH,Jardin d'Acclimatation
LVMH,KVD Vegan Beauty
LVMH,Kapital
LVMH,Kenzo
LVMH,Kenzo Parfums
LVMH,Krug
LVMH,La Grande Epicerie
LVMH,La Samaritaine
LVMH,Le Bon Marché
LVMH,Le Parisien
LVMH,Les Echos
LVMH,Loewe
LVMH,Loro Piana
LVMH,Louis Vuitton
LVMH,Maison Francis Kurkdjian
LVMH,Maisons Cheval Blanc
LVMH,Make Up For Ever
LVMH,Marc Jacobs
LVMH,Marc Jacobs Beauty
LVMH,Mercier
LVMH,Moynat
LVMH,Moët & Chandon
LVMH,Net profita
LVMH,Newton Vineyard
LVMH,Officine Universelle Buly
LVMH,Ole Henriksen
LVMH,Other countriesa
LVMH,Parfums Christian Dior
LVMH,Parfums Givenchy
LVMH,Paris Match
LVMH,Patou
LVMH,Perfumes Loewe
LVMH,Phoebe Philo
LVMH,Radio Classique
LVMH,Repossi
LVMH,Rimowa
LVMH,Royal Van Lent
LVMH,Ruinart
LVMH,Salesa
LVMH,Sephora
LVMH,Starboard Cruise Services
LVMH,TAG Heuer
LVMH,Terrazas de los Andes
LVMH,Tiffany & Co
LVMH,Total equitya
LVMH,United Statesa
LVMH,Veuve Clicquot
LVMH,Volcan de mi Tierra
LVMH,Vuarnet
LVMH,Woodinville
LVMH,Zenith
PepsiCo,7UP
PepsiCo,7UP Free
PepsiCo,AMP Energy
PepsiCo,Agousha
PepsiCo,Alvalle
PepsiCo,Aquafina
PepsiCo,Aquafina FlavorSplash
PepsiCo,Aunt Jemima
PepsiCo,Baconzitos
PepsiCo,Bagel Chips
PepsiCo,Baken
PepsiCo,Breakfast Bars
PepsiCo,Bubly sparkling water
PepsiCo,Caffeine Free Diet Mountain Dew
PepsiCo,Caffeine Free Mountain Dew
PepsiCo,Caffeine Free Pepsi
PepsiCo,Cap'n Crunch
PepsiCo,Cheetos
PepsiCo,Cheetos Cheese Flavored Snacks
PepsiCo,Chester's
PepsiCo,Chester's Flavored Fries
PepsiCo,Chester's Popcorn
PepsiCo,Chipsy
PepsiCo,Chudo
PepsiCo,Citrus Blast
PepsiCo,Coffee Drinks
PepsiCo,Cracker Jack
PepsiCo,Crunchy
PepsiCo,Crush
PepsiCo,Diet 7UP
PepsiCo,Diet Caffeine Free Pepsi
PepsiCo,Diet Lipton Brisk WL
PepsiCo,Diet Mist Twst
PepsiCo,Diet Mist Twst Cranberry
PepsiCo,Diet Mountain Dew
PepsiCo,Diet Mountain Dew Code Red
PepsiCo,Diet Mug
PepsiCo,Diet Pepsi
PepsiCo,Diet Pepsi Lime
PepsiCo,Diet Sierra Mist / Stary
PepsiCo,Diet Wild Cherry Pepsi
PepsiCo,Domik v Derevne
PepsiCo,Doritos
PepsiCo,Driftwell
PepsiCo,Duyvis
PepsiCo,El IslenoPlaintain Chips
PepsiCo,Elma Chips
PepsiCo,Emperador
PepsiCo,Evervess
PepsiCo,Fandangos
PepsiCo,Frito
PepsiCo,Fritos
PepsiCo,Fruktoviy Sad
PepsiCo,Frustyle
PepsiCo,Funyuns
PepsiCo,G2
PepsiCo,Gamesa Cookies
PepsiCo,Gatorade
PepsiCo,Gatorade G Series FIT Perform 02 Workout Hydration
PepsiCo,Gatorade G Series FIT Prime 01 Pre
PepsiCo,Gatorade G Series FIT Recover 03 Post
PepsiCo,Gatorade G Series PRO 01 Carbohydrate Energy Formula
PepsiCo,Gatorade G Series PRO 01 Nutrition Bar
PepsiCo,Gatorade G Series PRO 01 Nutrition Shake
PepsiCo,Gatorade G Series PRO 02 Endurance Formula
PepsiCo,Gatorade G Series PRO 02 Perform Gatorlytes
PepsiCo,Gatorade G Series PRO 03 Protein Recovery Shake
PepsiCo,Gatorade G Series PRO Prime +
PepsiCo,Gatorade G Series PRO Recover +
PepsiCo,Gatorade G Series Prime 01
PepsiCo,Gatorade G Series Recover 03
PepsiCo,Gatorade G2
PepsiCo,Gatorade G2 Natural
PepsiCo,Gatorade Natural
PepsiCo,Gatorade Thirst Quencher
PepsiCo,Gatorade Zero
PepsiCo,Grandma's
PepsiCo,Grandma's Cookies
PepsiCo,Hickory Sticks
PepsiCo,Hostess Potato Chips
PepsiCo,Imunele
PepsiCo,Ivi
PepsiCo,Izze
PepsiCo,Kas
PepsiCo,KhrusTeam
PepsiCo,King Vitaman
PepsiCo,Kretschmer
PepsiCo,Kurkure
PepsiCo,Lay's
PepsiCo,Lay's Stax
PepsiCo,Lehar
PepsiCo,Life
PepsiCo,Lifewater
PepsiCo,Lipton Brisk Fruit Punch
PepsiCo,Lipton Brisk Lemon
PepsiCo,Lipton Brisk Lemonade
PepsiCo,Lipton Brisk Sweet Tea
PepsiCo,Lubimy
PepsiCo,Manzanita Sol
PepsiCo,Marbo Product
PepsiCo,Marias Gamesa
PepsiCo,Matutano
PepsiCo,Maui StylePotato Chips
PepsiCo,Mirinda
PepsiCo,Miss Vickie's
PepsiCo,Mist Twst
PepsiCo,Mist Twst Cherry
PepsiCo,Mist Twst Cranberry
PepsiCo,Mother's Ready
PepsiCo,Mountain Dew
PepsiCo,Mountain Dew Code Red
PepsiCo,Mountain Dew Energy
PepsiCo,Mountain Dew Game Fuel
PepsiCo,Mountain Dew Kickstart
PepsiCo,Mountain Dew Livewire
PepsiCo,Mountain Dew Throwback
PepsiCo,Mountain Dew Voltage
PepsiCo,Mountain Dew White Out
PepsiCo,Mug
PepsiCo,Munchies
PepsiCo,Munchies Snack Crackers
PepsiCo,Munchies Snack Mix
PepsiCo,Munchos
PepsiCo,Naked
PepsiCo,Near East
PepsiCo,Nobati
PepsiCo,Nut Harvest Nuts
PepsiCo,O.N.E
PepsiCo,Other
PepsiCo,Paso de los Toros
PepsiCo,Pasta Roni
PepsiCo,Pearl Milling
PepsiCo,Pepsi
PepsiCo,Pepsi Atom
PepsiCo,Pepsi Azuki
PepsiCo,Pepsi Black
PepsiCo,Pepsi Blue
PepsiCo,Pepsi Edge
PepsiCo,Pepsi Gold
PepsiCo,Pepsi Green
PepsiCo,Pepsi Ice Cucumber
PepsiCo,Pepsi Max
PepsiCo,Pepsi Mont Blanc
PepsiCo,Pepsi Next
PepsiCo,Pepsi One
PepsiCo,Pepsi Pink
PepsiCo,Pepsi Salty Watermelon
PepsiCo,Pepsi Shiso
PepsiCo,Pepsi Throwback
PepsiCo,Pepsi Twist
PepsiCo,Pepsi White
PepsiCo,Pepsi Wild Cherry
PepsiCo,Pepsi Zero Sugar
PepsiCo,Pioneer Foods
PepsiCo,Propel
PepsiCo,Propel Zero
PepsiCo,Puffed Wheat
PepsiCo,Punica
PepsiCo,Quaker
PepsiCo,Quaker Life Cereal
PepsiCo,Quisp
PepsiCo,Rice
PepsiCo,Rice Snacks
PepsiCo,Rockstar
PepsiCo,Rockstar Energy Drink
PepsiCo,Rold Gold
PepsiCo,Rosquinhas Mabel
PepsiCo,Ruffles
PepsiCo,Russkiy Dar
PepsiCo,Sabra
PepsiCo,Sabritas
PepsiCo,Sakata
PepsiCo,Saladitas
PepsiCo,Sandora
PepsiCo,Santitas
PepsiCo,Santitas Tortille Chips
PepsiCo,Seattle's Best Coffee
PepsiCo,Shani
PepsiCo,Side Dishes
PepsiCo,Simba
PepsiCo,Smartfood
PepsiCo,Smartfood Popcorn
PepsiCo,Smartfood PopcornClusters
PepsiCo,Smith's
PepsiCo,Snack a Jacks
PepsiCo,Snacks
PepsiCo,SoBe
PepsiCo,SoBe Lifewater
PepsiCo,SoBe V Water
PepsiCo,Sodastream
PepsiCo,Sonric’s
PepsiCo,Spitz Seeds
PepsiCo,Sports Nutrition
PepsiCo,Stacy's Pita
PepsiCo,Stacy’s
PepsiCo,Star
PepsiCo,Starbucks DoubleShot
PepsiCo,Starbucks Frappucino
PepsiCo,Starbucks Iced Coffee
PepsiCo,Starbucks Refreshers
PepsiCo,Starry
PepsiCo,Starry Zero Sugar
PepsiCo,Stiksy
PepsiCo,Sting
PepsiCo,SunChips
PepsiCo,Tasali Snack Foods
PepsiCo,Tesco
PepsiCo,Tonus
PepsiCo,Tostito's
PepsiCo,Tostitos
PepsiCo,Trop
PepsiCo,Tropicana
PepsiCo,Tropicana Products
PepsiCo,Twisties
PepsiCo,Vesely Molochnik
PepsiCo,Walkers
PepsiCo,Ya
PepsiCo,Yedigün
Procter & Gamble,9 Elements
Procter & Gamble,Acestain removerliquid
Procter & Gamble,Actonel
Procter & Gamble,Aleve
Procter & Gamble,Align
Procter & Gamble,Always
Procter & Gamble,Ambi Pur
Procter & Gamble,Ariel
Procter & Gamble,Asacol
Procter & Gamble,Ascend
Procter & Gamble,Aussie
Procter & Gamble,Big Top
Procter & Gamble,Blossom
Procter & Gamble,Bold
Procter & Gamble,Bonus
Procter & Gamble,Bonux
Procter & Gamble,Bouncefabric
Procter & Gamble,Bounty
Procter & Gamble,Braun
Procter & Gamble,Cascade
Procter & Gamble,Charmin
Procter & Gamble,Cheer
Procter & Gamble,Citrus Hill
Procter & Gamble,Clairol
Procter & Gamble,Comet
Procter & Gamble,Crest
Procter & Gamble,Dashtaken over by Dalli
Procter & Gamble,Dawn
Procter & Gamble,Daz
Procter & Gamble,Dreft
Procter & Gamble,Drene
Procter & Gamble,Duz
Procter & Gamble,Encaprin
Procter & Gamble,Era
Procter & Gamble,Fairy
Procter & Gamble,Fairywashing
Procter & Gamble,Febreze
Procter & Gamble,Fit
Procter & Gamble,Fixodent denture adhesive
Procter & Gamble,Flash
Procter & Gamble,Fling
Procter & Gamble,Fluffo
Procter & Gamble,Folgers
Procter & Gamble,Frederic Fekkai
Procter & Gamble,Fresco bar
Procter & Gamble,Fresco bath
Procter & Gamble,Gain
Procter & Gamble,Gala
Procter & Gamble,Gilletterazors
Procter & Gamble,Gleem
Procter & Gamble,Hawaiian Punch
Procter & Gamble,Head & Shoulders
Procter & Gamble,Herbal Essences
Procter & Gamble,Hidden Magic
Procter & Gamble,Iliac
Procter & Gamble,Ivory
Procter & Gamble,Jar
Procter & Gamble,Joy
Procter & Gamble,Lauren Bacall
Procter & Gamble,Lenor
Procter & Gamble,Luvs
Procter & Gamble,Mayon cooking oil
Procter & Gamble,Merck Group
Procter & Gamble,Metamucil
Procter & Gamble,Microban
Procter & Gamble,Miellehair care products
Procter & Gamble,Mif
Procter & Gamble,Monchel
Procter & Gamble,Mr. Clean
Procter & Gamble,Native deodorants
Procter & Gamble,New Chapter
Procter & Gamble,Nicky Clarke
Procter & Gamble,Nutri Delight
Procter & Gamble,OK
Procter & Gamble,Ola laundry
Procter & Gamble,Olay
Procter & Gamble,Old Spice
Procter & Gamble,Oral
Procter & Gamble,PMC laundry
Procter & Gamble,Pampers
Procter & Gamble,Pampers & Pampers Kandoo
Procter & Gamble,Pantene
Procter & Gamble,Pantenehair care products
Procter & Gamble,Pepto
Procter & Gamble,Prilosec OTC
Procter & Gamble,Puffs tissues
Procter & Gamble,Pur
Procter & Gamble,Rely
Procter & Gamble,Rolaids
Procter & Gamble,Royale
Procter & Gamble,SK
Procter & Gamble,Salvo
Procter & Gamble,Scope
Procter & Gamble,Secret
Procter & Gamble,Seven Seas
Procter & Gamble,Shasta
Procter & Gamble,Solo
Procter & Gamble,Spic and Span
Procter & Gamble,Star
Procter & Gamble,Stardust
Procter & Gamble,Sunny Delight
Procter & Gamble,Sunshine Margarine
Procter & Gamble,Sunshine margarine
Procter & Gamble,Sureanti
Procter & Gamble,Swash
Procter & Gamble,Swiffer
Procter & Gamble,Swisse
Procter & Gamble,Tampax
Procter & Gamble,Teel
Procter & Gamble,Tempo
Procter & Gamble,Tender Leaf
Procter & Gamble,Thrill
Procter & Gamble,Tide
Procter & Gamble,Top Job
Procter & Gamble,Torengos
Procter & Gamble,Vicks
Procter & Gamble,Victor shortening
Procter & Gamble,Vidal Sassoon
Procter & Gamble,Walmart
Procter & Gamble,Whisper menstrual hygiene products
Procter & Gamble,Wondra
Procter & Gamble,Wondra lotion for dry skin. There were many formulas
Procter & Gamble,antibacterial
JBS S.A.,1855
JBS S.A.,1953
JBS S.A.,2002
JBS S.A.,2006
JBS S.A.,2010
JBS S.A.,5 Star
JBS S.A.,AdapTable Meals
JBS S.A.,Aguinaldo Gomes Ramos Filho
JBS S.A.,Alba Pettengill
JBS S.A.,Andrews Meat
JBS S.A.,Anglo
JBS S.A.,Angus Friboi
JBS S.A.,Apeti
JBS S.A.,Aspen Ridge
JBS S.A.,Bertin
JBS S.A.,Best Company
JBS S.A.,Big Frango
JBS S.A.,BioBriz
JBS S.A.,Bordon
JBS S.A.,Buona Itália
JBS S.A.,Cabaña las Lilas
JBS S.A.,Campo Forte Fertilizantes
JBS S.A.,Carioca
JBS S.A.,Cledorvino Belini
JBS S.A.,Confiança
JBS S.A.,Cremosy
JBS S.A.,Cukin
JBS S.A.,Delicata
JBS S.A.,Delícia
JBS S.A.,Denny
JBS S.A.,Do Chef! Friboi
JBS S.A.,Doriana
JBS S.A.,Eder
JBS S.A.,Employees kicking
JBS S.A.,Excelsior
JBS S.A.,Fimec 2012 Award
JBS S.A.,Fluminense
JBS S.A.,Franciscano
JBS S.A.,Frangosul
JBS S.A.,Friboi
JBS S.A.,Frigor Hans
JBS S.A.,Funpet
JBS S.A.,Genu
JBS S.A.,Gilberto Meirelles Xandó Baptista
JBS S.A.,Gold’n Plump
JBS S.A.,Gradina
JBS S.A.,Great Southern
JBS S.A.,Hereford
JBS S.A.,Huon Aquaculture
JBS S.A.,Incrível!
JBS S.A.,JBS
JBS S.A.,JBS Biodiesel
JBS S.A.,JBS Couros
JBS S.A.,JBS Higiene
JBS S.A.,JBS Natural Casings
JBS S.A.,JBS Trading
JBS S.A.,JBS Transportadora
JBS S.A.,Jeremiah O'Callaghan
JBS S.A.,José Batista Sobrinho
JBS S.A.,José Guimarães Monforte
JBS S.A.,Just BARE
JBS S.A.,Kitut
JBS S.A.,La Herencia
JBS S.A.,Largest Food
JBS S.A.,LeBon
JBS S.A.,Marca Target
JBS S.A.,Marketing Best
JBS S.A.,MassaLeve
JBS S.A.,Maturatta Friboi
JBS S.A.,Mesa
JBS S.A.,Minuano Flora
JBS S.A.,Moy Park
JBS S.A.,Márcio Guedes Pereira Júnior
JBS S.A.,Nhô Bento
JBS S.A.,NoCarbon
JBS S.A.,NovaProm
JBS S.A.,OZO
JBS S.A.,Organic Beef
JBS S.A.,Orygina
JBS S.A.,O’Kane
JBS S.A.,Pilgrim's Pride
JBS S.A.,Plum Rose
JBS S.A.,Primo Smallgoods
JBS S.A.,Primor
JBS S.A.,Reserva Friboi
JBS S.A.,Rezende
JBS S.A.,Ricca
JBS S.A.,Richmond
JBS S.A.,Rigamonti
JBS S.A.,Salada
JBS S.A.,Seara Alimentos
JBS S.A.,Sola
JBS S.A.,Swift
JBS S.A.,Swift Black
JBS S.A.,TRP
JBS S.A.,Tama
JBS S.A.,Troféu Ponto Extra 2012
JBS S.A.,Uboi
JBS S.A.,Vivera
JBS S.A.,Wesley Mendonça Batista Filho
JBS S.A.,Zempack
JBS S.A.,avarte
JBS S.A.,marba
JBS S.A.,piglets
Unilever,AHC
Unilever,Ala
Unilever,All
Unilever,Amino
Unilever,Amora
Unilever,Andrelon
Unilever,Aromat
Unilever,Aviance
Unilever,Axe
Unilever,Ayush
Unilever,Baba
Unilever,Baby Dove
Unilever,Badedas
Unilever,Badin
Unilever,Bagel Bagel
Unilever,Bailan
Unilever,Beseda
Unilever,Best Foods
Unilever,Biotex
Unilever,Block & Glow
Unilever,Blueair
Unilever,Boost
Unilever,Bovril
Unilever,Brilhante
Unilever,Brisk
Unilever,Brooke Bond
Unilever,Bru
Unilever,Brut
Unilever,Brylcreem
Unilever,Buavita
Unilever,Calvé
Unilever,Camay
Unilever,Chirat
Unilever,Cif
Unilever,Citra
Unilever,Clear
Unilever,Clinic
Unilever,Clinic Deodorant
Unilever,Close-Up
Unilever,Coccolino
Unilever,Colman's
Unilever,Comfort
Unilever,Conimex
Unilever,Continental
Unilever,Coral / Korall
Unilever,Cream Silk
Unilever,Dawn
Unilever,Deja
Unilever,Dermalogica
Unilever,Dero
Unilever,Dimension
Unilever,Domestos
Unilever,Dove
Unilever,Dove Men+Care
Unilever,Dove Nutritive Solutions
Unilever,Dove Spa
Unilever,Dr. Kaufmann
Unilever,Dusch Das
Unilever,Eskinol
Unilever,FDS
Unilever,Fanacoa
Unilever,Fissan
Unilever,Fluocaril
Unilever,Fruco
Unilever,Gessy
Unilever,Glenmark
Unilever,Globus
Unilever,Glow & Lovely
Unilever,Good Morning
Unilever,Graze
Unilever,Hazeline
Unilever,Hellmann's
Unilever,Hijab Fresh
Unilever,Horlicks
Unilever,Hourglass Cosmetics
Unilever,Indulekha
Unilever,Jawara
Unilever,Jif
Unilever,K18
Unilever,Kate Somerville Skincare
Unilever,Kecap Bango
Unilever,Kefli
Unilever,Kissan
Unilever,Klik
Unilever,Knorr
Unilever,Korea Glow
Unilever,Kuner
Unilever,Kystee
Unilever,Lady's Choice
Unilever,Lakmé cosmetics
Unilever,Lao Cai
Unilever,Lever 2000
Unilever,Lifebuoy
Unilever,Linic
Unilever,Lipton
Unilever,Liril
Unilever,Living Proof
Unilever,Love Beauty
Unilever,Lux
Unilever,Lysoform
Unilever,Maille
Unilever,Maizena
Unilever,Marmite
Unilever,Master
Unilever,Matey
Unilever,Melé
Unilever,Mentadent
Unilever,Minerva
Unilever,Mist
Unilever,Molto
Unilever,Mãe Terra
Unilever,Nameera
Unilever,Neutral
Unilever,Noxzema
Unilever,Nubian Herritage
Unilever,Nyakio
Unilever,Omo
Unilever,Organics
Unilever,Patit
Unilever,Paula's Choice
Unilever,Pears Transparent
Unilever,Pepsodent
Unilever,Persil
Unilever,Pfanni
Unilever,Pinuk
Unilever,Pond's
Unilever,Pond's Men
Unilever,Pot Noodle
Unilever,Pot Rice
Unilever,Prodent
Unilever,Pure Line
Unilever,Quix
Unilever,Radox
Unilever,Regenerate
Unilever,Rexona
Unilever,Rin
Unilever,Rinso
Unilever,Robertson's
Unilever,Robijn
Unilever,Royco
Unilever,SR
Unilever,Saga
Unilever,Sahaja
Unilever,Salsa Lizano
Unilever,SariWangi
Unilever,Sariwangi
Unilever,Schmidt's Naturals
Unilever,Sealtest
Unilever,Seventh Generation
Unilever,Shea Moisture
Unilever,Signal
Unilever,Simple
Unilever,Sir Kensington's
Unilever,Skip
Unilever,Slotts
Unilever,Snuggle
Unilever,St Ives
Unilever,Suave
Unilever,Sun
Unilever,Super Pell
Unilever,Surf
Unilever,Surf Excel
Unilever,T2 Ice
Unilever,TRESemmé
Unilever,Tatcha
Unilever,Telma
Unilever,Thermasilk
Unilever,Tholl
Unilever,Toni & Guy
Unilever,Tortex
Unilever,Turun sinappi
Unilever,Unilever Food Solutions
Unilever,Unox
Unilever,VO5
Unilever,Vaseline
Unilever,Via
Unilever,Vibrance
Unilever,Vim
Unilever,Vinólia
Unilever,Viso
Unilever,Vitakeratin
Unilever,Vixal
Unilever,Wheel
Unilever,White Beauty
Unilever,Wild
Unilever,Williams
Unilever,Wipol
Unilever,Xedex
Unilever,Zendium
Unilever,Zhonghua
Unilever,Zwitsal
Anheuser-Busch InBev,Green Valley Brewing Company
Anheuser-Busch InBev,Kona Brewing Company
Anheuser-Busch InBev,Michelob Bavarian Wheat
Anheuser-Busch InBev,Michelob Honey Lager
Anheuser-Busch InBev,Michelob Marzen
Anheuser-Busch InBev,Michelob Pale Ale
Anheuser-Busch InBev,Michelob Porter
Anheuser-Busch InBev,Michelob Pumpkin Spice Ale
Anheuser-Busch InBev,Michelob Winter's Bourbon Cask Ale
Anheuser-Busch InBev,Omission Beer
Anheuser-Busch InBev,Redbridge
Anheuser-Busch InBev,Square Mile Cider
Anheuser-Busch InBev,Tilt
Anheuser-Busch InBev,Ziegenbock
Anheuser-Busch InBev,blueberries
Tyson Foods,Dean Banks
Tyson Foods,Don Tyson
Tyson Foods,Donnie Smith
Tyson Foods,John H. Tyson
Tyson Foods,John W. Tyson
Tyson Foods,Leland Tollett
Tyson Foods,Noel White
Tyson Foods,Richard L. Bond
Tyson Foods,Tom Hayes
Tyson Foods,University of Arkansas at Little Rock
Nike,1964
Nike,1971
Nike,1978
Nike,1995
Nike,2005a
Nike,2006a
Nike,2007a
Nike,2008a
Nike,2009a
Nike,2010a
Nike,2011a
Nike,2012a
Nike,2013a
Nike,2014a
Nike,2015a
Nike,2016a
Nike,2017a
Nike,2018a
Nike,2019a
Nike,2020a
Nike,2021a
Nike,2022a
Nike,2023a
Nike,2024a
Nike,2025a
Nike,286a
Nike,Advertising
Nike,AllianceBernstein
Nike,Anti
Nike,Apparela
Nike,Asia Pacific & Latin Americaa
Nike,Biodegradable athletic footwear
Nike,BlackRock
Nike,Business ethics
Nike,Capital Research
Nike,Cashmere
Nike,Circular fashion
Nike,Clothing swap
Nike,Conversea
Nike,Corporatea
Nike,Cotton industry
Nike,Cotton recycling
Nike,Design
Nike,Ecological design
Nike,Ecological footprint
Nike,"Egan, Timothy"
Nike,Environment portal
Nike,Environmental design
Nike,Environmental impact design
Nike,Environmental record of Nike
Nike,Equipmenta
Nike,"Europe, Middle East and Africaa"
Nike,Fashion
Nike,Fashion portal
Nike,Fast fashion
Nike,Footweara
Nike,Fur farming
Nike,Fur trade
Nike,Geode Capital Management
Nike,Global Branda
Nike,Global trade of secondhand clothing
Nike,Globala
Nike,Greater Chinaa
Nike,Green marketing
Nike,Green textile
Nike,Impact investing
Nike,Industries
Nike,Knight Foundation
Nike,Laundry wastewater
Nike,Leather
Nike,Market
Nike,Microplastics
Nike,North Americaa
Nike,Organic cotton
Nike,Phil Knight
Nike,Procurement
Nike,Public interest design
Nike,Reconstructed clothing
Nike,RiverBlue
Nike,Slow fashion
Nike,Socially responsible investing
Nike,State Street Global Advisors
Nike,Sustainability of vintage fashion
Nike,Sustainable
Nike,Textile performance
Nike,Textile recycling
Nike,The True Cost
Nike,Transport
Nike,Trashion
Nike,Travis Knight
Nike,Vanguard
Nike,Vintage clothing
Nike,Wellington Management Company
Nike,Zero
Coca-Cola Company,Abbey Well
Coca-Cola Company,Acarbonated waterwith a wide array of variants: tonic
Coca-Cola Company,Ades
Coca-Cola Company,Alhambra
Coca-Cola Company,Ambasa
Coca-Cola Company,American
Coca-Cola Company,Ameyal
Coca-Cola Company,Amita
Coca-Cola Company,Andina Calcio
Coca-Cola Company,Andina Frut/Andifrut
Coca-Cola Company,Andina Nectar
Coca-Cola Company,AndinaHi C
Coca-Cola Company,Apollinaris
Coca-Cola Company,Appletiser
Coca-Cola Company,Aqua Shot
Coca-Cola Company,Aquactive
Coca-Cola Company,Aquana
Coca-Cola Company,Aquapure
Coca-Cola Company,Aquarius
Coca-Cola Company,Aquarius Spring
Coca-Cola Company,Aqvaris
Coca-Cola Company,Arwa
Coca-Cola Company,Avra
Coca-Cola Company,Ayataka green tea
Coca-Cola Company,Aybal
Coca-Cola Company,BPM Energy
Coca-Cola Company,BacardiMixers
Coca-Cola Company,Bankia
Coca-Cola Company,Barq's
Coca-Cola Company,Barq's Floatz
Coca-Cola Company,Barq's Red Crème Soda
Coca-Cola Company,Beat
Coca-Cola Company,Belté
Coca-Cola Company,Benedictino
Coca-Cola Company,Beverly
Coca-Cola Company,Bibo
Coca-Cola Company,Big Crush
Coca-Cola Company,Big Tai
Coca-Cola Company,Bimbo
Coca-Cola Company,Bimbo Break
Coca-Cola Company,Bird's Nest
Coca-Cola Company,Bistra
Coca-Cola Company,Bistrone
Coca-Cola Company,Bjäre
Coca-Cola Company,Black Cherry Vanilla Coca
Coca-Cola Company,BlackFire
Coca-Cola Company,Blue Sky
Coca-Cola Company,Boco
Coca-Cola Company,Bodyarmor SuperDrink
Coca-Cola Company,Bom Bit Maesil
Coca-Cola Company,BonAqua BonActive
Coca-Cola Company,Bonaqua/BonAqua/Bonaqa
Coca-Cola Company,BotaniQ
Coca-Cola Company,Brazzi
Coca-Cola Company,Bright And Early
Coca-Cola Company,Brisa
Coca-Cola Company,Burn
Coca-Cola Company,Cafe Zu
Coca-Cola Company,Caffeine Free Barq's
Coca-Cola Company,Caffeine Free Coca-Cola
Coca-Cola Company,Caffeine Free Diet Coke/Coca-Cola light
Coca-Cola Company,Caffeine Free New Coke
Coca-Cola Company,Cal King
Coca-Cola Company,Calypso
Coca-Cola Company,Canning's
Coca-Cola Company,Cappy
Coca-Cola Company,Capri
Coca-Cola Company,Caprice
Coca-Cola Company,Carioca
Coca-Cola Company,Carver's
Coca-Cola Company,Cascal
Coca-Cola Company,Cepita del valle
Coca-Cola Company,Chaho
Coca-Cola Company,Charrua
Coca-Cola Company,Chaudfontaine
Coca-Cola Company,Chaywa
Coca-Cola Company,Cheers
Coca-Cola Company,Cherry Coke
Coca-Cola Company,Chinotto
Coca-Cola Company,Chinotto light
Coca-Cola Company,Chippewa
Coca-Cola Company,Chivalry
Coca-Cola Company,Ciel
Coca-Cola Company,Ciel+
Coca-Cola Company,Citra
Coca-Cola Company,Club
Coca-Cola Company,Coca
Coca-Cola Company,Coca-Cola
Coca-Cola Company,Coca-Cola Black Cherry Vanilla
Coca-Cola Company,Coca-Cola BlāK
Coca-Cola Company,Coca-Cola California Raspberry
Coca-Cola Company,Coca-Cola Citra
Coca-Cola Company,Coca-Cola Clear
Coca-Cola Company,Coca-Cola Georgia Peach
Coca-Cola Company,Coca-Cola Life
Coca-Cola Company,Coca-Cola Move
Coca-Cola Company,Coca-Cola Orange
Coca-Cola Company,Coca-Cola Orange Vanilla
Coca-Cola Company,Coca-Cola Raspberry
Coca-Cola Company,Coca-Cola Starlight
Coca-Cola Company,Coca-Cola Stevia
Coca-Cola Company,Coca-Cola Stevia No Sugar
Coca-Cola Company,Coca-Cola Zero Sugar
Coca-Cola Company,Coca-Cola with Lime
Coca-Cola Company,Cocoteen
Coca-Cola Company,Costa Coffee
Coca-Cola Company,Cresta
Coca-Cola Company,Cristal
Coca-Cola Company,Crystal
Coca-Cola Company,Cumberland Gap
Coca-Cola Company,DANNON
Coca-Cola Company,DESCA
Coca-Cola Company,Daft Cola
Coca-Cola Company,Daizu no Susume
Coca-Cola Company,Dasani
Coca-Cola Company,Dasani Active
Coca-Cola Company,Dasani Balance
Coca-Cola Company,Dasani Flavors
Coca-Cola Company,Dasani Nutriwater
Coca-Cola Company,Dasani Plus
Coca-Cola Company,Dasani Sensations
Coca-Cola Company,Deep River Rock
Coca-Cola Company,Del Valle
Coca-Cola Company,Diet A&W
Coca-Cola Company,Diet Andina Frut/Andina Frutlight
Coca-Cola Company,Diet Andina Nectar/Andina Nectarlight
Coca-Cola Company,Diet Barq's
Coca-Cola Company,Diet Cherry Coke
Coca-Cola Company,Diet Coke
Coca-Cola Company,Diet Coke Black Cherry Vanilla
Coca-Cola Company,Diet Coke Citra/Coca-Cola light Citra
Coca-Cola Company,Diet Coke Plus
Coca-Cola Company,Diet Coke Sweetened with Splenda
Coca-Cola Company,Diet Coke/Coke Light
Coca-Cola Company,Diet Crush
Coca-Cola Company,Diet Dr. Pepper
Coca-Cola Company,Diet Fanta/Fanta
Coca-Cola Company,Diet Freskyta
Coca-Cola Company,Diet Inca Kola
Coca-Cola Company,Diet Kia Ora
Coca-Cola Company,Diet Krest
Coca-Cola Company,Diet Lift/Lift
Coca-Cola Company,Diet Lilt/Lilt Zero
Coca-Cola Company,Diet Master Pour
Coca-Cola Company,Diet Mello Yello
Coca-Cola Company,Diet Nestea/Nestea
Coca-Cola Company,Diet Oasis
Coca-Cola Company,Diet Quatro/Quatro
Coca-Cola Company,Diet Sarsi
Coca-Cola Company,Diet Schweppes
Coca-Cola Company,Diet Seagrams
Coca-Cola Company,Diet Sport
Coca-Cola Company,Diet Sprite/Sprite
Coca-Cola Company,Diet Squirt
Coca-Cola Company,Diet Tai/Tai
Coca-Cola Company,Diet Vanilla Coke
Coca-Cola Company,Diva
Coca-Cola Company,Dobry
Coca-Cola Company,Dorna
Coca-Cola Company,Doğazen
Coca-Cola Company,Dr. Pepper
Coca-Cola Company,Dr. Pepper Zero Sugar
Coca-Cola Company,Drim
Coca-Cola Company,Dunkin' Donuts
Coca-Cola Company,Dunkin' Donuts Shot In The Dark
Coca-Cola Company,Earth & Sky
Coca-Cola Company,Eight O'Clock
Coca-Cola Company,Eight O'Clock Funchum
Coca-Cola Company,El Rayek
Coca-Cola Company,Elephant Available
Coca-Cola Company,Emotion
Coca-Cola Company,Enviga
Coca-Cola Company,Escuis
Coca-Cola Company,Escuis light
Coca-Cola Company,Eva Water
Coca-Cola Company,Fairlife
Coca-Cola Company,Fanta
Coca-Cola Company,Fanta J-Lemon
Coca-Cola Company,Fanta J-Melon
Coca-Cola Company,Fanta Lactic
Coca-Cola Company,Fanta Shokata
Coca-Cola Company,Far Coast
Coca-Cola Company,Fernandes
Coca-Cola Company,Finley
Coca-Cola Company,Fioravanti
Coca-Cola Company,Five Alive
Coca-Cola Company,Fizz
Coca-Cola Company,Flavor Rage
Coca-Cola Company,Floatz
Coca-Cola Company,Fontana
Coca-Cola Company,Fraser & Neave
Coca-Cola Company,Freezits
Coca-Cola Company,Fresca
Coca-Cola Company,Fresca 1
Coca-Cola Company,Frescolita
Coca-Cola Company,Freskyta
Coca-Cola Company,Fresquinha
Coca-Cola Company,Fress
Coca-Cola Company,Frestea
Coca-Cola Company,Fria
Coca-Cola Company,Frisco
Coca-Cola Company,Frucci
Coca-Cola Company,Frugos
Coca-Cola Company,Frugos Fresh
Coca-Cola Company,Fruita
Coca-Cola Company,Fruitia
Coca-Cola Company,Fruitlabo
Coca-Cola Company,Fruitopia
Coca-Cola Company,Fruitopia Freeze
Coca-Cola Company,Fruitopia Tea
Coca-Cola Company,Fruktime
Coca-Cola Company,Frutee
Coca-Cola Company,Frutina
Coca-Cola Company,Frutonic
Coca-Cola Company,Full Throttle
Coca-Cola Company,Full Throttle Blue Demon
Coca-Cola Company,Full Throttle Coffee
Coca-Cola Company,Full Throttle Sugar Free
Coca-Cola Company,Fuze Beverage
Coca-Cola Company,Fuzetea
Coca-Cola Company,Genki No Moto
Coca-Cola Company,Georgia
Coca-Cola Company,Georgia Cafe
Coca-Cola Company,Georgia Club
Coca-Cola Company,Georgia Gold
Coca-Cola Company,Gini
Coca-Cola Company,Glacéau
Coca-Cola Company,Glacéau Fruitwater
Coca-Cola Company,Glacéau Vitaminenergy
Coca-Cola Company,Glacéau Vitaminwater
Coca-Cola Company,Gladiator
Coca-Cola Company,Godiva Belgian Blends
Coca-Cola Company,Gold Peak Tea
Coca-Cola Company,Gold Spot
Coca-Cola Company,Golden Crush
Coca-Cola Company,Goulburn Valley
Coca-Cola Company,Grapette
Coca-Cola Company,Groovy
Coca-Cola Company,Guaraná Jesus
Coca-Cola Company,Guaraná Kuat
Coca-Cola Company,Guaraná Kuat Zero
Coca-Cola Company,H2OK
Coca-Cola Company,Hajime
Coca-Cola Company,Hansen's
Coca-Cola Company,Happy Valley
Coca-Cola Company,Haru Green Tea
Coca-Cola Company,Haru no Mint Shukan
Coca-Cola Company,Hawai
Coca-Cola Company,Healthworks
Coca-Cola Company,Hero
Coca-Cola Company,Hi Spot
Coca-Cola Company,Hi-C
Coca-Cola Company,Hi-C Tea
Coca-Cola Company,Hires
Coca-Cola Company,Hit
Coca-Cola Company,Honest Tea
Coca-Cola Company,Horizon
Coca-Cola Company,Hot Point
Coca-Cola Company,Huang
Coca-Cola Company,Hubert's
Coca-Cola Company,Ice Dew
Coca-Cola Company,Ice mountain
Coca-Cola Company,Ikon
Coca-Cola Company,Inca Kola
Coca-Cola Company,Innocent Drinks
Coca-Cola Company,Ipsei
Coca-Cola Company,Iron Brew
Coca-Cola Company,Izvorul Alb
Coca-Cola Company,Jaz Cola
Coca-Cola Company,Jericho
Coca-Cola Company,Jet Tonic
Coca-Cola Company,Jinmeile
Coca-Cola Company,Jolly Juice
Coca-Cola Company,Joy
Coca-Cola Company,Joya
Coca-Cola Company,Jozuni Yasai
Coca-Cola Company,Jurassic Well
Coca-Cola Company,Just Juice
Coca-Cola Company,Juta
Coca-Cola Company,KMX
Coca-Cola Company,Kapo Axion
Coca-Cola Company,Kapo Super Power
Coca-Cola Company,Keri
Coca-Cola Company,Keringet Mineral
Coca-Cola Company,Kevin Harris
Coca-Cola Company,Kia
Coca-Cola Company,Kidsfruitz
Coca-Cola Company,Kilimanjaro
Coca-Cola Company,Kin
Coca-Cola Company,Kin Cider
Coca-Cola Company,Kin Light
Coca-Cola Company,Kinley
Coca-Cola Company,KisT
Coca-Cola Company,Kiwi Blue
Coca-Cola Company,Kochakaden
Coca-Cola Company,Kola Inglesa
Coca-Cola Company,Koumi Soukai
Coca-Cola Company,Krest
Coca-Cola Company,Kristal Water
Coca-Cola Company,Kropla Beskidu
Coca-Cola Company,Kuat
Coca-Cola Company,Kuat Light
Coca-Cola Company,Kuli
Coca-Cola Company,Kyun
Coca-Cola Company,Leed
Coca-Cola Company,Lemon & Paeroa
Coca-Cola Company,Lift
Coca-Cola Company,Lift Plus
Coca-Cola Company,Lift plus
Coca-Cola Company,Lilia
Coca-Cola Company,Lilt
Coca-Cola Company,Limca
Coca-Cola Company,Limelite
Coca-Cola Company,Limonade
Coca-Cola Company,Linnuse
Coca-Cola Company,Lion
Coca-Cola Company,Love Body
Coca-Cola Company,Maaza
Coca-Cola Company,Mad River
Coca-Cola Company,Magnolia
Coca-Cola Company,Magnolia Funch
Coca-Cola Company,Magnolia Zip
Coca-Cola Company,Malvern Water
Coca-Cola Company,Manantial
Coca-Cola Company,Manzana Lift
Coca-Cola Company,Manzana Mia
Coca-Cola Company,Mare Rosso
Coca-Cola Company,Marocha Chaba
Coca-Cola Company,Master Chill
Coca-Cola Company,Master Pour
Coca-Cola Company,Matusov Pramen
Coca-Cola Company,Mazoe
Coca-Cola Company,Meijin
Coca-Cola Company,Mello
Coca-Cola Company,Mello Yello
Coca-Cola Company,Mello Yello Zero
Coca-Cola Company,Mer
Coca-Cola Company,Mezzo Mix
Coca-Cola Company,Miami
Coca-Cola Company,Mickey & Friends
Coca-Cola Company,Mickey Mouse
Coca-Cola Company,Mickey's Adventures
Coca-Cola Company,Migoro
Coca-Cola Company,Minaqua
Coca-Cola Company,Minute Maid
Coca-Cola Company,Minute Maid Active
Coca-Cola Company,Minute Maid AntiOx
Coca-Cola Company,Minute Maid Clásicos
Coca-Cola Company,Minute Maid Coolers
Coca-Cola Company,Minute Maid Deli
Coca-Cola Company,Minute Maid Duofrutas
Coca-Cola Company,Minute Maid Fresh
Coca-Cola Company,Minute Maid Fruit Plus
Coca-Cola Company,Minute Maid Heart Wise
Coca-Cola Company,Minute Maid Hi-C
Coca-Cola Company,Minute Maid Juice Box
Coca-Cola Company,Minute Maid Juice To Go
Coca-Cola Company,Minute Maid Just 10
Coca-Cola Company,Minute Maid Lemonades and Fruit Drinks
Coca-Cola Company,Minute Maid Light
Coca-Cola Company,Minute Maid Limón&Nada
Coca-Cola Company,Minute Maid Mais
Coca-Cola Company,Minute Maid Multi-Vitamin
Coca-Cola Company,Minute Maid Nutri+
Coca-Cola Company,Minute Maid Premium
Coca-Cola Company,Minute Maid Premium Lemonades and Punches
Coca-Cola Company,Minute Maid Premium Orange Juice and Premium Blends
Coca-Cola Company,Minute Maid Pulpy Orange
Coca-Cola Company,Minute Maid Selección
Coca-Cola Company,Minute Maid Soft Drink
Coca-Cola Company,Minute Maid SojaPlus
Coca-Cola Company,Minute Maid Splash
Coca-Cola Company,Mireille
Coca-Cola Company,Mone
Coca-Cola Company,Monsoon
Coca-Cola Company,Montefiore
Coca-Cola Company,Mori No Mizudayori
Coca-Cola Company,Morning Deli
Coca-Cola Company,Mother
Coca-Cola Company,Mount Franklin
Coca-Cola Company,Mountain Creed
Coca-Cola Company,Mountain Creed Zero Sugar
Coca-Cola Company,Moxie
Coca-Cola Company,Moya semya
Coca-Cola Company,Mr Pibb
Coca-Cola Company,Multiva
Coca-Cola Company,Multivita
Coca-Cola Company,NOS
Coca-Cola Company,Nada
Coca-Cola Company,Nagomi
Coca-Cola Company,Nalu
Coca-Cola Company,Namthip
Coca-Cola Company,Nanairo Acha
Coca-Cola Company,Nativa
Coca-Cola Company,Naturaqua
Coca-Cola Company,Nature's Own
Coca-Cola Company,NeXstep
Coca-Cola Company,Nectar Andina
Coca-Cola Company,Nectarin
Coca-Cola Company,Neptūnas
Coca-Cola Company,Nevada
Coca-Cola Company,Neverfail
Coca-Cola Company,New Coke
Coca-Cola Company,Next
Coca-Cola Company,Nico's Brassness
Coca-Cola Company,Nordic Mist
Coca-Cola Company,Nusta
Coca-Cola Company,Nutri Boost
Coca-Cola Company,OK Soda
Coca-Cola Company,OOHA
Coca-Cola Company,Oasis
Coca-Cola Company,Odwalla
Coca-Cola Company,Old Colony
Coca-Cola Company,Olimpija
Coca-Cola Company,Oreo Coke
Coca-Cola Company,Paani
Coca-Cola Company,Pacific Orchard
Coca-Cola Company,Pampa
Coca-Cola Company,Pams
Coca-Cola Company,Pearona
Coca-Cola Company,Peats Ridge Springs
Coca-Cola Company,Pepe Rico
Coca-Cola Company,Pibb Xtra
Coca-Cola Company,Pibb Zero
Coca-Cola Company,Piko
Coca-Cola Company,Pilskalna
Coca-Cola Company,Planet Java
Coca-Cola Company,Play
Coca-Cola Company,Pocarrot
Coca-Cola Company,Pocket Dr
Coca-Cola Company,Poiana Negri
Coca-Cola Company,Poms
Coca-Cola Company,Ponkana
Coca-Cola Company,Pop Cola
Coca-Cola Company,Portello
Coca-Cola Company,Powerade
Coca-Cola Company,Powerade Option
Coca-Cola Company,Powerade Zero
Coca-Cola Company,Powerade alive
Coca-Cola Company,Powerade light
Coca-Cola Company,Powerplay
Coca-Cola Company,Pulp Ananas
Coca-Cola Company,Pump
Coca-Cola Company,Qoo
Coca-Cola Company,Quatro
Coca-Cola Company,Quwat Jabal
Coca-Cola Company,Ramblin' Root Beer
Coca-Cola Company,Rani juice
Coca-Cola Company,Raspberry Coke
Coca-Cola Company,Ready to Brew
Coca-Cola Company,Real
Coca-Cola Company,Real Gold
Coca-Cola Company,Red Flash
Coca-Cola Company,Red Lion
Coca-Cola Company,Refresh Tea
Coca-Cola Company,Relentless
Coca-Cola Company,Rich
Coca-Cola Company,Richy
Coca-Cola Company,RimZim
Coca-Cola Company,Rio Gold
Coca-Cola Company,Ripe N Ready
Coca-Cola Company,Risco
Coca-Cola Company,Riwa
Coca-Cola Company,Robinson Brothers
Coca-Cola Company,Rosa
Coca-Cola Company,Rosalta
Coca-Cola Company,Roses
Coca-Cola Company,Royal Club Shandy
Coca-Cola Company,Royal Tru
Coca-Cola Company,Römerquelle
Coca-Cola Company,Safia
Coca-Cola Company,Samantha
Coca-Cola Company,Samurai
Coca-Cola Company,San Luis
Coca-Cola Company,San Sao
Coca-Cola Company,Santiba
Coca-Cola Company,Santolin
Coca-Cola Company,Sarsi
Coca-Cola Company,Saryusaisai
Coca-Cola Company,SchiBe Balls
Coca-Cola Company,Schweppes
Coca-Cola Company,Scorpion
Coca-Cola Company,Seagram's
Coca-Cola Company,Seasons
Coca-Cola Company,Seltz
Coca-Cola Company,Sensation
Coca-Cola Company,Sensun
Coca-Cola Company,Senzao
Coca-Cola Company,Shichifukuzen
Coca-Cola Company,Shizen Plus
Coca-Cola Company,Shock
Coca-Cola Company,Signature
Coca-Cola Company,Sim
Coca-Cola Company,Simba
Coca-Cola Company,Simply Apple
Coca-Cola Company,Simply Lemonade
Coca-Cola Company,Simply Limeade
Coca-Cola Company,Simply Orange
Coca-Cola Company,Simply Pop
Coca-Cola Company,Sintonia
Coca-Cola Company,Sky Cola
Coca-Cola Company,Slap
Coca-Cola Company,Smart
Coca-Cola Company,Smart Water
Coca-Cola Company,Sobo
Coca-Cola Company,Sodafruit Caprice Oranges
Coca-Cola Company,Sokenbicha
Coca-Cola Company,Sonfil
Coca-Cola Company,Soonsoo 100
Coca-Cola Company,Southern Sun
Coca-Cola Company,Sparkle
Coca-Cola Company,Sparkling Yogurt
Coca-Cola Company,Sparletta
Coca-Cola Company,Splash
Coca-Cola Company,Splice
Coca-Cola Company,Sport Cola
Coca-Cola Company,Sport Plus
Coca-Cola Company,Spring! by Dannon
Coca-Cola Company,Spring! by Dannon Fluoride to Go
Coca-Cola Company,Sprite
Coca-Cola Company,Sprite 3G
Coca-Cola Company,Sprite Cranberry
Coca-Cola Company,Sprite Ice
Coca-Cola Company,Sprite Light
Coca-Cola Company,Sprite Remix
Coca-Cola Company,Sprite Zero
Coca-Cola Company,Spur
Coca-Cola Company,Squirt
Coca-Cola Company,Sri Lanka
Coca-Cola Company,Stoney Ginger Beer
Coca-Cola Company,Sugar Free Full Throttle
Coca-Cola Company,Sun Valley
Coca-Cola Company,Sunfill
Coca-Cola Company,Sunfilled & Fruit Tree
Coca-Cola Company,Supa
Coca-Cola Company,Superkools
Coca-Cola Company,Supper Cola
Coca-Cola Company,Svali
Coca-Cola Company,Sweecha
Coca-Cola Company,Swerve
Coca-Cola Company,TADAS
Coca-Cola Company,Tab Energy
Coca-Cola Company,Tab x
Coca-Cola Company,Tahitian Treat
Coca-Cola Company,Tai
Coca-Cola Company,Tanora
Coca-Cola Company,Tarumi
Coca-Cola Company,Tavern
Coca-Cola Company,Tea World Collection
Coca-Cola Company,Tepelene
Coca-Cola Company,The Kearnels Homebrew
Coca-Cola Company,The Spirit
Coca-Cola Company,The Tea
Coca-Cola Company,The Wellness
Coca-Cola Company,Thextons
Coca-Cola Company,This Water
Coca-Cola Company,Thums Up
Coca-Cola Company,Thunder
Coca-Cola Company,Tian Tey
Coca-Cola Company,Tian Yu Di/Heaven and Earth
Coca-Cola Company,Tiky
Coca-Cola Company,Top
Coca-Cola Company,Top's
Coca-Cola Company,Topo Chico
Coca-Cola Company,Toppur
Coca-Cola Company,Tropical
Coca-Cola Company,Tropico
Coca-Cola Company,Trópí
Coca-Cola Company,Tuborg Squash
Coca-Cola Company,Turkuaz
Coca-Cola Company,Twist
Coca-Cola Company,Ultra Energy
Coca-Cola Company,Urge
Coca-Cola Company,Urun
Coca-Cola Company,Valle
Coca-Cola Company,Valpre
Coca-Cola Company,Valser
Coca-Cola Company,Vanilla Coke
Coca-Cola Company,VegitaBeta
Coca-Cola Company,ViO
Coca-Cola Company,Vica
Coca-Cola Company,Victoria
Coca-Cola Company,Vita
Coca-Cola Company,Vital
Coca-Cola Company,Vital O
Coca-Cola Company,Vitamin Water
Coca-Cola Company,Vitingo
Coca-Cola Company,Viva/Viva!
Coca-Cola Company,Vlasinska Rosa
Coca-Cola Company,Water Salad
Coca-Cola Company,Wilkins
Coca-Cola Company,Wink
Coca-Cola Company,Winnie the Pooh Junior Juice
Coca-Cola Company,Yang Guang
Coca-Cola Company,Yang Guang Juicy T
Coca-Cola Company,Yoli
Coca-Cola Company,Youki
Coca-Cola Company,Yumi
Coca-Cola Company,aquaBona
Coca-Cola Company,aquasavana
Coca-Cola Company,glacéau smartwater
Coca-Cola Company,i Lohas
Coca-Cola Company,"“Kruzhka i Bochka"" kvass"
L'Oréal,AcneFree
L'Oréal,Aditi Rao Hydari
L'Oréal,Aesop
L'Oréal,Aishwarya Rai
L'Oréal,Aja Naomi King
L'Oréal,Alia Bhatt
L'Oréal,Amber Heard
L'Oréal,Ambi
L'Oréal,Andie MacDowell
L'Oréal,Anushka Sharma
L'Oréal,Assetsa
L'Oréal,Bettencourt
L'Oréal,Biotherm
L'Oréal,Blake Lively
L'Oréal,Camila Cabello
L'Oréal,Carol's Daughter
L'Oréal,Cindy Bruna
L'Oréal,Cody Simpson
L'Oréal,Cosmair
L'Oréal,Céline Dion
L'Oréal,Dermablend
L'Oréal,Diesel
L'Oréal,Duckie Thot
L'Oréal,Elle Fanning
L'Oréal,Employeesa
L'Oréal,Essie
L'Oréal,Eva Longoria
L'Oréal,Garnier
L'Oréal,H.E.R
L'Oréal,Helen Mirren
L'Oréal,Helena Rubinstein
L'Oréal,Jaha Dukureh
L'Oréal,Kate Winslet
L'Oréal,Kendall Jenner
L'Oréal,Kiehl's
L'Oréal,Kérastase
L'Oréal,L'ORÉAL Deutschland GmbH
L'Oréal,L'Oréal Australia
L'Oréal,L'Oréal Canada Incorporated
L'Oréal,L'Oréal Nordic
L'Oréal,L'Oréal Paris
L'Oréal,La Provençale
L'Oréal,La Roche
L'Oréal,Laetitia Casta
L'Oréal,Lancôme
L'Oréal,Logocos
L'Oréal,Luma Grothe
L'Oréal,MUGLER
L'Oréal,Mary Fowler
L'Oréal,Maybelline
L'Oréal,Mixa
L'Oréal,NYX Cosmetics
L'Oréal,Net Incomea
L'Oréal,Prada
L'Oréal,Proenza Schouler
L'Oréal,Ralph Lauren Fragrances
L'Oréal,Redken
L'Oréal,Revenuea
L'Oréal,Sanoflore
L'Oréal,Shu Uemura
L'Oréal,Simone Ashley
L'Oréal,Skinbetter Science
L'Oréal,Skinceuticals
L'Oréal,Soo Joo
L'Oréal,Temi Otedola
L'Oréal,Thuso Mbedu
L'Oréal,Urban Decay
L'Oréal,Valentino Beauty
L'Oréal,Vichy's Vichy
L'Oréal,Viktor & Rolf
L'Oréal,Viola Davis
L'Oréal,Yseult
L'Oréal,Yves Saint Laurent Beauté
Heineken Holding N.V.,1a
Heineken Holding N.V.,2018a
Heineken Holding N.V.,2019a
Heineken Holding N.V.,2020a
Heineken Holding N.V.,2021a
Heineken Holding N.V.,2022a
Heineken Holding N.V.,2023a
Heineken Holding N.V.,2024a
Heineken Holding N.V.,2a
Heineken Holding N.V.,Africa and Middle Easta
Heineken Holding N.V.,"Al Ahram Beverages Company, Egypt"
Heineken Holding N.V.,Alken
Heineken Holding N.V.,Americasa
Heineken Holding N.V.,Amstel Jordan Brewery
Heineken Holding N.V.,Asia Pacifica
Heineken Holding N.V.,Athenian Brewery
Heineken Holding N.V.,"Bedele Brewery, Ethiopia"
Heineken Holding N.V.,Bralima Brewery
Heineken Holding N.V.,Bralirwa Brewery
Heineken Holding N.V.,"Bram Westenbrink, Chief Commercial Officer"
Heineken Holding N.V.,Brarudi Brewery
Heineken Holding N.V.,"Brasserie Almaza, Lebanon"
Heineken Holding N.V.,Brasserie Nationale
Heineken Holding N.V.,Brasserie PelforthinMons
Heineken Holding N.V.,Brasseries de Bourbon
Heineken Holding N.V.,"Brasseries du Maroc, Morocco"
Heineken Holding N.V.,Brau Union Österreich in Austria
Heineken Holding N.V.,Calanda Bräu
Heineken Holding N.V.,Cambodia Brewery Ltd
Heineken Holding N.V.,Central de Cervejas
Heineken Holding N.V.,Cervecerías Barú
Heineken Holding N.V.,Commonwealth Brewery
Heineken Holding N.V.,"Consolidated Breweries, Nigeria"
Heineken Holding N.V.,Cuauhtémoc Moctezuma Brewery
Heineken Holding N.V.,DB Breweries
Heineken Holding N.V.,Desnoes & Geddes
Heineken Holding N.V.,Distel
Heineken Holding N.V.,"Dolf van den Brink, Chairman Executive Board/CEO"
Heineken Holding N.V.,Europea
Heineken Holding N.V.,"Glenn Caton, President Europe"
Heineken Holding N.V.,"Groupe Castel Algérie, Algeria"
Heineken Holding N.V.,Guangzhou Asia Pacific Brewery in China
Heineken Holding N.V.,H. P. Bulmer
Heineken Holding N.V.,Hainan Asia Pacific Brewery Company Ltd in China
Heineken Holding N.V.,Harar Brewery
Heineken Holding N.V.,"Harold van der Broek, Member Executive Board/CFO"
Heineken Holding N.V.,Heineken Asia Pacific
Heineken Holding N.V.,Heineken Brasil
Heineken Holding N.V.,Heineken España
Heineken Holding N.V.,Heineken France:Brasserie
Heineken Holding N.V.,Heineken Hanoi Brewery Co Ltd in Vietnam
Heineken Holding N.V.,Heineken Hungária
Heineken Holding N.V.,Heineken Ireland
Heineken Holding N.V.,Heineken Italia
Heineken Holding N.V.,"Heineken Kilinto Brewery, Ethiopia"
Heineken Holding N.V.,Heineken Lanka
Heineken Holding N.V.,Heineken Lao Brewery
Heineken Holding N.V.,Heineken Malaysia
Heineken Holding N.V.,Heineken Nederland
Heineken Holding N.V.,Heineken Romania
Heineken Holding N.V.,Heineken Slovensko
Heineken Holding N.V.,Heineken Srbija
Heineken Holding N.V.,Heineken Switzerland
Heineken Holding N.V.,Heineken Vietnam Brewery Co Ltd in Vietnam
Heineken Holding N.V.,"Jacco van der Linden, President Asia Pacific"
Heineken Holding N.V.,"Joanna Price, Chief Corporate Affairs Officer"
Heineken Holding N.V.,John Smith's
Heineken Holding N.V.,Karlovačka pivovara
Heineken Holding N.V.,Lagunitas Brewing Company
Heineken Holding N.V.,"Magne Setnes, Chief Supply Chain Officer"
Heineken Holding N.V.,Manchester
Heineken Holding N.V.,"Marc Busain, President Americas"
Heineken Holding N.V.,Marseille
Heineken Holding N.V.,Multi Bintang Indonesia
Heineken Holding N.V.,Namibia Breweries
Heineken Holding N.V.,Nigerian Breweries
Heineken Holding N.V.,Pivovarna Laško Union in Slovenia
Heineken Holding N.V.,"Ronald den Elze, Chief Digital & Technology Officer"
Heineken Holding N.V.,Schiltigheim
Heineken Holding N.V.,"Sedibeng Brewery, South Africa"
Heineken Holding N.V.,Shanghai Mila Brewery
Heineken Holding N.V.,Sierra Leone Brewery Limited
Heineken Holding N.V.,"Société nouvelles des Brasseries SONOBRA, Tunisia"
Heineken Holding N.V.,South Pacific BreweryLtd
Heineken Holding N.V.,Starobrno Brewery
Heineken Holding N.V.,Surinaamse Brouwerij
Heineken Holding N.V.,"Tango Brewery, Algeria"
Heineken Holding N.V.,Thai Asia Pacific Brewery in Thailand
Heineken Holding N.V.,Totala
Heineken Holding N.V.,United Breweries Ltd
Heineken Holding N.V.,Windward & Leeward Brewery in Saint Lucia
Heineken Holding N.V.,"Yolanda Talamo, Chief People Officer"
Heineken Holding N.V.,Zagorka Brewery
Heineken Holding N.V.,Żywiec Brewery
Imperial Tobacco Group,A packet of Drum tobacco
Imperial Tobacco Group,"Alford, Bernard William Ernest"
Imperial Tobacco Group,AllJapan Tobaccoproducts
Imperial Tobacco Group,Backwoods Smokes
Imperial Tobacco Group,Bali Shag
Imperial Tobacco Group,Bastos
Imperial Tobacco Group,Brandon's
Imperial Tobacco Group,Capstan
Imperial Tobacco Group,Carlton
Imperial Tobacco Group,Champion Legendary
Imperial Tobacco Group,"Cox, Howard"
Imperial Tobacco Group,Crowns
Imperial Tobacco Group,Davidoff
Imperial Tobacco Group,Drum
Imperial Tobacco Group,Ducados
Imperial Tobacco Group,Dutch Masters
Imperial Tobacco Group,Embassy
Imperial Tobacco Group,Escort
Imperial Tobacco Group,Excellence
Imperial Tobacco Group,Fortuna
Imperial Tobacco Group,Fortuna cigarettes packet
Imperial Tobacco Group,Gauloises
Imperial Tobacco Group,Gitanes
Imperial Tobacco Group,Golden Virginia
Imperial Tobacco Group,Horizon
Imperial Tobacco Group,John Player
Imperial Tobacco Group,John Player Best
Imperial Tobacco Group,Kool
Imperial Tobacco Group,Lambert & Butler
Imperial Tobacco Group,Mark Fernyhough
Imperial Tobacco Group,Maverick
Imperial Tobacco Group,Moon
Imperial Tobacco Group,North Macedonia
Imperial Tobacco Group,Packets of Gauloises Blondes cigarettes
Imperial Tobacco Group,Parker & Simpson
Imperial Tobacco Group,Peter Stuyvesant
Imperial Tobacco Group,Players Gold Leaf
Imperial Tobacco Group,Prima
Imperial Tobacco Group,Pulze and iD
Imperial Tobacco Group,R1
Imperial Tobacco Group,Regal
Imperial Tobacco Group,Richmond
Imperial Tobacco Group,RizLa+
Imperial Tobacco Group,Rizla+ King Size Silver Slims
Imperial Tobacco Group,Route 66
Imperial Tobacco Group,Royale
Imperial Tobacco Group,Salem
Imperial Tobacco Group,Skruf Snus
Imperial Tobacco Group,Skruf snus
Imperial Tobacco Group,Superkings
Imperial Tobacco Group,Tally
Imperial Tobacco Group,USA Gold
Imperial Tobacco Group,Van Nelle
Imperial Tobacco Group,West
Imperial Tobacco Group,White Ox
Imperial Tobacco Group,Winston
Imperial Tobacco Group,Woodbine
Imperial Tobacco Group,ZoneX
Imperial Tobacco Group,blu
Haier Smart Home Co. Ltd.,NO_DATA
Mondelez International,5 Star
Mondelez International,7DAYS
Mondelez International,Alpen Gold
Mondelez International,Altoidsa
Mondelez International,Barny
Mondelez International,Belvita
Mondelez International,Bird's Custarda
Mondelez International,Bird's Eyea
Mondelez International,Bobolia
Mondelez International,Bournvita
Mondelez International,Breyersa
Mondelez International,Budget Gourmeta
Mondelez International,Cadbury
Mondelez International,Cadbury Dairy Milk
Mondelez International,California Pizza Kitchena
Mondelez International,Caramel and marshmallow businessa
Mondelez International,Celestial Seasoningsa
Mondelez International,Cheddariea
Mondelez International,Cheese Pota
Mondelez International,Chiffona
Mondelez International,Chips Ahoy!
Mondelez International,Clif
Mondelez International,Clorets
Mondelez International,Club Social
Mondelez International,Cracker Barrela
Mondelez International,Cream of WheatCream of Ricea
Mondelez International,Côte d'Or
Mondelez International,Daim
Mondelez International,Dairylea
Mondelez International,Del Montea
Mondelez International,DiGiornoa
Mondelez International,Easy Cheese
Mondelez International,Eden
Mondelez International,Enjoy Life Foods
Mondelez International,Entenmann'sa
Mondelez International,Farley's & Sathersa
Mondelez International,Field
Mondelez International,Fontaneda
Mondelez International,Free Choicea
Mondelez International,Freia
Mondelez International,Freihofersa
Mondelez International,Fruit2Oa
Mondelez International,Frusen Gladjea
Mondelez International,Golden Crowna
Mondelez International,Grenade
Mondelez International,Halls
Mondelez International,Honey Maid
Mondelez International,Hu
Mondelez International,Jacob's
Mondelez International,Kinh Do
Mondelez International,Kooglea
Mondelez International,Kraft Eating Righta
Mondelez International,Kraft Foods/Mondelez Branda
Mondelez International,Kraft Foodservicea
Mondelez International,Kraft Rameka
Mondelez International,Kraft Sausage Rollsa
Mondelez International,LU
Mondelez International,Lacta
Mondelez International,Lender'sa
Mondelez International,Life Saversa
Mondelez International,Light N' Livelya
Mondelez International,Marabou
Mondelez International,Maynards Bassetts
Mondelez International,Mikado
Mondelez International,Milk-Bonea
Mondelez International,Milka
Mondelez International,Minute Ricea
Mondelez International,Nussbeisser
Mondelez International,Nutter Butter
Mondelez International,Oreo
Mondelez International,Oroweata
Mondelez International,Parkaya
Mondelez International,Perfect Snacks
Mondelez International,Philadelphia Cream Cheese
Mondelez International,Philadelphia To Go Bagel & Cream Cheese
Mondelez International,Planters
Mondelez International,Post Cerealsa
Mondelez International,Postuma
Mondelez International,Prince
Mondelez International,Prince Polo
Mondelez International,Ricolino
Mondelez International,Ritz
Mondelez International,Rondelea
Mondelez International,Royal
Mondelez International,Royal Lunch Milk Crackersa
Mondelez International,Sealtesta
Mondelez International,Shredded Wheata
Mondelez International,Sorbeticos
Mondelez International,Sour Patch Kids
Mondelez International,South Beach Livinga
Mondelez International,Specialty oils businessa
Mondelez International,Spreaderya
Mondelez International,Stella D'oroa
Mondelez International,Stove Top Oven Classicsa
Mondelez International,Stride
Mondelez International,Swedish Fish
Mondelez International,TUC
Mondelez International,Tang
Mondelez International,Tate's Bake Shop
Mondelez International,Teddy Grahams
Mondelez International,Terrabusi
Mondelez International,Tiger
Mondelez International,Toblerone
Mondelez International,Tombstonea
Mondelez International,Touch of Buttera
Mondelez International,Trakinas
Mondelez International,Triscuit
Mondelez International,Trolli U.S.a
Mondelez International,Twisties
Mondelez International,Uneeda Biscuitsa
Mondelez International,Vegemitea
Mondelez International,Velveetaa
Mondelez International,Veryfinea
Mondelez International,Vitalitea
Mondelez International,Vizzolinia
Mondelez International,Wheat Thins
Philip Morris International,2008a
Philip Morris International,2009a
Philip Morris International,2010a
Philip Morris International,2011a
Philip Morris International,2012a
Philip Morris International,2013a
Philip Morris International,2014a
Philip Morris International,2015a
Philip Morris International,2016a
Philip Morris International,2017a
Philip Morris International,2018a
Philip Morris International,2019a
Philip Morris International,2020a
Philip Morris International,2021a
Philip Morris International,2022a
Philip Morris International,2023a
Philip Morris International,2024a
Philip Morris International,André Calantzopoulos
Philip Morris International,Bonin Bough
Philip Morris International,Dessi Temperley
Philip Morris International,Jacek Olczak
Philip Morris International,Kalpana Morparia
Philip Morris International,L&M was launched by Liggett & Myers in 1953
Philip Morris International,Lisa Hook
Philip Morris International,Marlboro was launched in 1924 and is the world’s best
Philip Morris International,Michel Combes
Philip Morris International,Parliament was launched in 1931 and was the first major
Philip Morris International,Robert B. Polet
Philip Morris International,Shlomo Yanai
Philip Morris International,Victoria Harker
Philip Morris International,Werner Geissler
Philip Morris International,bellhop
Philip Morris International,nicotine pouches
British American Tobacco PLC,"Alford, Bernard William Ernest"
British American Tobacco PLC,"Cox, Howard"
3M Co.,3M
3M Co.,< >
3M Co.,<< >>
3M Co.,ADInstruments
3M Co.,AG Healing
3M Co.,AMD
3M Co.,AOC
3M Co.,ASELSAN
3M Co.,AWA
3M Co.,Acer
3M Co.,Advan
3M Co.,AeroDreams
3M Co.,Aftershock
3M Co.,Aigo
3M Co.,Aiwa
3M Co.,Akai
3M Co.,Alba
3M Co.,Alcatel
3M Co.,Alfa
3M Co.,Alienware
3M Co.,Allied Telesis
3M Co.,Almaz
3M Co.,Alpine
3M Co.,Amazon
3M Co.,Amkette
3M Co.,Amoi
3M Co.,Amstrad
3M Co.,Analog Devices
3M Co.,Angstrem
3M Co.,Anker
3M Co.,Aopen
3M Co.,Apple
3M Co.,Arçelik
3M Co.,Asus
3M Co.,Atari
3M Co.,Audiovox
3M Co.,Avaya
3M Co.,Averatec
3M Co.,Avibras
3M Co.,BAE Systems
3M Co.,BMTF
3M Co.,BPL
3M Co.,BT
3M Co.,BYD Electronic
3M Co.,Beetel
3M Co.,Beko
3M Co.,BenQ
3M Co.,Bharat Electronics
3M Co.,Binatone
3M Co.,Blackmagic Design
3M Co.,Blaupunkt
3M Co.,Bosch
3M Co.,Bose
3M Co.,Braun
3M Co.,Brionvega
3M Co.,Brondi
3M Co.,Brother Industries
3M Co.,Buffalo
3M Co.,Bush
3M Co.,CEA Technologies
3M Co.,CITEFA
3M Co.,Canon
3M Co.,Canovate
3M Co.,Casio
3M Co.,Celkon
3M Co.,Changhong
3M Co.,Cherry Mobile
3M Co.,Cicaré
3M Co.,Cinemeccanica
3M Co.,Cisco Systems
3M Co.,Clarion
3M Co.,Codan
3M Co.,Cowon
3M Co.,Creative
3M Co.,Crucial Technology
3M Co.,Daewoo Electronics
3M Co.,Dawlance
3M Co.,Dell
3M Co.,Denon
3M Co.,Doel
3M Co.,Dynalite
3M Co.,Dyson
3M Co.,ECS
3M Co.,EKTA
3M Co.,EMI
3M Co.,EPoX
3M Co.,Eclipse
3M Co.,Eizo
3M Co.,Electrolux
3M Co.,Electronics Corporation
3M Co.,Elsa
3M Co.,Embraer
3M Co.,Emerson Electric
3M Co.,Emerson Radio
3M Co.,Epson
3M Co.,Ericsson
3M Co.,Eurotech
3M Co.,FAdeA
3M Co.,Fairlight
3M Co.,Ferranti
3M Co.,Fitbit
3M Co.,Foxconn
3M Co.,Fuji Electric
3M Co.,Fuji Xerox
3M Co.,Fujifilm
3M Co.,Fujitsu
3M Co.,Funai
3M Co.,Gateway
3M Co.,Geliyoo
3M Co.,General Satellite
3M Co.,Gigabyte
3M Co.,Gigaset
3M Co.,Gionee
3M Co.,Godrej
3M Co.,Google
3M Co.,Gorenje
3M Co.,Gradiente
3M Co.,Grundig
3M Co.,HCL
3M Co.,HP
3M Co.,HTC
3M Co.,Haier
3M Co.,Hansol
3M Co.,Hasee
3M Co.,Havells
3M Co.,Hewlett
3M Co.,Hisense
3M Co.,Hitachi
3M Co.,Huawei
3M Co.,Husqvarna
3M Co.,Hyundai
3M Co.,IBALL
3M Co.,IBM
3M Co.,INVAP
3M Co.,Icom
3M Co.,Iiyama
3M Co.,Indumil
3M Co.,Intel
3M Co.,Intex
3M Co.,Intracom Holdings
3M Co.,Iriver
3M Co.,Itautec
3M Co.,JBL
3M Co.,JVC
3M Co.,Jamuna
3M Co.,KEF
3M Co.,KONČAR Group
3M Co.,Karbonn
3M Co.,Kenwood
3M Co.,Kingston
3M Co.,Kongsberg Gruppen
3M Co.,Konica Minolta
3M Co.,Konka Group
3M Co.,Koss
3M Co.,Kyocera
3M Co.,Kyoto
3M Co.,LG
3M Co.,Lanix
3M Co.,Lenovo
3M Co.,Lite
3M Co.,Loewe AG
3M Co.,Luxafor
3M Co.,MCST
3M Co.,MLS Innovation
3M Co.,MSI
3M Co.,Maadiran Group
3M Co.,Mabe
3M Co.,Magnavox
3M Co.,Marantz
3M Co.,Marconi
3M Co.,Marshall
3M Co.,Maspion
3M Co.,Mectron
3M Co.,MediaTek
3M Co.,Medion
3M Co.,Meebox
3M Co.,Meizu
3M Co.,Metz
3M Co.,Micromax
3M Co.,Micron Technology
3M Co.,Microsoft
3M Co.,Miele
3M Co.,Mitsubishi
3M Co.,Morphy Richards
3M Co.,Moser Baer
3M Co.,Motorola Mobility
3M Co.,Motorola Solutions
3M Co.,NEC
3M Co.,NPO “Digital Television Systems”
3M Co.,National
3M Co.,Nexian
3M Co.,Nikon
3M Co.,Ningbo Bird
3M Co.,Nintendo
3M Co.,Nokia
3M Co.,Nordic Semiconductor
3M Co.,Nostromo
3M Co.,Notion Ink
3M Co.,Nvidia
3M Co.,Oki
3M Co.,Olivetti S.p.A
3M Co.,Olympus
3M Co.,OnePlus
3M Co.,Onida
3M Co.,Oppo
3M Co.,Orion
3M Co.,PEL
3M Co.,PRISM+
3M Co.,Pace
3M Co.,Packard Bell
3M Co.,Pakistan Aeronautical Complex
3M Co.,Panasonic
3M Co.,Panda
3M Co.,Pantech
3M Co.,Pensonic
3M Co.,Pentax
3M Co.,Philips
3M Co.,Pioneer
3M Co.,Plantronics
3M Co.,Polycom
3M Co.,Polytron
3M Co.,Positivo Informatica
3M Co.,PowerLab
3M Co.,Pure
3M Co.,Pye
3M Co.,QMobile
3M Co.,Qualcomm
3M Co.,RCA
3M Co.,Radio Marconi
3M Co.,Radio Rentals
3M Co.,Rangs
3M Co.,Razer
3M Co.,Realme
3M Co.,Realtek
3M Co.,Redarc Electronics
3M Co.,Renesas
3M Co.,Revox
3M Co.,Ricoh
3M Co.,Rovercomputers
3M Co.,Russell Hobbs
3M Co.,Røde Microphones
3M Co.,SGI
3M Co.,SII
3M Co.,SNK Corporation
3M Co.,Samart
3M Co.,Samsung
3M Co.,Sandisk
3M Co.,Sansui Electric
3M Co.,Sanyo
3M Co.,Satmex
3M Co.,Seagate
3M Co.,Sega Corporation
3M Co.,Sennheiser
3M Co.,Severin Elektro
3M Co.,Sharp
3M Co.,Siemens
3M Co.,Silicon Power
3M Co.,Simmtronics
3M Co.,Sinclair Research
3M Co.,Siragon
3M Co.,Sitronics
3M Co.,Skyworth
3M Co.,Snowa
3M Co.,Sonos
3M Co.,Sony
3M Co.,Soyo
3M Co.,Sozvezdie
3M Co.,Starmobile
3M Co.,Sterlite Technologies
3M Co.,Summit Electric Supply
3M Co.,Sun Microsystems
3M Co.,Surya
3M Co.,Surya Roshni Limited
3M Co.,TCL
3M Co.,TDK
3M Co.,TP
3M Co.,TSMC
3M Co.,TechniSat
3M Co.,Telectronics
3M Co.,Telefunken
3M Co.,Teufel
3M Co.,Texas Instruments
3M Co.,Texet
3M Co.,Thomson Broadcast
3M Co.,Thorn
3M Co.,Toshiba
3M Co.,Transcend
3M Co.,Transcom
3M Co.,True
3M Co.,Trust
3M Co.,Uniross
3M Co.,Unisonic Products Corporation
3M Co.,Unisys
3M Co.,VIA Technologies
3M Co.,VIT
3M Co.,Vax
3M Co.,Vestel
3M Co.,Victor
3M Co.,Videocon
3M Co.,Videotex
3M Co.,Videoton
3M Co.,Viewsonic
3M Co.,Vivo Electronics
3M Co.,Vix Technology
3M Co.,Vizio
3M Co.,Voltas
3M Co.,WEG Industries
3M Co.,Walton
3M Co.,Western Digital
3M Co.,Westinghouse Electric Corporation
3M Co.,Wi
3M Co.,Winradio
3M Co.,Wipro
3M Co.,Wortmann
3M Co.,Xerox
3M Co.,Xiaomi
3M Co.,Yaesu
3M Co.,Yota
3M Co.,ZTE
3M Co.,Zenith
3M Co.,Zonda
3M Co.,audio system
3M Co.,avionics
3M Co.,car audio
3M Co.,car navigation
3M Co.,computer
3M Co.,copy machine
3M Co.,digital camera
3M Co.,digital video camera
3M Co.,digital video player
3M Co.,digital video recorder
3M Co.,display device
3M Co.,eMachines
3M Co.,fax
3M Co.,global positioning system
3M Co.,hard disk drive
3M Co.,indie game developer
3M Co.,list of video game companies
3M Co.,mechatronics
3M Co.,mobile phone
3M Co.,multifunction printer
3M Co.,network device
3M Co.,other electronics equipment
3M Co.,personal computer
3M Co.,portable media player
3M Co.,printer
3M Co.,semiconductor
3M Co.,television
3M Co.,transportation electronics system
3M Co.,video cassette recorder
3M Co.,video game
3M Co.,video game developer
3M Co.,video game publisher
3M Co.,wireless devices
Danone,1997
Danone,1999
Danone,2001
Danone,2003
Danone,2005
Danone,2007
Danone,2009
Danone,2011
Danone,2013
Danone,2016
Danone,Actimel
Danone,Antoine de Saint
Danone,Antoine de Saint-Affrique
Danone,Aqua
Danone,Benoît Potier
Danone,Bertrand Austruy
Danone,Bettina Theissig
Danone,Clara Gaymard
Danone,Cécile Cabanis
Danone,Danone products
Danone,Floris Wesseling
Danone,Franck Riboud
Danone,Frédéric Boutebba
Danone,Gaëlle Olivier
Danone,Gregg L. Engles
Danone,Guido Barilla
Danone,Henri Bruxelles
Danone,Isabelle Seillier
Danone,Jean
Danone,Juergen Esser
Danone,Laurent Sacchi
Danone,Lionel Zinsou
Danone,Michel Landel
Danone,Natillas
Danone,Nigyar Makhmudova
Danone,Organization of workshops
Danone,Production of pedagogic material
Danone,Publication of newsletters and books for professionals
Danone,Serpil Timuray
Danone,Shane Grant
Danone,Spread the knowledge to the public
Danone,Support research programs: scholarships
Danone,Vikram Agarwal
Danone,Virginia A. Stallings
Danone,Véronique Penchienati
Danone,Yogurt parfait
Danone,Yogurt with confections
Danone,oat milk
Danone,scientific conferences
Kraft Heinz,2010a
Kraft Heinz,2011a
Kraft Heinz,2012a
Kraft Heinz,2013a
Kraft Heinz,2014a
Kraft Heinz,2015a
Kraft Heinz,2016a
Kraft Heinz,2017a
Kraft Heinz,2018a
Kraft Heinz,2019a
Kraft Heinz,2020a
Kraft Heinz,2021a
Kraft Heinz,2022a
Kraft Heinz,2023a
Kraft Heinz,2024a
Kraft Heinz,A.1. Sauce
Kraft Heinz,ABC
Kraft Heinz,ABC News
Kraft Heinz,Amoy
Kraft Heinz,Aproten
Kraft Heinz,Bagel Bites
Kraft Heinz,Baker's Chocolate
Kraft Heinz,Boca Burger
Kraft Heinz,Breakstone's
Kraft Heinz,Brinta
Kraft Heinz,Bénédicta
Kraft Heinz,Capri
Kraft Heinz,Cheez Whiz
Kraft Heinz,Classico
Kraft Heinz,Claussen pickles
Kraft Heinz,Cool Whip
Kraft Heinz,Corn Nuts
Kraft Heinz,Crystal Light
Kraft Heinz,Daddies
Kraft Heinz,De Ruijter
Kraft Heinz,Golden Circle
Kraft Heinz,Greenseas
Kraft Heinz,Grey Poupon
Kraft Heinz,HP Sauce
Kraft Heinz,Hamper
Kraft Heinz,Heinz Corned Beef
Kraft Heinz,Heinz Ketchup
Kraft Heinz,Hemmer
Kraft Heinz,Honig
Kraft Heinz,Jell
Kraft Heinz,Karvan Cévitam
Kraft Heinz,Kool
Kraft Heinz,Kraft Dinner
Kraft Heinz,Kraft Parmesan Cheese
Kraft Heinz,Kraft Peanut Butter
Kraft Heinz,Lea & Perrins
Kraft Heinz,Lunchables
Kraft Heinz,Master Soy Sauce
Kraft Heinz,Maxwell House
Kraft Heinz,MiO
Kraft Heinz,Miracle Whip
Kraft Heinz,Mr. Yoshida's
Kraft Heinz,Nancy's
Kraft Heinz,Ore
Kraft Heinz,Original Juice Co
Kraft Heinz,Orlando
Kraft Heinz,Oscar Mayer
Kraft Heinz,Ox & Palm
Kraft Heinz,P3
Kraft Heinz,Philadelphia Cream Cheese
Kraft Heinz,Plasmon
Kraft Heinz,Primal Kitchen
Kraft Heinz,Pudliszki
Kraft Heinz,PurePet
Kraft Heinz,Quero
Kraft Heinz,Roosvicee
Kraft Heinz,Shake 'n Bake
Kraft Heinz,Smart Ones
Kraft Heinz,Stove Top
Kraft Heinz,Sure
Kraft Heinz,TGI Fridays
Kraft Heinz,Taco Bell
Kraft Heinz,Tassimo
Kraft Heinz,Velveeta
Kraft Heinz,Venz
Kraft Heinz,Wattie's
Kraft Heinz,Wijko
Kraft Heinz,Wyler's
WH Group Ltd.,NO_DATA
Altria Group,2006a
Altria Group,2007a
Altria Group,2008a
Altria Group,2009a
Altria Group,2010a
Altria Group,2011a
Altria Group,2012a
Altria Group,2013a
Altria Group,2014a
Altria Group,2015a
Altria Group,2016a
Altria Group,2017a
Altria Group,2018a
Altria Group,2019a
Altria Group,2020a
Altria Group,Debra J. Kelly-Ennis
Altria Group,Dinyar S. Devitre
Altria Group,Elizabeth E. Bailey
Altria Group,George Muñoz
Altria Group,Gerald L. Baliles
Altria Group,John T. Casteen III
Altria Group,Kathryn B. McQuade
Altria Group,Martin Barrington
Altria Group,Nabil Y. Sakkab
Altria Group,Thomas F. Farrell II
Altria Group,Thomas W. Jones
Altria Group,W. Leo Kiely III
Associated British Foods,AB Agri Ltd
Associated British Foods,AB Enzymes
Associated British Foods,AB Mauri
Associated British Foods,AB Sugar
Associated British Foods,ACH Food Companies
Associated British Foods,ACH Food México
Associated British Foods,Abitec Corporation
Associated British Foods,Abitec Ltd
Associated British Foods,Allied Bakeries
Associated British Foods,Allied Mills
Associated British Foods,Allinson
Associated British Foods,Archer Daniels Midland
Associated British Foods,Blue Dragon
Associated British Foods,British Sugar
Associated British Foods,Burgen
Associated British Foods,Capullo
Associated British Foods,Charles Sinclair
Associated British Foods,Corn Starch
Associated British Foods,Dorset Cereals
Associated British Foods,Dromedary cake mixes
Associated British Foods,Elephant Atta
Associated British Foods,"Emma Adamo, Independent non"
Associated British Foods,Fleischmann's Yeast
Associated British Foods,Frontier Agriculture
Associated British Foods,G Costa:
Associated British Foods,George G. Weston
Associated British Foods,George Weston Foods
Associated British Foods,High5
Associated British Foods,Illovo Sugar
Associated British Foods,"Javier Ferrán, Independent non"
Associated British Foods,John Bason
Associated British Foods,Jordans
Associated British Foods,Kingsford's Corn Starch
Associated British Foods,Kingsmill bread
Associated British Foods,Lucky Boat Noodles
Associated British Foods,"Michael Jay, Baron Jay of Ewelme, Independent non"
Associated British Foods,OHLY
Associated British Foods,Ovaltine
Associated British Foods,"PGP International, Inc"
Associated British Foods,Patak's
Associated British Foods,Peanut Butter
Associated British Foods,"Peter Smith, Independent non"
Associated British Foods,Pride
Associated British Foods,Primark
Associated British Foods,Ryvita
Associated British Foods,"SPI Pharma, Inc"
Associated British Foods,Silver Spoon
Associated British Foods,Sunblest
Associated British Foods,Thai Lotus Pastes
Associated British Foods,"Timothy Clarke, Independent non"
Associated British Foods,Tolly Boy Rice
Associated British Foods,Twinings
Associated British Foods,Wander AG
Associated British Foods,Westmill Foods
Associated British Foods,Zambia Sugar
Associated British Foods,corn oil
Associated British Foods,corn syrup
Henkel AG,AkzoNobel
Henkel AG,"Also in 2004, Henkel acquired Orbseal"
Henkel AG,Assetsa
Henkel AG,Electronics
Henkel AG,Employeesa
Henkel AG,General industry
Henkel AG,In 1960
Henkel AG,"In 1962, Henkel acquired Sichel"
Henkel AG,"In 1991, Henkel acquiredTerosonof Heidelberg"
Henkel AG,"In 1996, Henkel acquired Thiem Automotive"
Henkel AG,Loctite
Henkel AG,Net Incomea
Henkel AG,Packaging and consumer goods adhesives
Henkel AG,Revenuea
Henkel AG,The Clorox Company
Henkel AG,The Dial Corporation
Henkel AG,Transport and metal
Henkel AG,cosmetics
Grupo Bimbo,1964: Sunbeam
Grupo Bimbo,1995: Coronado
Grupo Bimbo,1998: Mrs. Baird's
Grupo Bimbo,"2001: Plus Vita, Pullman"
Grupo Bimbo,2002: George Weston Limited
Grupo Bimbo,2004: Joyco
Grupo Bimbo,"2005: El Globo, La Corona"
Grupo Bimbo,2006: Panrico
Grupo Bimbo,2008: Nutrella
Grupo Bimbo,2009: George Weston Foods Ltd
Grupo Bimbo,2010. Vero
Grupo Bimbo,2011: Sara Lee North American Fresh Bakery
Grupo Bimbo,2012a
Grupo Bimbo,2013a
Grupo Bimbo,2014: Canada Bread
Grupo Bimbo,2014a
Grupo Bimbo,"2015: Vachon Bakery, Italian Home Bakery"
Grupo Bimbo,2015a
Grupo Bimbo,2016: Panettiere
Grupo Bimbo,2016a
Grupo Bimbo,2017: Grupo Adghal
Grupo Bimbo,2017a
Grupo Bimbo,2018: Nutra Bien
Grupo Bimbo,2018a
Grupo Bimbo,2019a
Grupo Bimbo,2021: Modern Group
Grupo Bimbo,2023: Vel Pitar
Grupo Bimbo,Ethisphere Institute
Grupo Bimbo,Euromonitor International
Grupo Bimbo,For the fifth time
Grupo Bimbo,For the fourth time
Grupo Bimbo,For the second year in a row
Grupo Bimbo,For the third year in a row
Grupo Bimbo,Grupo Bimbo
Grupo Bimbo,Havas Group
Grupo Bimbo,Lerma
Grupo Bimbo,Lorenzo Servitje Sendra
Grupo Bimbo,Manufactura Magazine
Grupo Bimbo,National Exports Award
Grupo Bimbo,National Road Safety Award
Grupo Bimbo,New Standard
Grupo Bimbo,Safe Company
Grupo Bimbo,"Safe Company Award to the Barcel Lerma, Mérida"
Grupo Bimbo,The Federal Attorney for Environmental Protection
Grupo Bimbo,The Group
Grupo Bimbo,The Ministry
Grupo Bimbo,The National Association of Private Transportation
Grupo Bimbo,The PROFEPA
Grupo Bimbo,The Technology
Grupo Bimbo,The Workplace Wellness Council
Kering,Alexander McQueena
Kering,Balenciagaa
Kering,Bottega Venetaa
Kering,Boucherona
Kering,Brionia
Kering,Chairman:François
Kering,Creeda
Kering,Dodoa
Kering,Ginori 1735a
Kering,Guccia
Kering,Lindberga
Kering,Luca de Meo
Kering,Maui Jima
Kering,Net resultsa
Kering,Pomellatoa
Kering,Qeelina
Kering,Salesa
Kering,Valentinoa
Kering,Yves Saint Laurenta
Richemont,A. Lange
Richemont,AZ Factory
Richemont,Alaïa
Richemont,Baume & Mercier
Richemont,Buccellati
Richemont,Cartier
Richemont,Chloé
Richemont,Delvaux
Richemont,Dunhill
Richemont,Gianvito Rossi
Richemont,IWC Schaffhausen
Richemont,Jaeger-LeCoultre
Richemont,Montblanc
Richemont,Panerai
Richemont,Peter Millar
Richemont,Piaget
Richemont,Purdey
Richemont,Roger Dubuis
Richemont,Serapian
Richemont,Vacheron Constantin
Richemont,Van Cleef
Richemont,Vhernier
Richemont,Watchfinder & Co
Richemont,Yoox Net
Diageo PLC,American whiskey
Diageo PLC,Anthony Greener
Diageo PLC,Auchroisk
Diageo PLC,Auchroisk distillery
Diageo PLC,Baijiu
Diageo PLC,Beer
Diageo PLC,Bell's
Diageo PLC,Benrinnes distillery
Diageo PLC,Blair Athol
Diageo PLC,Brandy
Diageo PLC,Brora distillery
Diageo PLC,Bulleit distillery
Diageo PLC,Cachaça
Diageo PLC,Cameronbridge grain distillery
Diageo PLC,Canadian whisky
Diageo PLC,Caol Ila
Diageo PLC,Cardhu distillery
Diageo PLC,Cider
Diageo PLC,Clynelish distillery
Diageo PLC,Cragganmore distillery
Diageo PLC,Dailuaine distillery
Diageo PLC,Dalwhinnie distillery
Diageo PLC,Debra Crew
Diageo PLC,Dufftown distillery
Diageo PLC,English whisky:
Diageo PLC,George Dickel
Diageo PLC,Gin
Diageo PLC,Glen Elgin
Diageo PLC,Glen Ord
Diageo PLC,Glen Spey
Diageo PLC,Glendullan distillery
Diageo PLC,Glenkinchie distillery
Diageo PLC,Hard seltzer
Diageo PLC,Inchgower distillery
Diageo PLC,Interim Chief Executive Officer: Nik Jhangiani
Diageo PLC,Irish whiskey
Diageo PLC,John Manzoni
Diageo PLC,Knockando distillery
Diageo PLC,Lagavulin distillery
Diageo PLC,Leven distillery
Diageo PLC,Linkwood distillery
Diageo PLC,Liqueur
Diageo PLC,Mannochmore distillery
Diageo PLC,Mixed drinks
Diageo PLC,Mortlach distillery
Diageo PLC,Non
Diageo PLC,North British
Diageo PLC,Oban distillery
Diageo PLC,Paul Walsh
Diageo PLC,Port Ellen
Diageo PLC,Rakı
Diageo PLC,Roe & Co distillery
Diageo PLC,Roseisle distillery
Diageo PLC,Royal Lochnagar
Diageo PLC,Rum
Diageo PLC,Scotch whisky
Diageo PLC,Sir Ivan Menezes
Diageo PLC,Strathmill distillery
Diageo PLC,Talisker distillery
Diageo PLC,Teaninich distillery
Diageo PLC,Tequila
Diageo PLC,Vodka
Diageo PLC,Wine
Kimberly-Clark Corp.,Depend
Kimberly-Clark Corp.,Diapers: KleenBebe
Kimberly-Clark Corp.,GoodNites
Kimberly-Clark Corp.,Huggies
Kimberly-Clark Corp.,Huggies Pull
Kimberly-Clark Corp.,"Napkins: Kleenex, Petalo, Suavel, Delsey, Lys"
Kimberly-Clark Corp.,Professional and medical markets
Kimberly-Clark Corp.,"Toilet paper: Kleenex, Petalo, Suavel, Delsey, Vogue, Lys"
Kimberly-Clark Corp.,swim diapers
Kimberly-Clark Corp.,urinary incontinence
General Mills,Basic 4
General Mills,Benefit
General Mills,Betty Crocker
General Mills,Bisquick
General Mills,Body Buddies
General Mills,Boo
General Mills,Buc Wheats
General Mills,Bugles
General Mills,Cascadian Farm
General Mills,Cascadian Farms
General Mills,Cheerios
General Mills,Chex
General Mills,Chex Mix
General Mills,Cinnamon Toast Crunch
General Mills,Clusters
General Mills,Cocoa Puffs
General Mills,Cookie Crisp
General Mills,Count Chocula
General Mills,Country Corn Flakes
General Mills,Crispy Wheats
General Mills,Diablitos Underwood
General Mills,Fiber One
General Mills,Fingos
General Mills,Franken
General Mills,French Toast Crunch
General Mills,Fruity Yummy Mummy
General Mills,Gardetto's
General Mills,Gold Flakes
General Mills,Gold Medal Flour
General Mills,Goodness Pack
General Mills,Harmony
General Mills,Hershey Kisses Cereala
General Mills,Hidden Treasures
General Mills,Honey Nut Clusters
General Mills,IHOP Blueberry and Syrup Mini Pancake Cereala
General Mills,Jurassic Park
General Mills,Jus
General Mills,Kaboom
General Mills,Kelce Mix Cereala
General Mills,Kix
General Mills,Knack & Back
General Mills,La Salteña
General Mills,Lucky Charms
General Mills,Millenios
General Mills,Monopoly
General Mills,Morning Summit
General Mills,Mr. Wonderful's Surprise
General Mills,Nature Valley
General Mills,Neopets
General Mills,Oatmeal Crisp
General Mills,Old El Paso
General Mills,Pac
General Mills,Peanut Butter Toast Crunch
General Mills,Pillsbury
General Mills,Princess Fairytale Flakes
General Mills,Raisin Nut Bran
General Mills,Reese's Puffs
General Mills,Ripple Crisp
General Mills,Rocky Road
General Mills,S'Mores Grahams
General Mills,Sprinkle Spangles
General Mills,Star Wars Episode II
General Mills,Strawberry Shortcake
General Mills,Sugar Jets
General Mills,Sunrise Organic
General Mills,Total
General Mills,Triples
General Mills,Trix
General Mills,USA Olympic Crunch
General Mills,V. Pearl
General Mills,Wanchai Ferry
General Mills,Wheat Hearts
General Mills,Wheaties
General Mills,Wheaties Dunk
General Mills,corn puffs
Japan Tobacco Inc.,Amber Leaf
Japan Tobacco Inc.,Benson & Hedges
Japan Tobacco Inc.,Camel
Japan Tobacco Inc.,Glamour
Japan Tobacco Inc.,Gustavus Snus
Japan Tobacco Inc.,Hamlet
Japan Tobacco Inc.,Logic
Japan Tobacco Inc.,Mevius
Japan Tobacco Inc.,Natural American Spirit
Japan Tobacco Inc.,Nordic Spirit
Japan Tobacco Inc.,Old Holborn
Japan Tobacco Inc.,Ploom
Japan Tobacco Inc.,Sobranie
Japan Tobacco Inc.,Wings
Japan Tobacco Inc.,Winston
Colgate-Palmolive Co.,Ad
Colgate-Palmolive Co.,Afta Lotion
Colgate-Palmolive Co.,Ajax
Colgate-Palmolive Co.,Anbesol
Colgate-Palmolive Co.,Anthony longlife
Colgate-Palmolive Co.,Axion
Colgate-Palmolive Co.,Bambeanos
Colgate-Palmolive Co.,Brisk
Colgate-Palmolive Co.,Burst
Colgate-Palmolive Co.,C. Martin Harris
Colgate-Palmolive Co.,Caprice
Colgate-Palmolive Co.,Cashmere Bouquet
Colgate-Palmolive Co.,Cherish
Colgate-Palmolive Co.,Cibaca
Colgate-Palmolive Co.,Cold Power
Colgate-Palmolive Co.,Coleo
Colgate-Palmolive Co.,Colgate
Colgate-Palmolive Co.,Colgate Tooth Powder**
Colgate-Palmolive Co.,Colgate's Peter Pan Beauty Bar with Chlorophyll
Colgate-Palmolive Co.,Colodent
Colgate-Palmolive Co.,Crystal White Octagon
Colgate-Palmolive Co.,Cuddly
Colgate-Palmolive Co.,Cue
Colgate-Palmolive Co.,Darlie
Colgate-Palmolive Co.,Dentagard
Colgate-Palmolive Co.,Dermassage
Colgate-Palmolive Co.,Duraphat
Colgate-Palmolive Co.,Dynamo
Colgate-Palmolive Co.,Elmex
Colgate-Palmolive Co.,EltaMD
Colgate-Palmolive Co.,Fab
Colgate-Palmolive Co.,Fab One Shot
Colgate-Palmolive Co.,Fabuloso
Colgate-Palmolive Co.,Filorga
Colgate-Palmolive Co.,Florient
Colgate-Palmolive Co.,Fluffy
Colgate-Palmolive Co.,Fresh Start
Colgate-Palmolive Co.,Freska
Colgate-Palmolive Co.,Gard
Colgate-Palmolive Co.,Hacı Şakir
Colgate-Palmolive Co.,Halo
Colgate-Palmolive Co.,Hello Products
Colgate-Palmolive Co.,Hill's Pet Nutrition
Colgate-Palmolive Co.,Hurricane
Colgate-Palmolive Co.,Irish Spring
Colgate-Palmolive Co.,John P. Bilbrey
Colgate-Palmolive Co.,John T. Cahill
Colgate-Palmolive Co.,Kimberly A. Nelson
Colgate-Palmolive Co.,Kolynos
Colgate-Palmolive Co.,La Croix
Colgate-Palmolive Co.,Lisa M. Edwards
Colgate-Palmolive Co.,Lorrie M. Norrington
Colgate-Palmolive Co.,Lustre
Colgate-Palmolive Co.,Martina Hund
Colgate-Palmolive Co.,Mennen
Colgate-Palmolive Co.,Meridol
Colgate-Palmolive Co.,Murphy Oil
Colgate-Palmolive Co.,Nifti
Colgate-Palmolive Co.,Noel Wallace
Colgate-Palmolive Co.,Octagon
Colgate-Palmolive Co.,PCA Skin
Colgate-Palmolive Co.,Palmolive
Colgate-Palmolive Co.,Palmolive Rapid Shave
Colgate-Palmolive Co.,Profidén
Colgate-Palmolive Co.,Protex
Colgate-Palmolive Co.,S. C. Johnson & Son
Colgate-Palmolive Co.,Sanex
Colgate-Palmolive Co.,Science Diet
Colgate-Palmolive Co.,Skin Bracer
Colgate-Palmolive Co.,Soaky
Colgate-Palmolive Co.,Soft As
Colgate-Palmolive Co.,Softlan
Colgate-Palmolive Co.,Softsoap
Colgate-Palmolive Co.,Soupline
Colgate-Palmolive Co.,Speed Stick
Colgate-Palmolive Co.,Spree
Colgate-Palmolive Co.,Stephen Sadove
Colgate-Palmolive Co.,Steve Cahillane
Colgate-Palmolive Co.,Suavitel
Colgate-Palmolive Co.,Super Suds
Colgate-Palmolive Co.,Swerl
Colgate-Palmolive Co.,Tahiti
Colgate-Palmolive Co.,Teen Spirit
Colgate-Palmolive Co.,Tender Care
Colgate-Palmolive Co.,Tom's of Maine
Colgate-Palmolive Co.,Ultra Brite
Colgate-Palmolive Co.,Vel
Whirlpool Corp.,871a
Whirlpool Corp.,Acros
Whirlpool Corp.,Admiral
Whirlpool Corp.,Affresh Washer Cleaners
Whirlpool Corp.,Amana
Whirlpool Corp.,Bauknecht
Whirlpool Corp.,Brastemp
Whirlpool Corp.,Challenger
Whirlpool Corp.,Consul
Whirlpool Corp.,Crosley branded top
Whirlpool Corp.,Diqua
Whirlpool Corp.,Estate
Whirlpool Corp.,EveryDrop
Whirlpool Corp.,FSP
Whirlpool Corp.,Falabella
Whirlpool Corp.,Gladiator GarageWorks
Whirlpool Corp.,Hefei Sanyo
Whirlpool Corp.,IKEA
Whirlpool Corp.,InSinkErator
Whirlpool Corp.,Inglis
Whirlpool Corp.,Jenn
Whirlpool Corp.,Kenmore
Whirlpool Corp.,KitchenAid
Whirlpool Corp.,Laden
Whirlpool Corp.,Maytag
Whirlpool Corp.,Polar
Whirlpool Corp.,Privileg
Whirlpool Corp.,Roper
Whirlpool Corp.,Royalstar
Whirlpool Corp.,Stinol
Whirlpool Corp.,True Fresh
Whirlpool Corp.,Whirlpool
Whirlpool Corp.,Yummly
Asahi Group Holdings,Asahi Black
Asahi Group Holdings,Asahi Draft
Asahi Group Holdings,Asahi Dry Zero
Asahi Group Holdings,Asahi Gold
Asahi Group Holdings,Asahi Prime Time
Asahi Group Holdings,Asahi Super Dry - Dry Crystal
Asahi Group Holdings,Asahi Z
Asahi Group Holdings,Carlton & United Breweries
Asahi Group Holdings,Dreher
Asahi Group Holdings,Gambrinus
Asahi Group Holdings,Lech
Asahi Group Holdings,Meantime Brewery
Asahi Group Holdings,Peroni Brewery
Asahi Group Holdings,Pilsner Urquell
Asahi Group Holdings,Radegast
Asahi Group Holdings,Stout
Asahi Group Holdings,Tyskie
Asahi Group Holdings,Ursus
Asahi Group Holdings,Velkopopovický Kozel
Asahi Group Holdings,Šariš Brewery
Reckitt Benckiser,Durex condoms
Reckitt Benckiser,Glass Plus
Reckitt Benckiser,Lysol multi
Reckitt Benckiser,Strepsils throat lozenges
Yili Group,NO_DATA
Kellogg Co.,All
Kellogg Co.,Apple Jacks
Kellogg Co.,Cocoa Krispies
Kellogg Co.,Corn Flakes
Kellogg Co.,Corn Pops
Kellogg Co.,Cracklin' Oat Bran
Kellogg Co.,Crispix
Kellogg Co.,Froot Loops
Kellogg Co.,Frosted Flakes
Kellogg Co.,Frosted Mini
Kellogg Co.,Honey Smacks
Kellogg Co.,Kashi
Kellogg Co.,Krave
Kellogg Co.,Raisin Bran
Kellogg Co.,Rice Krispies
Kellogg Co.,Special K
Estée Lauder Companies,"Alpern, Sara"
Estée Lauder Companies,"Kent, Jacqueline C"
Estée Lauder Companies,"Koehn, Nancy F"
Estée Lauder Companies,The Editors
Stanley Black & Decker,1906-7:
Stanley Black & Decker,1937:
Stanley Black & Decker,1946:
Stanley Black & Decker,1963:
Stanley Black & Decker,1966:
Stanley Black & Decker,1970:
Stanley Black & Decker,1980:
Stanley Black & Decker,1984:
Stanley Black & Decker,1986:
Stanley Black & Decker,1990:
Stanley Black & Decker,1992:
Stanley Black & Decker,2000:
Stanley Black & Decker,2002:
Stanley Black & Decker,2004:
Stanley Black & Decker,2005:
Stanley Black & Decker,2006:
Stanley Black & Decker,2007:
Stanley Black & Decker,2008:
Stanley Black & Decker,2009:
Stanley Black & Decker,2010:
Stanley Black & Decker,2011:
Stanley Black & Decker,2012:
Stanley Black & Decker,2016:
Stanley Black & Decker,2017:
Stanley Black & Decker,2018:
Stanley Black & Decker,2020:
Stanley Black & Decker,2021:
Stanley Black & Decker,2022:
Stanley Black & Decker,Access Control Systems
Stanley Black & Decker,Aero Scout
Stanley Black & Decker,Asia
Stanley Black & Decker,Avdel
Stanley Black & Decker,Baldwin
Stanley Black & Decker,Black+Decker
Stanley Black & Decker,Blackhawk
Stanley Black & Decker,Bostitch
Stanley Black & Decker,CAM
Stanley Black & Decker,Convergent Security Solutions
Stanley Black & Decker,Craftsman
Stanley Black & Decker,Cribmaster
Stanley Black & Decker,Cub Cadet
Stanley Black & Decker,Cyber Security
Stanley Black & Decker,DeVilbiss Air Power
Stanley Black & Decker,DeWalt
Stanley Black & Decker,Dodge
Stanley Black & Decker,Dubuis
Stanley Black & Decker,Emerging Markets
Stanley Black & Decker,Emhart Teknologies
Stanley Black & Decker,Enterprise Security Solutions
Stanley Black & Decker,Europe
Stanley Black & Decker,Expert
Stanley Black & Decker,Facom
Stanley Black & Decker,Fire Alarm Monitoring Systems
Stanley Black & Decker,Gripco
Stanley Black & Decker,Guoqiang
Stanley Black & Decker,HeliCoil
Stanley Black & Decker,Horst Sprenger GmbH
Stanley Black & Decker,Husky
Stanley Black & Decker,Hustler
Stanley Black & Decker,Hydraulic toolsDubuis
Stanley Black & Decker,Infastech
Stanley Black & Decker,Integrated Security Solutions
Stanley Black & Decker,Intrusion Alarm Monitoring Systems
Stanley Black & Decker,Irwin Industrial Tools
Stanley Black & Decker,Kwikset
Stanley Black & Decker,LENOX Tools
Stanley Black & Decker,LaBounty
Stanley Black & Decker,Latin America
Stanley Black & Decker,Lista
Stanley Black & Decker,Lista North America
Stanley Black & Decker,MTD
Stanley Black & Decker,Mac Tools
Stanley Black & Decker,MasterFix
Stanley Black & Decker,NPR/POP
Stanley Black & Decker,National Hardware
Stanley Black & Decker,Nelson
Stanley Black & Decker,Network Security
Stanley Black & Decker,Oldham Saw Company
Stanley Black & Decker,Paladin Attachments
Stanley Black & Decker,Pastorino
Stanley Black & Decker,Porter-Cable
Stanley Black & Decker,Powers Fasteners
Stanley Black & Decker,Price Pfister
Stanley Black & Decker,Proto
Stanley Black & Decker,Retail Analytics
Stanley Black & Decker,Rover
Stanley Black & Decker,Sargent and Greenleaf
Stanley Black & Decker,Sidchrome
Stanley Black & Decker,Sonitrol
Stanley Black & Decker,Spiralock
Stanley Black & Decker,Stanley
Stanley Black & Decker,Stanley Access Technologies
Stanley Black & Decker,Stanley Assembly Technologies
Stanley Black & Decker,Stanley Hand Tools
Stanley Black & Decker,Stanley Healthcare Solutions
Stanley Black & Decker,Stanley Hydraulic Tools
Stanley Black & Decker,Stanley Oil
Stanley Black & Decker,Stanley Supply
Stanley Black & Decker,Troy
Stanley Black & Decker,Tucker
Stanley Black & Decker,USAG
Stanley Black & Decker,Video Alarm Verification
Stanley Black & Decker,Video Surveillance Systems
Stanley Black & Decker,Vidmar
Stanley Black & Decker,Virax
Stanley Black & Decker,"Walter, John"
Stanley Black & Decker,Warren
Stanley Black & Decker,Weiser Lock
Stanley Black & Decker,iForm
BSH Hausgeräte,2011: BSH launches its first full
BSH Hausgeräte,Balay
BSH Hausgeräte,Bosch
BSH Hausgeräte,Constructa
BSH Hausgeräte,Gaggenau
BSH Hausgeräte,Neff
BSH Hausgeräte,Pitsos
BSH Hausgeräte,Profilo
BSH Hausgeräte,Siemens
BSH Hausgeräte,Thermador
Johnson & Johnson Consumer Health,2005a
Johnson & Johnson Consumer Health,2006a
Johnson & Johnson Consumer Health,2007a
Johnson & Johnson Consumer Health,2008a
Johnson & Johnson Consumer Health,2009a
Johnson & Johnson Consumer Health,2010a
Johnson & Johnson Consumer Health,2011a
Johnson & Johnson Consumer Health,2012a
Johnson & Johnson Consumer Health,2013a
Johnson & Johnson Consumer Health,2014a
Johnson & Johnson Consumer Health,2015a
Johnson & Johnson Consumer Health,2016a
Johnson & Johnson Consumer Health,2017a
Johnson & Johnson Consumer Health,2018a
Johnson & Johnson Consumer Health,2019a
Johnson & Johnson Consumer Health,2020a
Johnson & Johnson Consumer Health,2021a
Johnson & Johnson Consumer Health,2022a
Johnson & Johnson Consumer Health,2023a
Johnson & Johnson Consumer Health,2024a
Johnson & Johnson Consumer Health,Alex Gorsky
Johnson & Johnson Consumer Health,"Asia-Pacific, Africaa"
Johnson & Johnson Consumer Health,Biotechnology Innovation Organization
Johnson & Johnson Consumer Health,BlackRock
Johnson & Johnson Consumer Health,Europea
Johnson & Johnson Consumer Health,Geode Capital Management
Johnson & Johnson Consumer Health,Human Rights Campaign
Johnson & Johnson Consumer Health,Institute for Advanced Study
Johnson & Johnson Consumer Health,J&J is a partner of thePandemic Action Network
Johnson & Johnson Consumer Health,JPMorgan Chase
Johnson & Johnson Consumer Health,James E. Burke
Johnson & Johnson Consumer Health,James Wood Johnson
Johnson & Johnson Consumer Health,Joaquin Duato
Johnson & Johnson Consumer Health,Morgan Stanley
Johnson & Johnson Consumer Health,Norges Bank
Johnson & Johnson Consumer Health,Northern Trust
Johnson & Johnson Consumer Health,Philip B. Hofmann
Johnson & Johnson Consumer Health,Ralph S. Larsen
Johnson & Johnson Consumer Health,Richard B. Sellars
Johnson & Johnson Consumer Health,Robert Wood Johnson I
Johnson & Johnson Consumer Health,Robert Wood Johnson II
Johnson & Johnson Consumer Health,State Farm
Johnson & Johnson Consumer Health,State Street Corporation
Johnson & Johnson Consumer Health,The Vanguard Group
Johnson & Johnson Consumer Health,United Statesa
Johnson & Johnson Consumer Health,Wellington Management Group
Johnson & Johnson Consumer Health,Western Hemispherea
Johnson & Johnson Consumer Health,William C. Weldon
Johnson & Johnson Consumer Health,Women Deliver
Johnson & Johnson Consumer Health,personalized medicine
Fonterra Cooperative Group,Anchor
Fonterra Cooperative Group,Anchor CalciYum
Fonterra Cooperative Group,Anchor Family Pro +
Fonterra Cooperative Group,Anchor Food Professionals
Fonterra Cooperative Group,Anchor Newdale
Fonterra Cooperative Group,Anchor Pediapro
Fonterra Cooperative Group,Anchor Uno
Fonterra Cooperative Group,Anchor non fat
Fonterra Cooperative Group,Anlene
Fonterra Cooperative Group,Anmum
Fonterra Cooperative Group,BioKodeLab
Fonterra Cooperative Group,Bonlac
Fonterra Cooperative Group,Contact Energy Management Award; Winner: Fonterra Co
Fonterra Cooperative Group,Country Goodness
Fonterra Cooperative Group,De Winkel
Fonterra Cooperative Group,Farm Source
Fonterra Cooperative Group,Fonterra Brands
Fonterra Cooperative Group,Fonterra Global Dairy Trade
Fonterra Cooperative Group,Fonterra Group Manufacturing
Fonterra Cooperative Group,Fonterra Milk Supply
Fonterra Cooperative Group,Fresh 'n Fruity
Fonterra Cooperative Group,Galaxy
Fonterra Cooperative Group,Henry van der Heydena
Fonterra Cooperative Group,John Monaghana
Fonterra Cooperative Group,John Roadleya
Fonterra Cooperative Group,John Wilsona
Fonterra Cooperative Group,Kapiti
Fonterra Cooperative Group,Mainland
Fonterra Cooperative Group,Mammoth Energy
Fonterra Cooperative Group,Mammoth Supply Co
Fonterra Cooperative Group,Munchables
Fonterra Cooperative Group,NZMP
Fonterra Cooperative Group,NZMP Ingredients
Fonterra Cooperative Group,Nutiani
Fonterra Cooperative Group,Perfect Italiano
Fonterra Cooperative Group,Peter McBridea
Fonterra Cooperative Group,Primo
Fonterra Cooperative Group,Ratthi
Fonterra Cooperative Group,Red Cow
Fonterra Cooperative Group,Shared Services
Fonterra Cooperative Group,Transpower Project Innovation Award; Winner: Fonterra Co
Fonterra Cooperative Group,Western Star
Fonterra Cooperative Group,anlene
Uni-President Enterprises,NO_DATA
Arla Foods,Saudis boycott Danish dairy produce
Kirin Holdings,"Barberet & Blanc, S.A"
Kirin Holdings,Bell's Brewing Company
Kirin Holdings,Blackmores
Kirin Holdings,Brooklyn Brewery
Kirin Holdings,Coca
Kirin Holdings,"Cosmo Foods Company, Limited"
Kirin Holdings,"Ei Sho Gen Company, Limited"
Kirin Holdings,FANCL Corporation
Kirin Holdings,Fides Holding B.V
Kirin Holdings,"Flower Gate, Inc"
Kirin Holdings,"Flower Season Company, Limited"
Kirin Holdings,Four Roses Distillery
Kirin Holdings,"Gemini Science, Inc"
Kirin Holdings,Germicopa S.A
Kirin Holdings,Hematech Inc
Kirin Holdings,Indústria Agrícola Tozan Ltda
Kirin Holdings,Japan Potato Corporation
Kirin Holdings,Jeil
Kirin Holdings,Kinki Coca
Kirin Holdings,Kirin
Kirin Holdings,Kirin Agribio EC B.V
Kirin Holdings,"Kirin Agribio Shanghai Company, Limited"
Kirin Holdings,"Kirin Australia Pty., Limited"
Kirin Holdings,"Kirin Beverage Company, Limited"
Kirin Holdings,Kirin Brewery
Kirin Holdings,Kirin Brewery Company Limited
Kirin Holdings,"Kirin Building Management Company., Limited"
Kirin Holdings,"Kirin City Company, Limited"
Kirin Holdings,"Kirin Communications Stage Company, Limited"
Kirin Holdings,"Kirin Dining Company, Limited"
Kirin Holdings,"Kirin Distillery Company, Limited"
Kirin Holdings,"Kirin Echo Company, Limited"
Kirin Holdings,"Kirin Engineering Company, Limited"
Kirin Holdings,Kirin Europe GmbH
Kirin Holdings,Kirin Green
Kirin Holdings,"Kirin Group Logistics Company, Limited"
Kirin Holdings,"Kirin Hotel Development Company, Limited"
Kirin Holdings,Kirin Kunpeng
Kirin Holdings,Kirin Pharmaceuticals
Kirin Holdings,"Kirin Pharmaceuticals Company, Limited"
Kirin Holdings,Kirin Techno
Kirin Holdings,Kirin Well
Kirin Holdings,Kyowa Hakko Bio
Kirin Holdings,"Kyowa Kirin Company, Limited"
Kirin Holdings,Lion Nathan Limited
Kirin Holdings,Mandalay Brewery Limited
Kirin Holdings,Mercian
Kirin Holdings,Myanmar Brewery Limited
Kirin Holdings,"Nagano Tomato Company, Limited"
Kirin Holdings,New Belgium Brewing Company
Kirin Holdings,"Qingdao International Seeds Company, Limited"
Kirin Holdings,San Miguel Brewery
Kirin Holdings,"Southern Glass House Produce, Limited"
Kirin Holdings,"Taiwan Kirin Company, Limited"
Kirin Holdings,Takeda
Kirin Holdings,"Tokita Seed Company, Limited"
Kirin Holdings,"Twyford International, Inc"
Kirin Holdings,"Verdy Company, Limited"
Kirin Holdings,"Zhuhai Kirin President Brewery Company, Limited"
Hermès International,"""A Boutique Where You Don't Just Buy"
Hermès International,"""Hermès of Paris, Inc.,""The New York Times, 5 October 1991"
Hermès International,"Agnès de Villers, Chairwoman and Executive Vice"
Hermès International,Architectural Digest
Hermès International,Arnault familya
Hermès International,Axel Dumas
Hermès International,"Berman, Phyllis"
Hermès International,Birkin bag
Hermès International,Catherine de Károlyia
Hermès International,Charles-Émile Hermèsa
Hermès International,"Charlotte David, Executive Vice"
Hermès International,Christine Nagel
Hermès International,Christine Nagela
Hermès International,Christophe Lemairea
Hermès International,Claude Broueta
Hermès International,Clothing
Hermès International,"Ellena, Jean"
Hermès International,"Florian Craen, Executive Vice"
Hermès International,"Frimes, William"
Hermès International,"Gandee, Charles"
Hermès International,Grace Wales Bonnera
Hermès International,"Guillaume de Seynes, Executive Vice"
Hermès International,H51a
Hermès International,Harper's Bazaar
Hermès International,Hermès Internationala
Hermès International,Jean Paul Gaultiera
Hermès International,Jean-Claude Ellenaa
Hermès International,Jean-Louis Dumasa
Hermès International,Kelly bag
Hermès International,Leather goods and saddlery: 42.6%
Hermès International,Lola Prusaca
Hermès International,Martin Margielaa
Hermès International,"Nadège Vanhée, Artistic Director of women's ready"
Hermès International,Nadège Vanhéea
Hermès International,Net incomea
Hermès International,Nicolas Puech Foundationa
Hermès International,Nicolas Puecha
Hermès International,Noma
Hermès International,"Olivier Fournier, Executive Vice"
Hermès International,Other
Hermès International,Perfumes: 3.5%
Hermès International,Pierre
Hermès International,Pierre Hardy
Hermès International,Pierre Hardya
Hermès International,Pierre-Alexis Dumasa
Hermès International,Profita
Hermès International,Revenuea
Hermès International,Robert Dumasa
Hermès International,"Rocca, Federico,Hermès"
Hermès International,"Sharon MacBeath, HGroup Director of Human Resources"
Hermès International,Silk and textile products: 6.3%
Hermès International,"Slesin, Susan"
Hermès International,The New York Times
Hermès International,The New Yorker
Hermès International,Thierry Hermèsa
Hermès International,U.S. News
Hermès International,USA Today
Hermès International,Véronique Nichanian
Hermès International,Véronique Nichaniana
Hermès International,Watches: 3.8%
Hermès International,Women's Wear Daily
Hermès International,Émile-Maurice Hermèsa
Hermès International,"Éric du Halgouët, Executive Vice"
Keurig Dr Pepper,7 Up
Keurig Dr Pepper,A&W Cream Soda
Keurig Dr Pepper,A&W Root Beer
Keurig Dr Pepper,Bai Brands
Keurig Dr Pepper,C'plus
Keurig Dr Pepper,Cactus Cooler
Keurig Dr Pepper,Canada Dry
Keurig Dr Pepper,Canfield's
Keurig Dr Pepper,Clamato
Keurig Dr Pepper,Crush
Keurig Dr Pepper,Dejà Blue
Keurig Dr Pepper,Diedrich Coffee
Keurig Dr Pepper,Diet Rite
Keurig Dr Pepper,Dr Pepper
Keurig Dr Pepper,Golden Cockerel
Keurig Dr Pepper,Green Mountain
Keurig Dr Pepper,Hawaiian Punch
Keurig Dr Pepper,Hires Root Beer
Keurig Dr Pepper,IBC Root Beer
Keurig Dr Pepper,Keurig
Keurig Dr Pepper,Margaritaville
Keurig Dr Pepper,Mott's
Keurig Dr Pepper,Mott's Fruitsations
Keurig Dr Pepper,Mott's Garden Cocktail
Keurig Dr Pepper,Mr & Mrs T
Keurig Dr Pepper,Nantucket Nectars
Keurig Dr Pepper,Nehi
Keurig Dr Pepper,Peñafiel
Keurig Dr Pepper,Peñafiel Fruit Sodas
Keurig Dr Pepper,Peñafiel Frutal
Keurig Dr Pepper,Peñafiel Mineral Water
Keurig Dr Pepper,Peñafiel Naturel
Keurig Dr Pepper,Peñafiel Twist
Keurig Dr Pepper,RC Cola
Keurig Dr Pepper,ReaLemon
Keurig Dr Pepper,ReaLime
Keurig Dr Pepper,Rose's
Keurig Dr Pepper,Rose's Cocktail Infusions
Keurig Dr Pepper,Rose's Grenadine
Keurig Dr Pepper,Rose's Lime Cordial
Keurig Dr Pepper,Schweppes
Keurig Dr Pepper,Snapple
Keurig Dr Pepper,Splenda
Keurig Dr Pepper,Squirt
Keurig Dr Pepper,Stewart's Fountain Classics
Keurig Dr Pepper,Sun Drop
Keurig Dr Pepper,Sunkist
Keurig Dr Pepper,Sussex Golden Ginger Ale
Keurig Dr Pepper,Timothy's World Coffee
Keurig Dr Pepper,Tully's Coffee
Keurig Dr Pepper,Van Houtte
Keurig Dr Pepper,Venom
Keurig Dr Pepper,Vernors
Keurig Dr Pepper,Wink
Keurig Dr Pepper,Yoo
Royal FrieslandCampina N.V.,2 Sisters Food Group
Royal FrieslandCampina N.V.,A. E. Rodda & Son
Royal FrieslandCampina N.V.,A. L. Simpkin & Co. Ltd
Royal FrieslandCampina N.V.,A.G. Barr
Royal FrieslandCampina N.V.,A101
Royal FrieslandCampina N.V.,ABC Foods
Royal FrieslandCampina N.V.,ABR Holdings
Royal FrieslandCampina N.V.,AVEBE
Royal FrieslandCampina N.V.,Aalst Chocolate
Royal FrieslandCampina N.V.,AarhusKarlshamn
Royal FrieslandCampina N.V.,Abba Seafood
Royal FrieslandCampina N.V.,Abbey Cheese Company
Royal FrieslandCampina N.V.,Adyar Ananda Bhavan
Royal FrieslandCampina N.V.,Agrana
Royal FrieslandCampina N.V.,Agrokor
Royal FrieslandCampina N.V.,Agropur
Royal FrieslandCampina N.V.,Ah Cacao Real Chocolate
Royal FrieslandCampina N.V.,Ahold Delhaize
Royal FrieslandCampina N.V.,Ajegroup
Royal FrieslandCampina N.V.,Ajinomoto
Royal FrieslandCampina N.V.,Alaska Milk Corporation
Royal FrieslandCampina N.V.,Aldi
Royal FrieslandCampina N.V.,Aldis SRL
Royal FrieslandCampina N.V.,Alicorp
Royal FrieslandCampina N.V.,Alimentos La Giralda
Royal FrieslandCampina N.V.,All American Foods
Royal FrieslandCampina N.V.,All Joy Foods
Royal FrieslandCampina N.V.,Alliance Group
Royal FrieslandCampina N.V.,Almarai
Royal FrieslandCampina N.V.,Alnatura
Royal FrieslandCampina N.V.,Alpenrose Dairy
Royal FrieslandCampina N.V.,Alpina Productos Alimenticios
Royal FrieslandCampina N.V.,Alpura
Royal FrieslandCampina N.V.,Alquería
Royal FrieslandCampina N.V.,Alsea
Royal FrieslandCampina N.V.,Alter Eco
Royal FrieslandCampina N.V.,Alvarado Street Bakery
Royal FrieslandCampina N.V.,AmRest
Royal FrieslandCampina N.V.,Amalgamated Sugar Company
Royal FrieslandCampina N.V.,Amano Artisan Chocolate
Royal FrieslandCampina N.V.,Amedei
Royal FrieslandCampina N.V.,American Crystal Sugar Company
Royal FrieslandCampina N.V.,American Licorice Company
Royal FrieslandCampina N.V.,American Sugar Refining
Royal FrieslandCampina N.V.,Americana Group
Royal FrieslandCampina N.V.,Amorino
Royal FrieslandCampina N.V.,Amoy Food
Royal FrieslandCampina N.V.,Amul
Royal FrieslandCampina N.V.,An Giang Coffee
Royal FrieslandCampina N.V.,Angel Bakeries
Royal FrieslandCampina N.V.,Anheuser
Royal FrieslandCampina N.V.,Annabelle Candy Company
Royal FrieslandCampina N.V.,Antonelli Bros Ltd
Royal FrieslandCampina N.V.,Apikoğlu
Royal FrieslandCampina N.V.,Arapian
Royal FrieslandCampina N.V.,Archer Daniels Midland
Royal FrieslandCampina N.V.,Ardsallagh Goat Farm
Royal FrieslandCampina N.V.,Arizmendi Bakery
Royal FrieslandCampina N.V.,Arla Foods
Royal FrieslandCampina N.V.,Arnott's Group
Royal FrieslandCampina N.V.,Asahi Breweries
Royal FrieslandCampina N.V.,Asbach Uralt
Royal FrieslandCampina N.V.,Asia Brewery
Royal FrieslandCampina N.V.,Asian Home Gourmet
Royal FrieslandCampina N.V.,Askinosie Chocolate
Royal FrieslandCampina N.V.,Associated British Foods
Royal FrieslandCampina N.V.,Atlantic Grupa
Royal FrieslandCampina N.V.,Atria
Royal FrieslandCampina N.V.,August Storck
Royal FrieslandCampina N.V.,Auricchio
Royal FrieslandCampina N.V.,Aurora Organic Dairy
Royal FrieslandCampina N.V.,Autogrill
Royal FrieslandCampina N.V.,Avalon International Breads
Royal FrieslandCampina N.V.,Axium Foods
Royal FrieslandCampina N.V.,Ayam
Royal FrieslandCampina N.V.,BEHER
Royal FrieslandCampina N.V.,BIP Brewery
Royal FrieslandCampina N.V.,BOH Plantations
Royal FrieslandCampina N.V.,BOS Ice Tea
Royal FrieslandCampina N.V.,BRF S.A
Royal FrieslandCampina N.V.,Babayevsky
Royal FrieslandCampina N.V.,Bachoco
Royal FrieslandCampina N.V.,Badia Spices
Royal FrieslandCampina N.V.,Bahlsen
Royal FrieslandCampina N.V.,Bahra Biscuit Factory
Royal FrieslandCampina N.V.,Baiada Poultry
Royal FrieslandCampina N.V.,Bakers
Royal FrieslandCampina N.V.,Bakers Delight
Royal FrieslandCampina N.V.,Bakkavör
Royal FrieslandCampina N.V.,Balfours
Royal FrieslandCampina N.V.,Balocco
Royal FrieslandCampina N.V.,Bama Gruppen
Royal FrieslandCampina N.V.,Bambi
Royal FrieslandCampina N.V.,Banas Dairy
Royal FrieslandCampina N.V.,Banvit
Royal FrieslandCampina N.V.,Barilla Group
Royal FrieslandCampina N.V.,Barry Callebaut
Royal FrieslandCampina N.V.,Barry's Tea
Royal FrieslandCampina N.V.,Bartolo Nardini
Royal FrieslandCampina N.V.,Basic Food Flavors
Royal FrieslandCampina N.V.,Baskin
Royal FrieslandCampina N.V.,Bates Dairy
Royal FrieslandCampina N.V.,Bavaria Brewery
Royal FrieslandCampina N.V.,Baxters
Royal FrieslandCampina N.V.,Bee Cheng Hiang
Royal FrieslandCampina N.V.,Beerenberg Farm
Royal FrieslandCampina N.V.,Bega Cheese
Royal FrieslandCampina N.V.,Bel Group
Royal FrieslandCampina N.V.,BelGioioso Cheese
Royal FrieslandCampina N.V.,Bell Food Group
Royal FrieslandCampina N.V.,Bellamy's Australia
Royal FrieslandCampina N.V.,Bellisio Foods
Royal FrieslandCampina N.V.,Ben's Cookies
Royal FrieslandCampina N.V.,Bengawan Solo
Royal FrieslandCampina N.V.,Benugo
Royal FrieslandCampina N.V.,Berman's Bakery
Royal FrieslandCampina N.V.,Bermudez Biscuit Company
Royal FrieslandCampina N.V.,Bernard Matthews Ltd
Royal FrieslandCampina N.V.,Bertagni
Royal FrieslandCampina N.V.,Bewley's
Royal FrieslandCampina N.V.,Bickford's Australia
Royal FrieslandCampina N.V.,Bien Hoa Sugar
Royal FrieslandCampina N.V.,Big Apple Bagels
Royal FrieslandCampina N.V.,Bihar State Milk Co
Royal FrieslandCampina N.V.,Binggrae
Royal FrieslandCampina N.V.,Biscuiterie Saint
Royal FrieslandCampina N.V.,Biscuits Fossier
Royal FrieslandCampina N.V.,Bisleri
Royal FrieslandCampina N.V.,Bittersweet Plantation Dairy
Royal FrieslandCampina N.V.,Blair's Sauces
Royal FrieslandCampina N.V.,Blue Bell Creameries
Royal FrieslandCampina N.V.,Blue Chip Cookies
Royal FrieslandCampina N.V.,Blue Diamond Growers
Royal FrieslandCampina N.V.,Bluebell Falls
Royal FrieslandCampina N.V.,Boar's Head Provision Company
Royal FrieslandCampina N.V.,Bob's Red Mill
Royal FrieslandCampina N.V.,Bompas & Parr
Royal FrieslandCampina N.V.,Bonduelle
Royal FrieslandCampina N.V.,Bongrain
Royal FrieslandCampina N.V.,Bonnat Chocolates
Royal FrieslandCampina N.V.,Booker Group
Royal FrieslandCampina N.V.,Boon Rawd Brewery
Royal FrieslandCampina N.V.,Boost Juice
Royal FrieslandCampina N.V.,Borges Mediterranean Group
Royal FrieslandCampina N.V.,Born Feinkost
Royal FrieslandCampina N.V.,Borsod Brewery
Royal FrieslandCampina N.V.,Bothwell Cheese
Royal FrieslandCampina N.V.,Boudin Bakery
Royal FrieslandCampina N.V.,Bounty Agro Ventures
Royal FrieslandCampina N.V.,Boyer Brothers
Royal FrieslandCampina N.V.,Brace's Bakery
Royal FrieslandCampina N.V.,Brach's
Royal FrieslandCampina N.V.,Brains Brewery
Royal FrieslandCampina N.V.,Brauerei Ottakringer
Royal FrieslandCampina N.V.,Brazilian Fast Food Corporation
Royal FrieslandCampina N.V.,BreadTalk
Royal FrieslandCampina N.V.,Breadsmith
Royal FrieslandCampina N.V.,Breadtop
Royal FrieslandCampina N.V.,Brewster Dairy
Royal FrieslandCampina N.V.,Bright Food
Royal FrieslandCampina N.V.,Britannia Industries
Royal FrieslandCampina N.V.,Britvic
Royal FrieslandCampina N.V.,Brooklyn Boy Bagels
Royal FrieslandCampina N.V.,Brown
Royal FrieslandCampina N.V.,Brown and Haley
Royal FrieslandCampina N.V.,Bruce Foods
Royal FrieslandCampina N.V.,Brynild Gruppen
Royal FrieslandCampina N.V.,Buddy Fruits
Royal FrieslandCampina N.V.,Bulla Dairy Foods
Royal FrieslandCampina N.V.,Bundaberg Brewed Drinks
Royal FrieslandCampina N.V.,Bunge Limited
Royal FrieslandCampina N.V.,Burgers' Smokehouse
Royal FrieslandCampina N.V.,Burren Smokehouse
Royal FrieslandCampina N.V.,Burton's Biscuit Company
Royal FrieslandCampina N.V.,Butlers Chocolates
Royal FrieslandCampina N.V.,Byrne Dairy
Royal FrieslandCampina N.V.,Béal Organic Cheese
Royal FrieslandCampina N.V.,Búfalo
Royal FrieslandCampina N.V.,C&C Group
Royal FrieslandCampina N.V.,C. Hahne Mühlenwerke GmbH & Co. KG
Royal FrieslandCampina N.V.,CDO Foodsphere
Royal FrieslandCampina N.V.,CHS Inc
Royal FrieslandCampina N.V.,CJ CheilJedang
Royal FrieslandCampina N.V.,CJ Group
Royal FrieslandCampina N.V.,COFCO Group
Royal FrieslandCampina N.V.,Cabot Creamery
Royal FrieslandCampina N.V.,Cahill's Farm Cheese
Royal FrieslandCampina N.V.,Cailler
Royal FrieslandCampina N.V.,Cal
Royal FrieslandCampina N.V.,Calavo Growers
Royal FrieslandCampina N.V.,Calbee
Royal FrieslandCampina N.V.,Calidad Pascual
Royal FrieslandCampina N.V.,Campari Group
Royal FrieslandCampina N.V.,Campbell Soup Company
Royal FrieslandCampina N.V.,Camperdown Dairy International
Royal FrieslandCampina N.V.,Campofrío Food Group
Royal FrieslandCampina N.V.,Canberra Milk
Royal FrieslandCampina N.V.,Canyon Creek Food Company
Royal FrieslandCampina N.V.,Captain Ken's Foods
Royal FrieslandCampina N.V.,Carapelli
Royal FrieslandCampina N.V.,Cargill
Royal FrieslandCampina N.V.,Cargills
Royal FrieslandCampina N.V.,Carib Brewery
Royal FrieslandCampina N.V.,Carlo's Bake Shop
Royal FrieslandCampina N.V.,Carlow Brewing Company
Royal FrieslandCampina N.V.,Carlsberg Group
Royal FrieslandCampina N.V.,Carolina Foods
Royal FrieslandCampina N.V.,Carrigaline Farmhouse Cheese
Royal FrieslandCampina N.V.,Casa Sanchez Foods
Royal FrieslandCampina N.V.,Cass
Royal FrieslandCampina N.V.,Castaño
Royal FrieslandCampina N.V.,Castel Group
Royal FrieslandCampina N.V.,Catterton Partners
Royal FrieslandCampina N.V.,Cavalier Chocolate
Royal FrieslandCampina N.V.,Cavanagh Company
Royal FrieslandCampina N.V.,Century Pacific Food
Royal FrieslandCampina N.V.,Cerealis
Royal FrieslandCampina N.V.,Cermaq
Royal FrieslandCampina N.V.,Cevital
Royal FrieslandCampina N.V.,Ceylon Biscuits Limited
Royal FrieslandCampina N.V.,Ceylon Cold Stores
Royal FrieslandCampina N.V.,Chagrin Falls Popcorn Shop
Royal FrieslandCampina N.V.,Chaoda Modern Agriculture
Royal FrieslandCampina N.V.,Chapman's
Royal FrieslandCampina N.V.,Charbonnel et Walker
Royal FrieslandCampina N.V.,Charles Chips
Royal FrieslandCampina N.V.,Charoen Pokphand Foods
Royal FrieslandCampina N.V.,Chaseholm Farm Creamery
Royal FrieslandCampina N.V.,Chelsea Sugar Refinery
Royal FrieslandCampina N.V.,Cherkizovo
Royal FrieslandCampina N.V.,Cherrybrook Kitchen
Royal FrieslandCampina N.V.,Chilchota Alimentos
Royal FrieslandCampina N.V.,Chipotle Mexican Grill
Royal FrieslandCampina N.V.,Chiquita Brands International
Royal FrieslandCampina N.V.,Chocolates El Rey
Royal FrieslandCampina N.V.,Chocolove
Royal FrieslandCampina N.V.,Cholula Hot Sauce
Royal FrieslandCampina N.V.,Choppies
Royal FrieslandCampina N.V.,Chr. Hansen
Royal FrieslandCampina N.V.,Chumak
Royal FrieslandCampina N.V.,Cielo
Royal FrieslandCampina N.V.,Cirio
Royal FrieslandCampina N.V.,Clark's Pies
Royal FrieslandCampina N.V.,Cloetta
Royal FrieslandCampina N.V.,Clover
Royal FrieslandCampina N.V.,Clover Stornetta Farms
Royal FrieslandCampina N.V.,Co
Royal FrieslandCampina N.V.,Cofaco
Royal FrieslandCampina N.V.,Coffee World
Royal FrieslandCampina N.V.,Colavita
Royal FrieslandCampina N.V.,Colcom Foods
Royal FrieslandCampina N.V.,Collin Street Bakery
Royal FrieslandCampina N.V.,Columbus Salame
Royal FrieslandCampina N.V.,Comfoods
Royal FrieslandCampina N.V.,Comigel
Royal FrieslandCampina N.V.,Compagnie des Fromages et RichesMonts
Royal FrieslandCampina N.V.,Compass Group
Royal FrieslandCampina N.V.,Compañía de las Cervecerías Unidas
Royal FrieslandCampina N.V.,Conagra Brands
Royal FrieslandCampina N.V.,Concha y Toro
Royal FrieslandCampina N.V.,Confiserie Roodthooft
Royal FrieslandCampina N.V.,Confiserie Sprüngli
Royal FrieslandCampina N.V.,Conservas Ramirez
Royal FrieslandCampina N.V.,ContiGroup Companies
Royal FrieslandCampina N.V.,Convenience Retail Asia
Royal FrieslandCampina N.V.,Cook Trading
Royal FrieslandCampina N.V.,Cookie Time
Royal FrieslandCampina N.V.,Coop
Royal FrieslandCampina N.V.,Coop Norge
Royal FrieslandCampina N.V.,Cooperativa Agrícola
Royal FrieslandCampina N.V.,Cooperl Arc Atlantique
Royal FrieslandCampina N.V.,Cooplands
Royal FrieslandCampina N.V.,Coppenrath & Wiese
Royal FrieslandCampina N.V.,Coppola Foods
Royal FrieslandCampina N.V.,Corporación Lindley S.A
Royal FrieslandCampina N.V.,Cott
Royal FrieslandCampina N.V.,Cowgirl Creamery
Royal FrieslandCampina N.V.,Cranswick plc
Royal FrieslandCampina N.V.,Crown Confectionery
Royal FrieslandCampina N.V.,Crumbs Bake Shop
Royal FrieslandCampina N.V.,Crystal Creamery
Royal FrieslandCampina N.V.,Crystal Hot Sauce
Royal FrieslandCampina N.V.,Cuisine Solutions
Royal FrieslandCampina N.V.,Cuulong Fish
Royal FrieslandCampina N.V.,Cypress Point Creamery
Royal FrieslandCampina N.V.,D'Artagnan
Royal FrieslandCampina N.V.,DAVA Foods
Royal FrieslandCampina N.V.,DCI Cheese Company
Royal FrieslandCampina N.V.,Dabur
Royal FrieslandCampina N.V.,Dachan Food
Royal FrieslandCampina N.V.,Dagoba Chocolate
Royal FrieslandCampina N.V.,Daintee
Royal FrieslandCampina N.V.,Dairy Crest
Royal FrieslandCampina N.V.,Dairy Farm International Holdings
Royal FrieslandCampina N.V.,Dairy Farmers
Royal FrieslandCampina N.V.,Dairy Queen
Royal FrieslandCampina N.V.,Daiya
Royal FrieslandCampina N.V.,Dakota Beef
Royal FrieslandCampina N.V.,Dalda
Royal FrieslandCampina N.V.,Dalloyau
Royal FrieslandCampina N.V.,Dan
Royal FrieslandCampina N.V.,Dan's Chocolates
Royal FrieslandCampina N.V.,"Daniele, Inc"
Royal FrieslandCampina N.V.,Danish Agro
Royal FrieslandCampina N.V.,Danish Crown AmbA
Royal FrieslandCampina N.V.,Danone
Royal FrieslandCampina N.V.,Dare Foods
Royal FrieslandCampina N.V.,Daregal
Royal FrieslandCampina N.V.,Darigold
Royal FrieslandCampina N.V.,Darrell Lea
Royal FrieslandCampina N.V.,Dave's Gourmet
Royal FrieslandCampina N.V.,De Cecco
Royal FrieslandCampina N.V.,Dean Foods
Royal FrieslandCampina N.V.,Debauve & Gallais
Royal FrieslandCampina N.V.,Deep Foods
Royal FrieslandCampina N.V.,Del Monte Foods
Royal FrieslandCampina N.V.,Delamere Dairy
Royal FrieslandCampina N.V.,Delfi Limited
Royal FrieslandCampina N.V.,Delhaize Group
Royal FrieslandCampina N.V.,Delica
Royal FrieslandCampina N.V.,Delimondo
Royal FrieslandCampina N.V.,Delta Cafés
Royal FrieslandCampina N.V.,Delta Djakarta
Royal FrieslandCampina N.V.,Den Lille Nøttefabrikken
Royal FrieslandCampina N.V.,Devro
Royal FrieslandCampina N.V.,Dick Smith Foods
Royal FrieslandCampina N.V.,Dietary Foods Ltd
Royal FrieslandCampina N.V.,Dietz & Watson
Royal FrieslandCampina N.V.,Distell Group Limited
Royal FrieslandCampina N.V.,Divine Chocolate
Royal FrieslandCampina N.V.,Do & Co
Royal FrieslandCampina N.V.,Dog
Royal FrieslandCampina N.V.,Dolciaria Balconi
Royal FrieslandCampina N.V.,Dole Food Company
Royal FrieslandCampina N.V.,Domino's
Royal FrieslandCampina N.V.,Domino's Pizza
Royal FrieslandCampina N.V.,Domori
Royal FrieslandCampina N.V.,Don Jorge
Royal FrieslandCampina N.V.,Donegal Creameries
Royal FrieslandCampina N.V.,Dongwon Industries
Royal FrieslandCampina N.V.,Doosan Corporation
Royal FrieslandCampina N.V.,Douwe Egberts
Royal FrieslandCampina N.V.,Dr. Oetker
Royal FrieslandCampina N.V.,Drammens Is
Royal FrieslandCampina N.V.,Driscoll's
Royal FrieslandCampina N.V.,Droste
Royal FrieslandCampina N.V.,Druckers Vienna Patisserie
Royal FrieslandCampina N.V.,Duc d'O
Royal FrieslandCampina N.V.,Dudhsagar Dairy
Royal FrieslandCampina N.V.,Dunkin' Donuts
Royal FrieslandCampina N.V.,Dutch Lady Milk Industries
Royal FrieslandCampina N.V.,Dutch Mill
Royal FrieslandCampina N.V.,Dylan's Candy Bar
Royal FrieslandCampina N.V.,Délifrance
Royal FrieslandCampina N.V.,Düsseldorfer Löwensenf
Royal FrieslandCampina N.V.,Earth's Own Food Company
Royal FrieslandCampina N.V.,Ebro Foods
Royal FrieslandCampina N.V.,Eden Foods Inc
Royal FrieslandCampina N.V.,Edwards Baking
Royal FrieslandCampina N.V.,Efes Beverage Group
Royal FrieslandCampina N.V.,Elledi
Royal FrieslandCampina N.V.,Ellsworth Cooperative Creamery
Royal FrieslandCampina N.V.,Elmer's Fine Foods
Royal FrieslandCampina N.V.,Emerson's Brewery
Royal FrieslandCampina N.V.,Emmi AG
Royal FrieslandCampina N.V.,Empire Kosher
Royal FrieslandCampina N.V.,Empresas Polar
Royal FrieslandCampina N.V.,Eng Bee Tin
Royal FrieslandCampina N.V.,Engro Corporation
Royal FrieslandCampina N.V.,Enrique Cassinelli
Royal FrieslandCampina N.V.,Ernest Hillier Chocolates
Royal FrieslandCampina N.V.,Est Cola
Royal FrieslandCampina N.V.,European Drinks
Royal FrieslandCampina N.V.,Evansdale Cheese
Royal FrieslandCampina N.V.,Everest Spices
Royal FrieslandCampina N.V.,Evga S.A
Royal FrieslandCampina N.V.,Ezaki Glico
Royal FrieslandCampina N.V.,F. Duerr
Royal FrieslandCampina N.V.,Famous Brands
Royal FrieslandCampina N.V.,Fauji Foundation
Royal FrieslandCampina N.V.,Fazer
Royal FrieslandCampina N.V.,Felda Global Ventures Holdings
Royal FrieslandCampina N.V.,Felleskjøpet
Royal FrieslandCampina N.V.,Ferguson Plarre Bakehouses
Royal FrieslandCampina N.V.,Ferrero SpA
Royal FrieslandCampina N.V.,Fiendish Feet
Royal FrieslandCampina N.V.,Figaro Coffee Company
Royal FrieslandCampina N.V.,Findus
Royal FrieslandCampina N.V.,First Milk
Royal FrieslandCampina N.V.,Fivemiletown Creamery
Royal FrieslandCampina N.V.,Fjordland
Royal FrieslandCampina N.V.,Flahavan's
Royal FrieslandCampina N.V.,Flavorite Ice Cream
Royal FrieslandCampina N.V.,Fleury Michon
Royal FrieslandCampina N.V.,Flowers Foods
Royal FrieslandCampina N.V.,Fonterra
Royal FrieslandCampina N.V.,Food Terminal Inc
Royal FrieslandCampina N.V.,Foodstuffs
Royal FrieslandCampina N.V.,Foshan Haitian Flavouring & Food Co
Royal FrieslandCampina N.V.,Foster Farms
Royal FrieslandCampina N.V.,Fox's Confectionery
Royal FrieslandCampina N.V.,Foxton Fizz
Royal FrieslandCampina N.V.,Franches
Royal FrieslandCampina N.V.,Franck
Royal FrieslandCampina N.V.,Frank's RedHot
Royal FrieslandCampina N.V.,Franklin Baker Company
Royal FrieslandCampina N.V.,Fraser and Neave
Royal FrieslandCampina N.V.,Fred's Frozen Foods
Royal FrieslandCampina N.V.,French's
Royal FrieslandCampina N.V.,Fresh Del Monte Produce
Royal FrieslandCampina N.V.,Frieda's Inc
Royal FrieslandCampina N.V.,Friele
Royal FrieslandCampina N.V.,Friesinger's Candies
Royal FrieslandCampina N.V.,FrieslandCampina
Royal FrieslandCampina N.V.,Friis
Royal FrieslandCampina N.V.,Frontier Natural Products Co
Royal FrieslandCampina N.V.,Frosta AG
Royal FrieslandCampina N.V.,Frosty Boy
Royal FrieslandCampina N.V.,Fruitas Holdings
Royal FrieslandCampina N.V.,Frulact
Royal FrieslandCampina N.V.,Fufeng Group
Royal FrieslandCampina N.V.,Fuji Food
Royal FrieslandCampina N.V.,Fujian Dali Group
Royal FrieslandCampina N.V.,Fujimitsu Corporation
Royal FrieslandCampina N.V.,Fujiya
Royal FrieslandCampina N.V.,Fyffes
Royal FrieslandCampina N.V.,Galletas Gullón
Royal FrieslandCampina N.V.,Galliker's
Royal FrieslandCampina N.V.,Ganong Bros
Royal FrieslandCampina N.V.,Gardenia Foods
Royal FrieslandCampina N.V.,Garoto
Royal FrieslandCampina N.V.,Gartnerhallen
Royal FrieslandCampina N.V.,Gavilon
Royal FrieslandCampina N.V.,Gay Lea
Royal FrieslandCampina N.V.,Gelati Cecchi
Royal FrieslandCampina N.V.,Gelato Italia
Royal FrieslandCampina N.V.,General Mills
Royal FrieslandCampina N.V.,George Weston Limited
Royal FrieslandCampina N.V.,Georgetown Cupcake
Royal FrieslandCampina N.V.,Gertrude Hawk Chocolates
Royal FrieslandCampina N.V.,Giambri's Quality Sweets
Royal FrieslandCampina N.V.,Ginsters
Royal FrieslandCampina N.V.,Giovanni Rana
Royal FrieslandCampina N.V.,Girolamo Luxardo
Royal FrieslandCampina N.V.,Glacio
Royal FrieslandCampina N.V.,Gleeson Group
Royal FrieslandCampina N.V.,Global Sweeteners
Royal FrieslandCampina N.V.,Goetze's Candy Company
Royal FrieslandCampina N.V.,Gold Pure Food Products Co
Royal FrieslandCampina N.V.,Golden Flake
Royal FrieslandCampina N.V.,Golden Web
Royal FrieslandCampina N.V.,Goldenfry
Royal FrieslandCampina N.V.,Goldilocks Bakeshop
Royal FrieslandCampina N.V.,Goodman Fielder
Royal FrieslandCampina N.V.,Gossner Foods
Royal FrieslandCampina N.V.,Gourmet Foods
Royal FrieslandCampina N.V.,Goya Foods
Royal FrieslandCampina N.V.,Grafton Village Cheese Company
Royal FrieslandCampina N.V.,Granarolo
Royal FrieslandCampina N.V.,Granini
Royal FrieslandCampina N.V.,Graze
Royal FrieslandCampina N.V.,Great Harvest Bread Company
Royal FrieslandCampina N.V.,Greencore
Royal FrieslandCampina N.V.,Greene King
Royal FrieslandCampina N.V.,Greenfields
Royal FrieslandCampina N.V.,Gregg's
Royal FrieslandCampina N.V.,Griffin's Foods
Royal FrieslandCampina N.V.,Grodzinski Bakery
Royal FrieslandCampina N.V.,Grom
Royal FrieslandCampina N.V.,Groupe Bigard
Royal FrieslandCampina N.V.,Groupe Doux
Royal FrieslandCampina N.V.,Groupe Holder
Royal FrieslandCampina N.V.,Groupe Le Duff
Royal FrieslandCampina N.V.,Groupe Limagrain
Royal FrieslandCampina N.V.,Gruma
Royal FrieslandCampina N.V.,Grupo Anderson's
Royal FrieslandCampina N.V.,Grupo Arcor
Royal FrieslandCampina N.V.,Grupo Bimbo
Royal FrieslandCampina N.V.,Grupo Calvo
Royal FrieslandCampina N.V.,Grupo La Norteñita
Royal FrieslandCampina N.V.,Grupo Lala
Royal FrieslandCampina N.V.,Grupo Nutresa
Royal FrieslandCampina N.V.,Grupo Petrópolis
Royal FrieslandCampina N.V.,Grupo RAR
Royal FrieslandCampina N.V.,Guglielmo coffee
Royal FrieslandCampina N.V.,Guittard Chocolate Company
Royal FrieslandCampina N.V.,Gulsan
Royal FrieslandCampina N.V.,Gunnar Dafgård
Royal FrieslandCampina N.V.,Gustobene
Royal FrieslandCampina N.V.,Győri Keksz
Royal FrieslandCampina N.V.,Gü
Royal FrieslandCampina N.V.,HKScan
Royal FrieslandCampina N.V.,HOFF Norske Potetindustrier
Royal FrieslandCampina N.V.,HP Hood
Royal FrieslandCampina N.V.,HR Bradfords
Royal FrieslandCampina N.V.,Habeco
Royal FrieslandCampina N.V.,Hadji Bey
Royal FrieslandCampina N.V.,Hai Ha Confectionery
Royal FrieslandCampina N.V.,Haigh's Chocolates
Royal FrieslandCampina N.V.,Hain Celestial Group
Royal FrieslandCampina N.V.,Haitai
Royal FrieslandCampina N.V.,Haitoglou Bros
Royal FrieslandCampina N.V.,Haldiram's
Royal FrieslandCampina N.V.,Halloren Chocolate Factory
Royal FrieslandCampina N.V.,Hangzhou Wahaha Group
Royal FrieslandCampina N.V.,Hanoimilk
Royal FrieslandCampina N.V.,Hans Adler
Royal FrieslandCampina N.V.,Hanwei Group
Royal FrieslandCampina N.V.,Happy Cow Creamery
Royal FrieslandCampina N.V.,Haribo
Royal FrieslandCampina N.V.,Harischandra Mills
Royal FrieslandCampina N.V.,Hatfield Quality Meats
Royal FrieslandCampina N.V.,Hatsun Agro Product
Royal FrieslandCampina N.V.,Havanna
Royal FrieslandCampina N.V.,Healtheries
Royal FrieslandCampina N.V.,Heineken International
Royal FrieslandCampina N.V.,Hell Energy Drink
Royal FrieslandCampina N.V.,Hennig
Royal FrieslandCampina N.V.,Heritage Foods USA
Royal FrieslandCampina N.V.,Herlocher Foods
Royal FrieslandCampina N.V.,Hero Group
Royal FrieslandCampina N.V.,Hershey Creamery Company
Royal FrieslandCampina N.V.,HeySong Corporation
Royal FrieslandCampina N.V.,Higgidy
Royal FrieslandCampina N.V.,Highlands Coffee
Royal FrieslandCampina N.V.,Hilmar Cheese Company
Royal FrieslandCampina N.V.,Hollandia Produce
Royal FrieslandCampina N.V.,Hollys
Royal FrieslandCampina N.V.,Hope and Greenwood
Royal FrieslandCampina N.V.,Horizon Organic
Royal FrieslandCampina N.V.,Hormel Foods
Royal FrieslandCampina N.V.,Hortex
Royal FrieslandCampina N.V.,House Foods
Royal FrieslandCampina N.V.,House of Angostura
Royal FrieslandCampina N.V.,Hovis
Royal FrieslandCampina N.V.,Hsin Tung Yang
Royal FrieslandCampina N.V.,Hubbard Foods
Royal FrieslandCampina N.V.,Huda Beer
Royal FrieslandCampina N.V.,Hue Beer
Royal FrieslandCampina N.V.,Huiyuan Juice
Royal FrieslandCampina N.V.,Huon Aquaculture
Royal FrieslandCampina N.V.,Huy Fong Foods
Royal FrieslandCampina N.V.,Hval Sjokoladefabrikk
Royal FrieslandCampina N.V.,Händlmaier
Royal FrieslandCampina N.V.,Hédiard
Royal FrieslandCampina N.V.,IANSA
Royal FrieslandCampina N.V.,ITC Limited
Royal FrieslandCampina N.V.,Ibarra
Royal FrieslandCampina N.V.,Idaho Candy Company
Royal FrieslandCampina N.V.,Imlek a.d
Royal FrieslandCampina N.V.,Impact Confections
Royal FrieslandCampina N.V.,Indofood
Royal FrieslandCampina N.V.,Indykpol
Royal FrieslandCampina N.V.,Inghams Enterprises
Royal FrieslandCampina N.V.,Ingredion
Royal FrieslandCampina N.V.,Inmarko
Royal FrieslandCampina N.V.,Inspire Brands
Royal FrieslandCampina N.V.,International Meal Company
Royal FrieslandCampina N.V.,Intersnack
Royal FrieslandCampina N.V.,Ion
Royal FrieslandCampina N.V.,Irwin's Bakery
Royal FrieslandCampina N.V.,Isaly's
Royal FrieslandCampina N.V.,Isis Central Sugar Mill
Royal FrieslandCampina N.V.,Isklar
Royal FrieslandCampina N.V.,Italian Peoples Bakery
Royal FrieslandCampina N.V.,J & J Snack Foods
Royal FrieslandCampina N.V.,J&D's Down Home Enterprises
Royal FrieslandCampina N.V.,JBS S.A
Royal FrieslandCampina N.V.,JKN Global Group
Royal FrieslandCampina N.V.,Japfa
Royal FrieslandCampina N.V.,Jarritos
Royal FrieslandCampina N.V.,Jel Sert
Royal FrieslandCampina N.V.,Jelly Belly
Royal FrieslandCampina N.V.,Jeongin Food
Royal FrieslandCampina N.V.,Jim Pattison Group
Royal FrieslandCampina N.V.,Jimmy's Pies
Royal FrieslandCampina N.V.,John Martin Brewery
Royal FrieslandCampina N.V.,Jollibee Foods Corporation
Royal FrieslandCampina N.V.,Jordans
Royal FrieslandCampina N.V.,Jose Cuervo
Royal FrieslandCampina N.V.,Joseph Gallo Farms
Royal FrieslandCampina N.V.,José Arechabala S.A
Royal FrieslandCampina N.V.,Joy Baking Group
Royal FrieslandCampina N.V.,Joyva
Royal FrieslandCampina N.V.,Jules Destrooper
Royal FrieslandCampina N.V.,Julius Meinl
Royal FrieslandCampina N.V.,Junket
Royal FrieslandCampina N.V.,Just Born
Royal FrieslandCampina N.V.,Just Us!
Royal FrieslandCampina N.V.,K&N's
Royal FrieslandCampina N.V.,K.C. Confectionery Limited
Royal FrieslandCampina N.V.,KYKNOS S.A
Royal FrieslandCampina N.V.,Kabaya
Royal FrieslandCampina N.V.,Kagome
Royal FrieslandCampina N.V.,Kalise Menorquina
Royal FrieslandCampina N.V.,Kamis
Royal FrieslandCampina N.V.,Kandit
Royal FrieslandCampina N.V.,Kansas City Steak Company
Royal FrieslandCampina N.V.,Karnataka Milk Federation
Royal FrieslandCampina N.V.,Kart's
Royal FrieslandCampina N.V.,Kaslink Foods
Royal FrieslandCampina N.V.,Kavli
Royal FrieslandCampina N.V.,Kavli Trust
Royal FrieslandCampina N.V.,Kawartha Dairy Company
Royal FrieslandCampina N.V.,Kazi Farms Group
Royal FrieslandCampina N.V.,Kee Wah Bakery
Royal FrieslandCampina N.V.,Kellogg's
Royal FrieslandCampina N.V.,Kenya Wine Agencies Limited
Royal FrieslandCampina N.V.,Kerala Co
Royal FrieslandCampina N.V.,Kerry Group
Royal FrieslandCampina N.V.,Ketel One
Royal FrieslandCampina N.V.,Keurig Dr Pepper
Royal FrieslandCampina N.V.,Khon Kaen Sugar
Royal FrieslandCampina N.V.,Khortytsia
Royal FrieslandCampina N.V.,Kikkoman
Royal FrieslandCampina N.V.,Killiney Kopitiam
Royal FrieslandCampina N.V.,Kimlan Foods
Royal FrieslandCampina N.V.,King Arthur Flour
Royal FrieslandCampina N.V.,King's Hawaiian
Royal FrieslandCampina N.V.,Kinh Do Corporation
Royal FrieslandCampina N.V.,Kino Food
Royal FrieslandCampina N.V.,Kiolbassa Sausage
Royal FrieslandCampina N.V.,Kirin Company
Royal FrieslandCampina N.V.,Kiss Baking Company Limited
Royal FrieslandCampina N.V.,Knjaz Miloš
Royal FrieslandCampina N.V.,Knuthenlund
Royal FrieslandCampina N.V.,Koch Foods
Royal FrieslandCampina N.V.,Koegel Meat Company
Royal FrieslandCampina N.V.,Koestlin
Royal FrieslandCampina N.V.,Kohberg Bakery Group
Royal FrieslandCampina N.V.,Konditor & Cook
Royal FrieslandCampina N.V.,Konti Group
Royal FrieslandCampina N.V.,Korea Tobacco
Royal FrieslandCampina N.V.,Kossar's Bialys
Royal FrieslandCampina N.V.,Kout Food Group
Royal FrieslandCampina N.V.,Kraft Heinz
Royal FrieslandCampina N.V.,Krasny Oktyabr
Royal FrieslandCampina N.V.,Kraš
Royal FrieslandCampina N.V.,Kremenchukm'yaso
Royal FrieslandCampina N.V.,Krinos Foods
Royal FrieslandCampina N.V.,Krispy Kreme
Royal FrieslandCampina N.V.,Kronos Foods
Royal FrieslandCampina N.V.,"Kuli Kuli, Inc"
Royal FrieslandCampina N.V.,Kuo Yuan Ye
Royal FrieslandCampina N.V.,Kweichow Moutai Company
Royal FrieslandCampina N.V.,LEOC Japan
Royal FrieslandCampina N.V.,La Clandestine Absinthe
Royal FrieslandCampina N.V.,La Costeña
Royal FrieslandCampina N.V.,La Fantana
Royal FrieslandCampina N.V.,La Iberica
Royal FrieslandCampina N.V.,La Loma Foods
Royal FrieslandCampina N.V.,La Molisana
Royal FrieslandCampina N.V.,La Rose Noire
Royal FrieslandCampina N.V.,La Serenísima
Royal FrieslandCampina N.V.,La Vie Claire
Royal FrieslandCampina N.V.,Lactalis
Royal FrieslandCampina N.V.,Lactogal
Royal FrieslandCampina N.V.,Lakeland Dairies
Royal FrieslandCampina N.V.,Land O'Lakes
Royal FrieslandCampina N.V.,Lantmännen
Royal FrieslandCampina N.V.,Lassonde Industries
Royal FrieslandCampina N.V.,Laura Secord Chocolates
Royal FrieslandCampina N.V.,Lavazza
Royal FrieslandCampina N.V.,Lazzaroni
Royal FrieslandCampina N.V.,Le Pain Quotidien
Royal FrieslandCampina N.V.,Leonidas
Royal FrieslandCampina N.V.,Leprino Foods
Royal FrieslandCampina N.V.,Lerum
Royal FrieslandCampina N.V.,Les Domaines Agricoles
Royal FrieslandCampina N.V.,Lesters Foods Ltd
Royal FrieslandCampina N.V.,Levain Bakery
Royal FrieslandCampina N.V.,Lewis Road Creamery
Royal FrieslandCampina N.V.,Liberté_Inc
Royal FrieslandCampina N.V.,Lifeway Foods
Royal FrieslandCampina N.V.,Limoneira
Royal FrieslandCampina N.V.,Lindt & Sprüngli
Royal FrieslandCampina N.V.,Lion Capital LLP
Royal FrieslandCampina N.V.,Lion Dairy
Royal FrieslandCampina N.V.,Little Crow Foods
Royal FrieslandCampina N.V.,Livestock Improvement Corporation
Royal FrieslandCampina N.V.,Liwayway Holdings Company
Royal FrieslandCampina N.V.,Liz Lovely
Royal FrieslandCampina N.V.,Lloyd Maunder
Royal FrieslandCampina N.V.,Loacker
Royal FrieslandCampina N.V.,Lobel's of New York
Royal FrieslandCampina N.V.,Loch Duart
Royal FrieslandCampina N.V.,Lorenz Snack
Royal FrieslandCampina N.V.,Lotte Corporation
Royal FrieslandCampina N.V.,Lotte Wellfood
Royal FrieslandCampina N.V.,Lotus Bakeries
Royal FrieslandCampina N.V.,Love Grown Foods
Royal FrieslandCampina N.V.,Lucas Bols
Royal FrieslandCampina N.V.,Luck's Incorporated
Royal FrieslandCampina N.V.,Lur Berri
Royal FrieslandCampina N.V.,Lyons Tea
Royal FrieslandCampina N.V.,Løgismose Meyers
Royal FrieslandCampina N.V.,M&M Food Market
Royal FrieslandCampina N.V.,MFA Incorporated
Royal FrieslandCampina N.V.,MTY Food Group
Royal FrieslandCampina N.V.,Maarud
Royal FrieslandCampina N.V.,Mackie's
Royal FrieslandCampina N.V.,Mackmyra Whisky
Royal FrieslandCampina N.V.,Mado
Royal FrieslandCampina N.V.,Magnolia Bakery
Royal FrieslandCampina N.V.,Mahou
Royal FrieslandCampina N.V.,Malagos Chocolate
Royal FrieslandCampina N.V.,Maliban Biscuit Manufactories Limited
Royal FrieslandCampina N.V.,Mama Sita's Holding Company
Royal FrieslandCampina N.V.,Mamee Double
Royal FrieslandCampina N.V.,Manischewitz
Royal FrieslandCampina N.V.,Manner
Royal FrieslandCampina N.V.,Maple Leaf Foods
Royal FrieslandCampina N.V.,"Marathon Enterprises, Inc"
Royal FrieslandCampina N.V.,Marfrig
Royal FrieslandCampina N.V.,Marich Confectionery
Royal FrieslandCampina N.V.,Marico
Royal FrieslandCampina N.V.,Marin French Cheese Company
Royal FrieslandCampina N.V.,"Mars, Incorporated"
Royal FrieslandCampina N.V.,"Martin's Famous Pastry Shoppe, Inc"
Royal FrieslandCampina N.V.,Martin's Potato Chips
Royal FrieslandCampina N.V.,Maruchan
Royal FrieslandCampina N.V.,Maruha Nichiro
Royal FrieslandCampina N.V.,Marukome
Royal FrieslandCampina N.V.,Marzadro Distillery
Royal FrieslandCampina N.V.,Maspex
Royal FrieslandCampina N.V.,Massimo Zanetti Beverage Group
Royal FrieslandCampina N.V.,Mast Brothers
Royal FrieslandCampina N.V.,Mauds Ice Creams
Royal FrieslandCampina N.V.,Maui Pineapple Company
Royal FrieslandCampina N.V.,Max Felchlin
Royal FrieslandCampina N.V.,Max's Group
Royal FrieslandCampina N.V.,Mayora Indah
Royal FrieslandCampina N.V.,Mayordomo
Royal FrieslandCampina N.V.,Maytag Dairy Farms
Royal FrieslandCampina N.V.,McCain Foods
Royal FrieslandCampina N.V.,McCashins Brewery
Royal FrieslandCampina N.V.,McCormick & Company
Royal FrieslandCampina N.V.,McCowan's
Royal FrieslandCampina N.V.,McDonald's
Royal FrieslandCampina N.V.,McKee Foods
Royal FrieslandCampina N.V.,Meat Corporation
Royal FrieslandCampina N.V.,Meat Products
Royal FrieslandCampina N.V.,Mederer GmbH
Royal FrieslandCampina N.V.,Meghna Group
Royal FrieslandCampina N.V.,Meica
Royal FrieslandCampina N.V.,Meiji Dairies
Royal FrieslandCampina N.V.,Meiji Seika
Royal FrieslandCampina N.V.,Melcom
Royal FrieslandCampina N.V.,Melissa S.A
Royal FrieslandCampina N.V.,Mengniu Dairy
Royal FrieslandCampina N.V.,Menier Chocolate
Royal FrieslandCampina N.V.,Mestemacher
Royal FrieslandCampina N.V.,Metcalfe's Food Company
Royal FrieslandCampina N.V.,Metro Inc
Royal FrieslandCampina N.V.,Meurens
Royal FrieslandCampina N.V.,Mevgal
Royal FrieslandCampina N.V.,Mezzetta
Royal FrieslandCampina N.V.,Michel et Augustin
Royal FrieslandCampina N.V.,Michigan Sugar
Royal FrieslandCampina N.V.,Michton
Royal FrieslandCampina N.V.,Migros
Royal FrieslandCampina N.V.,Mike
Royal FrieslandCampina N.V.,Mike's Hard Lemonade Co
Royal FrieslandCampina N.V.,Millie's Cookies
Royal FrieslandCampina N.V.,Minor International
Royal FrieslandCampina N.V.,Miran Pastourma
Royal FrieslandCampina N.V.,Mitchell's Fruit Farms Limited
Royal FrieslandCampina N.V.,Mitr Phol
Royal FrieslandCampina N.V.,Mizkan
Royal FrieslandCampina N.V.,Mlekara Subotica
Royal FrieslandCampina N.V.,Molinari's
Royal FrieslandCampina N.V.,Molinos Río
Royal FrieslandCampina N.V.,Monarch Beverage Company
Royal FrieslandCampina N.V.,Monde Nissin
Royal FrieslandCampina N.V.,Mondelez International
Royal FrieslandCampina N.V.,Monteith's
Royal FrieslandCampina N.V.,Moo Free
Royal FrieslandCampina N.V.,Morinaga
Royal FrieslandCampina N.V.,Mornflake
Royal FrieslandCampina N.V.,Mother Dairy
Royal FrieslandCampina N.V.,Mrs Mac's Pies
Royal FrieslandCampina N.V.,Mrs. Cubbison's Foods
Royal FrieslandCampina N.V.,Mrs. Fields
Royal FrieslandCampina N.V.,Mrs. Fisher's
Royal FrieslandCampina N.V.,Mrs. T's Pierogies
Royal FrieslandCampina N.V.,Mt. Olive Pickle Company
Royal FrieslandCampina N.V.,Multi Bintang Indonesia
Royal FrieslandCampina N.V.,Munchy's
Royal FrieslandCampina N.V.,Murphys Ice Cream
Royal FrieslandCampina N.V.,Murray Goulburn Co
Royal FrieslandCampina N.V.,Murray's Cheese
Royal FrieslandCampina N.V.,Murree Brewery
Royal FrieslandCampina N.V.,My Food Bag
Royal FrieslandCampina N.V.,My Kopi
Royal FrieslandCampina N.V.,Müller
Royal FrieslandCampina N.V.,Nadec
Royal FrieslandCampina N.V.,Nardini
Royal FrieslandCampina N.V.,National Beef Packing Company
Royal FrieslandCampina N.V.,National Foods Limited
Royal FrieslandCampina N.V.,Nature's Harmony Farm
Royal FrieslandCampina N.V.,Nature's Path
Royal FrieslandCampina N.V.,Naya Waters
Royal FrieslandCampina N.V.,Neal's Yard Dairy
Royal FrieslandCampina N.V.,Nectar d.o.o
Royal FrieslandCampina N.V.,Nemiroff
Royal FrieslandCampina N.V.,Nestlé
Royal FrieslandCampina N.V.,Neuhaus
Royal FrieslandCampina N.V.,Newman's Own
Royal FrieslandCampina N.V.,Niederegger
Royal FrieslandCampina N.V.,Nile Breweries Limited
Royal FrieslandCampina N.V.,Niman Ranch
Royal FrieslandCampina N.V.,Nippon Flour Mills
Royal FrieslandCampina N.V.,Nippon Ham
Royal FrieslandCampina N.V.,Nippon Suisan Kaisha
Royal FrieslandCampina N.V.,Nissin Foods
Royal FrieslandCampina N.V.,Nobó
Royal FrieslandCampina N.V.,Nomad Foods
Royal FrieslandCampina N.V.,Nongshim
Royal FrieslandCampina N.V.,Nonino Grappa
Royal FrieslandCampina N.V.,Nora Industrier
Royal FrieslandCampina N.V.,Norbest
Royal FrieslandCampina N.V.,Norco Co
Royal FrieslandCampina N.V.,Nordzucker
Royal FrieslandCampina N.V.,Norrmejerier
Royal FrieslandCampina N.V.,Nortura
Royal FrieslandCampina N.V.,Norway Royal Salmon
Royal FrieslandCampina N.V.,Nueske's Applewood Smoked Meats
Royal FrieslandCampina N.V.,Nutreco
Royal FrieslandCampina N.V.,Nutrexpa
Royal FrieslandCampina N.V.,NutriAsia
Royal FrieslandCampina N.V.,Nuttelex
Royal FrieslandCampina N.V.,OMORÉ
Royal FrieslandCampina N.V.,Oakhouse Foods
Royal FrieslandCampina N.V.,Oberto Sausage Company
Royal FrieslandCampina N.V.,Obolon
Royal FrieslandCampina N.V.,Ocean Spray
Royal FrieslandCampina N.V.,Odell's
Royal FrieslandCampina N.V.,Oishi Group
Royal FrieslandCampina N.V.,Old Bushmills Distillery
Royal FrieslandCampina N.V.,Old Dutch Foods
Royal FrieslandCampina N.V.,Olymel
Royal FrieslandCampina N.V.,Omaha Steaks
Royal FrieslandCampina N.V.,Organic Meadow Cooperative
Royal FrieslandCampina N.V.,Organic Valley
Royal FrieslandCampina N.V.,Organically Grown Company
Royal FrieslandCampina N.V.,Orion Confectionery
Royal FrieslandCampina N.V.,Orissa State Cooperative Milk Producers' Federation
Royal FrieslandCampina N.V.,Orkla Group
Royal FrieslandCampina N.V.,Ornua
Royal FrieslandCampina N.V.,Orwasher's bakery
Royal FrieslandCampina N.V.,Osem
Royal FrieslandCampina N.V.,Osotspa
Royal FrieslandCampina N.V.,Ottogi
Royal FrieslandCampina N.V.,POET
Royal FrieslandCampina N.V.,PRAN
Royal FrieslandCampina N.V.,Pakola
Royal FrieslandCampina N.V.,Papadopoulos
Royal FrieslandCampina N.V.,Parker House Sausage Company
Royal FrieslandCampina N.V.,Parle Agro
Royal FrieslandCampina N.V.,Parle Products
Royal FrieslandCampina N.V.,Parmalat
Royal FrieslandCampina N.V.,Pastifício Selmi
Royal FrieslandCampina N.V.,Pat LaFrieda Meat Purveyors
Royal FrieslandCampina N.V.,Patanjali Ayurved
Royal FrieslandCampina N.V.,Patties Foods
Royal FrieslandCampina N.V.,Paulig
Royal FrieslandCampina N.V.,Peanut Butter
Royal FrieslandCampina N.V.,Peek Freans
Royal FrieslandCampina N.V.,Pelwatte Sugar Industries PLC
Royal FrieslandCampina N.V.,Penn State University Creamery
Royal FrieslandCampina N.V.,PepsiCo
Royal FrieslandCampina N.V.,Perdue Farms
Royal FrieslandCampina N.V.,Pernigotti
Royal FrieslandCampina N.V.,Pernod Ricard
Royal FrieslandCampina N.V.,Pero Family Farms Food Company
Royal FrieslandCampina N.V.,Pescanova
Royal FrieslandCampina N.V.,Peter's Food Services
Royal FrieslandCampina N.V.,Pez
Royal FrieslandCampina N.V.,Picard Surgelés
Royal FrieslandCampina N.V.,Pick Szeged
Royal FrieslandCampina N.V.,Pierre's Ice Cream Company
Royal FrieslandCampina N.V.,Pillsbury Company
Royal FrieslandCampina N.V.,Pioneer Foods
Royal FrieslandCampina N.V.,Plochman's
Royal FrieslandCampina N.V.,Plum Baby
Royal FrieslandCampina N.V.,Plumrose USA
Royal FrieslandCampina N.V.,Podravka
Royal FrieslandCampina N.V.,Point Reyes Farmstead Cheese Company
Royal FrieslandCampina N.V.,Polar Ice Cream
Royal FrieslandCampina N.V.,Polarbröd
Royal FrieslandCampina N.V.,Polli
Royal FrieslandCampina N.V.,"Pompeian, Inc"
Royal FrieslandCampina N.V.,Pork Farms
Royal FrieslandCampina N.V.,Post Holdings
Royal FrieslandCampina N.V.,Postobón
Royal FrieslandCampina N.V.,Potato Corner
Royal FrieslandCampina N.V.,Prairie Farms Dairy
Royal FrieslandCampina N.V.,Premier Foods
Royal FrieslandCampina N.V.,Premium Brands Holdings Corporation
Royal FrieslandCampina N.V.,Première Moisson
Royal FrieslandCampina N.V.,Prigat
Royal FrieslandCampina N.V.,Princes Group
Royal FrieslandCampina N.V.,Progressive Enterprises
Royal FrieslandCampina N.V.,Pukka Herbs
Royal FrieslandCampina N.V.,Pukka Pies
Royal FrieslandCampina N.V.,Pulmuone
Royal FrieslandCampina N.V.,Purdy's Chocolates
Royal FrieslandCampina N.V.,Pure Indian Foods
Royal FrieslandCampina N.V.,Purity Factories
Royal FrieslandCampina N.V.,Pågen
Royal FrieslandCampina N.V.,Quala
Royal FrieslandCampina N.V.,Quely
Royal FrieslandCampina N.V.,Quiggin's
Royal FrieslandCampina N.V.,R&H Hall
Royal FrieslandCampina N.V.,R&R Ice Cream
Royal FrieslandCampina N.V.,RFM Corporation
Royal FrieslandCampina N.V.,Racine Danish Kringles
Royal FrieslandCampina N.V.,Raisio Group
Royal FrieslandCampina N.V.,Rakusen's
Royal FrieslandCampina N.V.,Ramly Group
Royal FrieslandCampina N.V.,Rauch
Royal FrieslandCampina N.V.,Ravi Foods Private Limited
Royal FrieslandCampina N.V.,Rebisco
Royal FrieslandCampina N.V.,Recaș Wineries
Royal FrieslandCampina N.V.,Recipe Unlimited
Royal FrieslandCampina N.V.,Red Bull
Royal FrieslandCampina N.V.,Red Bull GmbH
Royal FrieslandCampina N.V.,Reed's Candy
Royal FrieslandCampina N.V.,Reily Foods Company
Royal FrieslandCampina N.V.,Remia
Royal FrieslandCampina N.V.,Reser's Fine Foods
Royal FrieslandCampina N.V.,Restaurant Brands
Royal FrieslandCampina N.V.,Restaurant Brands International
Royal FrieslandCampina N.V.,Retail Food Group
Royal FrieslandCampina N.V.,"Rhee Bros., Inc"
Royal FrieslandCampina N.V.,Rhino Foods
Royal FrieslandCampina N.V.,Riceland Foods
Royal FrieslandCampina N.V.,Rich Products
Royal FrieslandCampina N.V.,Richelieu Foods
Royal FrieslandCampina N.V.,Ricola
Royal FrieslandCampina N.V.,Rivella
Royal FrieslandCampina N.V.,Riverford
Royal FrieslandCampina N.V.,Roadchef
Royal FrieslandCampina N.V.,Robert's American Gourmet Food
Royal FrieslandCampina N.V.,Roberts
Royal FrieslandCampina N.V.,Robertson's Hams
Royal FrieslandCampina N.V.,Rocky Mountain Chocolate Factory
Royal FrieslandCampina N.V.,Rogers Sugar
Royal FrieslandCampina N.V.,Rogue Creamery
Royal FrieslandCampina N.V.,Rosa Food
Royal FrieslandCampina N.V.,Roshen
Royal FrieslandCampina N.V.,Rot Front
Royal FrieslandCampina N.V.,Roti Bunz
Royal FrieslandCampina N.V.,Round Rock Donuts
Royal FrieslandCampina N.V.,Rowse Honey
Royal FrieslandCampina N.V.,Royal Wessanen
Royal FrieslandCampina N.V.,Rubin
Royal FrieslandCampina N.V.,Rudolph Foods
Royal FrieslandCampina N.V.,Ruiz Foods
Royal FrieslandCampina N.V.,S. M. Jaleel and Company
Royal FrieslandCampina N.V.,SABMiller
Royal FrieslandCampina N.V.,SL Agritech Corporation
Royal FrieslandCampina N.V.,SOMED
Royal FrieslandCampina N.V.,SPC Group
Royal FrieslandCampina N.V.,SSP Group
Royal FrieslandCampina N.V.,Sabah Tea
Royal FrieslandCampina N.V.,Sabeco
Royal FrieslandCampina N.V.,Saclà Italia
Royal FrieslandCampina N.V.,Saikabo
Royal FrieslandCampina N.V.,Sainsbury's
Royal FrieslandCampina N.V.,SalMar
Royal FrieslandCampina N.V.,Sam Mills
Royal FrieslandCampina N.V.,Samworth Brothers
Royal FrieslandCampina N.V.,Samyang Food
Royal FrieslandCampina N.V.,San Carlo
Royal FrieslandCampina N.V.,San Miguel Corporation
Royal FrieslandCampina N.V.,San Miguel Food and Beverage
Royal FrieslandCampina N.V.,San Nicasio
Royal FrieslandCampina N.V.,San Remo Macaroni Company
Royal FrieslandCampina N.V.,SanCor
Royal FrieslandCampina N.V.,Sanders Confectionery
Royal FrieslandCampina N.V.,Sandora
Royal FrieslandCampina N.V.,Sanitarium
Royal FrieslandCampina N.V.,Sapporo Brewery
Royal FrieslandCampina N.V.,Saputo
Royal FrieslandCampina N.V.,Sargento
Royal FrieslandCampina N.V.,Sariwangi
Royal FrieslandCampina N.V.,Sarris Candies
Royal FrieslandCampina N.V.,Savola Group
Royal FrieslandCampina N.V.,Sayers
Royal FrieslandCampina N.V.,Scharffen Berger Chocolate Maker
Royal FrieslandCampina N.V.,Schimpff's Confectionery
Royal FrieslandCampina N.V.,Schmidt Baking Company
Royal FrieslandCampina N.V.,Schoep's Ice Cream
Royal FrieslandCampina N.V.,Schreiber Foods
Royal FrieslandCampina N.V.,Schwan Food Company
Royal FrieslandCampina N.V.,Schwarz Gruppe
Royal FrieslandCampina N.V.,"Schweizer Getraenke AG, Obermeilen"
Royal FrieslandCampina N.V.,Schweppes Australia
Royal FrieslandCampina N.V.,Sclafani Foods
Royal FrieslandCampina N.V.,Scotty
Royal FrieslandCampina N.V.,Seaboard Corporation
Royal FrieslandCampina N.V.,See's Candies
Royal FrieslandCampina N.V.,Semifreddi's Bakery
Royal FrieslandCampina N.V.,Seneca Foods
Royal FrieslandCampina N.V.,Seoul Milk
Royal FrieslandCampina N.V.,Serenitea
Royal FrieslandCampina N.V.,Shamrock Farms
Royal FrieslandCampina N.V.,Shamrock Foods
Royal FrieslandCampina N.V.,Shan Food Industries
Royal FrieslandCampina N.V.,Shawarma Shack
Royal FrieslandCampina N.V.,Shearer's Foods
Royal FrieslandCampina N.V.,Shezan International
Royal FrieslandCampina N.V.,Shidax
Royal FrieslandCampina N.V.,Shollar water
Royal FrieslandCampina N.V.,Shuanghui
Royal FrieslandCampina N.V.,Siantar Top
Royal FrieslandCampina N.V.,Sido Muncul
Royal FrieslandCampina N.V.,Sidral Mundet
Royal FrieslandCampina N.V.,Siggi's Dairy
Royal FrieslandCampina N.V.,Sigma Alimentos
Royal FrieslandCampina N.V.,Silver Fern Farms
Royal FrieslandCampina N.V.,Silver Spring Foods
Royal FrieslandCampina N.V.,Sime Darby
Royal FrieslandCampina N.V.,Simple and Crisp
Royal FrieslandCampina N.V.,Skinny Candy
Royal FrieslandCampina N.V.,Slimming World
Royal FrieslandCampina N.V.,Smarties Candy Company
Royal FrieslandCampina N.V.,Smiling Hill Farm
Royal FrieslandCampina N.V.,SmithFoods
Royal FrieslandCampina N.V.,Snack Brands Australia
Royal FrieslandCampina N.V.,Snak King
Royal FrieslandCampina N.V.,Snow
Royal FrieslandCampina N.V.,Snyder's
Royal FrieslandCampina N.V.,So Natural
Royal FrieslandCampina N.V.,Sobeys
Royal FrieslandCampina N.V.,Solo Beverage Company
Royal FrieslandCampina N.V.,Solo Foods
Royal FrieslandCampina N.V.,Soprole
Royal FrieslandCampina N.V.,Sosro
Royal FrieslandCampina N.V.,Sovena Group
Royal FrieslandCampina N.V.,Spangler Candy Company
Royal FrieslandCampina N.V.,Speight's
Royal FrieslandCampina N.V.,Spreckels Sugar Company
Royal FrieslandCampina N.V.,Sprinkles Cupcakes
Royal FrieslandCampina N.V.,Spur Corporation
Royal FrieslandCampina N.V.,Square Pie
Royal FrieslandCampina N.V.,Starbucks
Royal FrieslandCampina N.V.,Stauning Whisky
Royal FrieslandCampina N.V.,Sterilgarda
Royal FrieslandCampina N.V.,Stoats Porridge Bars
Royal FrieslandCampina N.V.,Straus Family Creamery
Royal FrieslandCampina N.V.,Strauss
Royal FrieslandCampina N.V.,Streit's
Royal FrieslandCampina N.V.,Subway
Royal FrieslandCampina N.V.,Sulbing
Royal FrieslandCampina N.V.,Sumol + Compal
Royal FrieslandCampina N.V.,SunOpta
Royal FrieslandCampina N.V.,Sunbeam Bread
Royal FrieslandCampina N.V.,"Sunkist Growers, Incorporated"
Royal FrieslandCampina N.V.,Sunshine Dairy
Royal FrieslandCampina N.V.,Suntory
Royal FrieslandCampina N.V.,Sustagen
Royal FrieslandCampina N.V.,Svitoch
Royal FrieslandCampina N.V.,Sweet Grass Dairy
Royal FrieslandCampina N.V.,Swisslion Group
Royal FrieslandCampina N.V.,Swizzels Matlow
Royal FrieslandCampina N.V.,Synlait
Royal FrieslandCampina N.V.,Synnøve Finden
Royal FrieslandCampina N.V.,Südzucker
Royal FrieslandCampina N.V.,TCHO
Royal FrieslandCampina N.V.,TEKEL
Royal FrieslandCampina N.V.,Ta
Royal FrieslandCampina N.V.,Tabasco sauce
Royal FrieslandCampina N.V.,Tabatchnick
Royal FrieslandCampina N.V.,Talley's Group
Royal FrieslandCampina N.V.,Tallgrass Beef Company
Royal FrieslandCampina N.V.,Tanduay Distillers
Royal FrieslandCampina N.V.,Tangerine Confectionery
Royal FrieslandCampina N.V.,Tao Kae Noi
Royal FrieslandCampina N.V.,Tapatío hot sauce
Royal FrieslandCampina N.V.,Tara
Royal FrieslandCampina N.V.,Tassal
Royal FrieslandCampina N.V.,Tata Consumer Products
Royal FrieslandCampina N.V.,Tate & Lyle
Royal FrieslandCampina N.V.,Tatua Dairy Company
Royal FrieslandCampina N.V.,Taylor Farms
Royal FrieslandCampina N.V.,Tayto
Royal FrieslandCampina N.V.,Taza Chocolate
Royal FrieslandCampina N.V.,Tee Yih Jia
Royal FrieslandCampina N.V.,Teekampagne
Royal FrieslandCampina N.V.,Teekanne
Royal FrieslandCampina N.V.,Tegel Foods
Royal FrieslandCampina N.V.,Tekel Birası
Royal FrieslandCampina N.V.,Tereos
Royal FrieslandCampina N.V.,Terkenlis
Royal FrieslandCampina N.V.,Tesco
Royal FrieslandCampina N.V.,Tetra Laval
Royal FrieslandCampina N.V.,Texas Pete
Royal FrieslandCampina N.V.,Thai President Foods
Royal FrieslandCampina N.V.,Thai Union Group
Royal FrieslandCampina N.V.,ThaiBev
Royal FrieslandCampina N.V.,Thanasi Foods
Royal FrieslandCampina N.V.,The Andersons
Royal FrieslandCampina N.V.,The Bauman Family
Royal FrieslandCampina N.V.,The Claxton Bakery
Royal FrieslandCampina N.V.,The Coca
Royal FrieslandCampina N.V.,The Hershey Company
Royal FrieslandCampina N.V.,The Italian Baker
Royal FrieslandCampina N.V.,The J.M. Smucker Company
Royal FrieslandCampina N.V.,The Leavitt Corporation
Royal FrieslandCampina N.V.,The Morning Star Company
Royal FrieslandCampina N.V.,The Restaurant Group
Royal FrieslandCampina N.V.,The Soufflet Group
Royal FrieslandCampina N.V.,The Warrell Corporation
Royal FrieslandCampina N.V.,The Wendy's Company
Royal FrieslandCampina N.V.,The a2 Milk Company
Royal FrieslandCampina N.V.,Thomas Foods International
Royal FrieslandCampina N.V.,Three Threes Condiments
Royal FrieslandCampina N.V.,Tien Chun Ve
Royal FrieslandCampina N.V.,Tiger Brands
Royal FrieslandCampina N.V.,Tilda Uganda
Royal FrieslandCampina N.V.,Tillamook County Creamery Association
Royal FrieslandCampina N.V.,Tine
Royal FrieslandCampina N.V.,Ting Hsin International Group
Royal FrieslandCampina N.V.,Tingyi
Royal FrieslandCampina N.V.,Tohato
Royal FrieslandCampina N.V.,Toms International
Royal FrieslandCampina N.V.,Tongaat Hulett
Royal FrieslandCampina N.V.,Tory Food
Royal FrieslandCampina N.V.,Toyo Suisan
Royal FrieslandCampina N.V.,Tropenhaus Frutigen
Royal FrieslandCampina N.V.,Trung Nguyên
Royal FrieslandCampina N.V.,Tunnock's
Royal FrieslandCampina N.V.,Turbana
Royal FrieslandCampina N.V.,Two Degrees Food
Royal FrieslandCampina N.V.,Tymbark
Royal FrieslandCampina N.V.,Tyrrells
Royal FrieslandCampina N.V.,Tyson Foods
Royal FrieslandCampina N.V.,U.S. Mills
Royal FrieslandCampina N.V.,US Sugar Corporation
Royal FrieslandCampina N.V.,Udders
Royal FrieslandCampina N.V.,Ummah Foods
Royal FrieslandCampina N.V.,Uni
Royal FrieslandCampina N.V.,Unilever
Royal FrieslandCampina N.V.,United Cooperative
Royal FrieslandCampina N.V.,United Dairy Farmers
Royal FrieslandCampina N.V.,United Plantations
Royal FrieslandCampina N.V.,United States Bakery
Royal FrieslandCampina N.V.,Universal Robina
Royal FrieslandCampina N.V.,Unreal Brands
Royal FrieslandCampina N.V.,Unser Bier
Royal FrieslandCampina N.V.,Urban Accents
Royal FrieslandCampina N.V.,Usinger's
Royal FrieslandCampina N.V.,Utz Quality Foods
Royal FrieslandCampina N.V.,Valentina
Royal FrieslandCampina N.V.,Valeo Foods
Royal FrieslandCampina N.V.,Valio
Royal FrieslandCampina N.V.,Valouro
Royal FrieslandCampina N.V.,Valrhona
Royal FrieslandCampina N.V.,Vanparys
Royal FrieslandCampina N.V.,Venchi
Royal FrieslandCampina N.V.,Vermont Creamery
Royal FrieslandCampina N.V.,Vestey Group
Royal FrieslandCampina N.V.,Vicenzi
Royal FrieslandCampina N.V.,Vigor S.A
Royal FrieslandCampina N.V.,Villars
Royal FrieslandCampina N.V.,Vinacafe
Royal FrieslandCampina N.V.,Vinagro
Royal FrieslandCampina N.V.,Vinamilk
Royal FrieslandCampina N.V.,Vindija
Royal FrieslandCampina N.V.,Vinmonopolet
Royal FrieslandCampina N.V.,Vion NV
Royal FrieslandCampina N.V.,Viro
Royal FrieslandCampina N.V.,Vitta Foods
Royal FrieslandCampina N.V.,Viva International Food and Restaurants
Royal FrieslandCampina N.V.,Vivartia
Royal FrieslandCampina N.V.,Voiello
Royal FrieslandCampina N.V.,Voodoo Doughnut
Royal FrieslandCampina N.V.,Voortman Cookies
Royal FrieslandCampina N.V.,Wainwright Dairy
Royal FrieslandCampina N.V.,Waitrose
Royal FrieslandCampina N.V.,Waldemar Behn
Royal FrieslandCampina N.V.,Walkers Shortbread
Royal FrieslandCampina N.V.,Walkers' Nonsuch
Royal FrieslandCampina N.V.,Want Want
Royal FrieslandCampina N.V.,Warburtons
Royal FrieslandCampina N.V.,Warrens Bakery
Royal FrieslandCampina N.V.,Warrnambool Cheese
Royal FrieslandCampina N.V.,Wasabröd
Royal FrieslandCampina N.V.,Wei
Royal FrieslandCampina N.V.,Weis
Royal FrieslandCampina N.V.,Welcome Break
Royal FrieslandCampina N.V.,Wendy's Supa Sundaes
Royal FrieslandCampina N.V.,Wesfarmers
Royal FrieslandCampina N.V.,Western Sugar Cooperative
Royal FrieslandCampina N.V.,Westland Milk Products
Royal FrieslandCampina N.V.,Westminster Cracker Company
Royal FrieslandCampina N.V.,Whetstone Chocolates
Royal FrieslandCampina N.V.,Whitbread
Royal FrieslandCampina N.V.,Whitby Seafoods Ltd
Royal FrieslandCampina N.V.,Whitestone cheese
Royal FrieslandCampina N.V.,Whitman's
Royal FrieslandCampina N.V.,Whittaker's
Royal FrieslandCampina N.V.,Wickles
Royal FrieslandCampina N.V.,Wigram Beer
Royal FrieslandCampina N.V.,Wild
Royal FrieslandCampina N.V.,Wilkin & Sons
Royal FrieslandCampina N.V.,William Jackson Food Group
Royal FrieslandCampina N.V.,Wilmar International
Royal FrieslandCampina N.V.,Wimm
Royal FrieslandCampina N.V.,Winchester Cheese Company
Royal FrieslandCampina N.V.,Winder Farms
Royal FrieslandCampina N.V.,Wing
Royal FrieslandCampina N.V.,Wings Food
Royal FrieslandCampina N.V.,Winiary
Royal FrieslandCampina N.V.,Wisconsin Cheeseman
Royal FrieslandCampina N.V.,Wise Foods
Royal FrieslandCampina N.V.,Wish Farms
Royal FrieslandCampina N.V.,Wrights Pies
Royal FrieslandCampina N.V.,Wyandot Snacks
Royal FrieslandCampina N.V.,Xinjiang Chalkis Co.Ltd
Royal FrieslandCampina N.V.,Ya Kun Kaya Toast
Royal FrieslandCampina N.V.,Yakult
Royal FrieslandCampina N.V.,Yamazaki Baking
Royal FrieslandCampina N.V.,Yancey's Fancy
Royal FrieslandCampina N.V.,Yarnell Ice Cream Co
Royal FrieslandCampina N.V.,Yarych Confectionery
Royal FrieslandCampina N.V.,Yehuda Matzos
Royal FrieslandCampina N.V.,Yeo Hiap Seng
Royal FrieslandCampina N.V.,Yeo Valley
Royal FrieslandCampina N.V.,Yeolmae Food
Royal FrieslandCampina N.V.,Yili Group
Royal FrieslandCampina N.V.,Yit Foh Tenom Coffee
Royal FrieslandCampina N.V.,Ysco
Royal FrieslandCampina N.V.,Yum! Brands
Royal FrieslandCampina N.V.,Yupi
Royal FrieslandCampina N.V.,Yurun Group
Royal FrieslandCampina N.V.,Yıldız Holding
Royal FrieslandCampina N.V.,Zacky Farms
Royal FrieslandCampina N.V.,Zaječarsko pivo
Royal FrieslandCampina N.V.,Zealong
Royal FrieslandCampina N.V.,Zensho
Royal FrieslandCampina N.V.,Zest
Royal FrieslandCampina N.V.,Zevia
Royal FrieslandCampina N.V.,ZhL
Royal FrieslandCampina N.V.,Zoo Holdings Group
Royal FrieslandCampina N.V.,Zott
Royal FrieslandCampina N.V.,Zvečevo
Royal FrieslandCampina N.V.,Ülker
Royal FrieslandCampina N.V.,Čakovečki mlinovi
Royal FrieslandCampina N.V.,Štark
Essity,A science
Essity,Actimed
Essity,Cushelle
Essity,Delta Cast
Essity,Demak Up
Essity,Dow Jones Sustainability World Index
Essity,Elleair
Essity,Ellen MacArthur Foundation
Essity,Familia
Essity,Hydrofera
Essity,JOBST
Essity,Leukoplast
Essity,Libero
Essity,Libresse
Essity,Lotus
Essity,Okay
Essity,Plenty
Essity,Purex
Essity,Regio
Essity,TENA
Essity,Tempo
Essity,Tork
Essity,Zewa
Essity,company of the same name
Essity,feh
Halon,1970s Light Water AFFF foam fire extinguisher
Halon,5lb. Halotron
Halon,A 10 lb
Halon,A 2.5 US gal
Halon,A TMB
Halon,A US
Halon,A glass grenade
Halon,Aa
Halon,Alcohol
Halon,"Amerex 10lb. CO2Fire Extinguisher, Circa 1989, US"
Halon,Amerex Solid
Halon,An 18 lb
Halon,Ansul 30lb. Na
Halon,Ansul Lith
Halon,Ansul Met
Halon,Antifreeze
Halon,Arctic Fireis
Halon,Ba
Halon,"Bell Telephone CO2extinguisher made by Walter Kidde, 1928"
Halon,Buffalo M
Halon,Buffalo fire extinguishers for magnesium fires using M
Halon,CO2
Halon,Ca
Halon,"Carbon dioxide, CO2a"
Halon,Carbon dioxidea
Halon,Cartridge
Halon,Class A
Halon,Class Aa
Halon,Class B
Halon,Class Ba
Halon,Class C
Halon,Class Ca
Halon,Class D
Halon,Class D powdera
Halon,Class Da
Halon,Class F
Halon,Class Fa
Halon,Cold Fireis
Halon,Compressed air foam system
Halon,Copper
Halon,Da
Halon,"Dana, Gorham"
Halon,Dry chemical and dry powder
Halon,Dry chemicala
Halon,Dry powdera
Halon,Du Gas
Halon,Extended service: Water
Halon,FE
Halon,Fire extinguishers in a museum storeroom
Halon,Firexo ©a
Halon,Foam
Halon,Foama
Halon,General 2.5 gal. pump
Halon,Graphite
Halon,Halon
Halon,Halon 1211 Fire Extinguisher
Halon,Halon 1211/BCFa
Halon,Halon 1301 Fire Extinguisher
Halon,Halon and clean agents
Halon,Halon replacements include HCFC Blend B
Halon,Halona
Halon,Hydrostatic testing
Halon,Indian 5
Halon,Internal maintenance:Water
Halon,Ka
Halon,Lithum-Iona
Halon,MET
Halon,Maintenance inspection
Halon,Met
Halon,Monex dry powdera
Halon,Monoammonium phosphate
Halon,"National Methyl Bromide extinguishers, UK, 1930s"
Halon,Novec 1230
Halon,Overhaul: CO2extinguishers
Halon,Potassium aerosol particle
Halon,Potassium bicarbonate
Halon,Potassium bicarbonate & Urea Complex
Halon,Potassium chloride
Halon,Pump
Halon,Pyrene
Halon,Pyrene 1 qt. pump
Halon,"Pyrene apparatus type chemical foam, 1960s"
Halon,Sodium bicarbonate
Halon,Sodium carbonate
Halon,Sodium chloride
Halon,Some water
Halon,Stored
Halon,Stored pressure loaded stream fire extinguisher
Halon,Stored pressure water extinguisher
Halon,Ternary eutectic chloride
Halon,Trimethoxyboroxine
Halon,Two Super
Halon,Unclassifieda
Halon,Vaporizing liquida
Halon,Water Mista
Halon,Wet chemical
Halon,Wet chemicala
Halon,Wetting agents:
Halon,monoammonium phosphate
Halon,sodium bicarbonate
China Mengniu Dairy Co.,NO_DATA
Saputo Inc.,"ATB Investment Management, Inc.a"
Saputo Inc.,"Cardinal Capital Management, Inc.a"
Saputo Inc.,Dairy Division
Saputo Inc.,"Employees: 19,400 as of July 15, 2025"
Saputo Inc.,Facilities: 59
Saputo Inc.,Franklin Bissett Investment Managementa
Saputo Inc.,Joey Saputoa
Saputo Inc.,Jolina Capitala
Saputo Inc.,Lino Saputoa
Saputo Inc.,Mackenzie Investments Corp.a
Saputo Inc.,"Placements Italcan, Inc.a"
Saputo Inc.,"Revenues: 19.06 billion CAD as of March 31, 2025"
Saputo Inc.,Sjunde AP
Saputo Inc.,Storebrand Asset Management ASa
Pernod Ricard,1797
Pernod Ricard,1850
Pernod Ricard,1915
Pernod Ricard,1932
Pernod Ricard,1940
Pernod Ricard,1944
Pernod Ricard,1951
Pernod Ricard,1968
Pernod Ricard,Aberlour
Pernod Ricard,American whiskey
Pernod Ricard,Apéritif
Pernod Ricard,Ballantine's
Pernod Ricard,Brandy & Cognac
Pernod Ricard,Canadian whisky
Pernod Ricard,Champagne
Pernod Ricard,Chinese whisky
Pernod Ricard,Chivas Brothers Ltd
Pernod Ricard,Corby Distilleries
Pernod Ricard,Distillerie Hémard
Pernod Ricard,"Distillerie Rousseau, Laurens et Moureaux"
Pernod Ricard,Gin
Pernod Ricard,Indian whisky
Pernod Ricard,Irish Distillers
Pernod Ricard,Irish whiskey
Pernod Ricard,Les Établissements Pernod
Pernod Ricard,Liqueurs & Bitters
Pernod Ricard,Maison Pernod Fils
Pernod Ricard,Pernod Ricard Armenia
Pernod Ricard,Pernod Ricard Hellas
Pernod Ricard,Pernod Ricard India
Pernod Ricard,Pernod Ricard Rouss
Pernod Ricard,Pernod Ricard Winemakers
Pernod Ricard,Rum
Pernod Ricard,Scotch whisky
Pernod Ricard,Société Pernod Père & Fils
Pernod Ricard,Tequila & Mezca
Pernod Ricard,Vodka
Pernod Ricard,Wine
AB Electrolux,1919: The Lux vacuum is the first product Electrolux sells
AB Electrolux,1937: Electrolux model 30 vacuum is unveiled
AB Electrolux,1941:Charlton automatic rifle
AB Electrolux,AEG
AB Electrolux,"Anova Applied Electronics, Inc"
AB Electrolux,Arthur Martin
AB Electrolux,Assistent
AB Electrolux,Atlas
AB Electrolux,Castor
AB Electrolux,Chef
AB Electrolux,Corberó
AB Electrolux,Dito
AB Electrolux,Electrolux ICON
AB Electrolux,Electrolux Professional
AB Electrolux,Electrolux Trilobite
AB Electrolux,Elektro Helios
AB Electrolux,Eureka
AB Electrolux,"Faure, French"
AB Electrolux,"Fensa, Chilean"
AB Electrolux,Frigidaire
AB Electrolux,"Gafa, Argentinean"
AB Electrolux,Gibson
AB Electrolux,Juno
AB Electrolux,Kelvinator
AB Electrolux,"King, Israeli"
AB Electrolux,Lehel
AB Electrolux,"Mademsa, Chilean"
AB Electrolux,Marynen/Marijnen
AB Electrolux,Olympic Group
AB Electrolux,Parkinson Cowan
AB Electrolux,Philco
AB Electrolux,Progress
AB Electrolux,REX
AB Electrolux,Rosenlew
AB Electrolux,Satu Mare
AB Electrolux,"Somela, Chilean"
AB Electrolux,Tappan
AB Electrolux,Therma
AB Electrolux,Tornado
AB Electrolux,Tricity Bendix
AB Electrolux,Volta
AB Electrolux,Voss
AB Electrolux,Westinghouse
AB Electrolux,White
AB Electrolux,Zanussi
AB Electrolux,Zanussi Professional
AB Electrolux,Zoppas
AB Electrolux,absorption model
AB Electrolux,central Europe
AB Electrolux,central vacuum
AB Electrolux,dishwasher
AB Electrolux,stoves
AB Electrolux,washing machine
Keurig Dr Pepper,7 Up
Keurig Dr Pepper,A&W Cream Soda
Keurig Dr Pepper,A&W Root Beer
Keurig Dr Pepper,Bai Brands
Keurig Dr Pepper,C'plus
Keurig Dr Pepper,Cactus Cooler
Keurig Dr Pepper,Canada Dry
Keurig Dr Pepper,Canfield's
Keurig Dr Pepper,Clamato
Keurig Dr Pepper,Crush
Keurig Dr Pepper,Dejà Blue
Keurig Dr Pepper,Diedrich Coffee
Keurig Dr Pepper,Diet Rite
Keurig Dr Pepper,Dr Pepper
Keurig Dr Pepper,Golden Cockerel
Keurig Dr Pepper,Green Mountain
Keurig Dr Pepper,Hawaiian Punch
Keurig Dr Pepper,Hires Root Beer
Keurig Dr Pepper,IBC Root Beer
Keurig Dr Pepper,Keurig
Keurig Dr Pepper,Margaritaville
Keurig Dr Pepper,Mott's
Keurig Dr Pepper,Mott's Fruitsations
Keurig Dr Pepper,Mott's Garden Cocktail
Keurig Dr Pepper,Mr & Mrs T
Keurig Dr Pepper,Nantucket Nectars
Keurig Dr Pepper,Nehi
Keurig Dr Pepper,Peñafiel
Keurig Dr Pepper,Peñafiel Fruit Sodas
Keurig Dr Pepper,Peñafiel Frutal
Keurig Dr Pepper,Peñafiel Mineral Water
Keurig Dr Pepper,Peñafiel Naturel
Keurig Dr Pepper,Peñafiel Twist
Keurig Dr Pepper,RC Cola
Keurig Dr Pepper,ReaLemon
Keurig Dr Pepper,ReaLime
Keurig Dr Pepper,Rose's
Keurig Dr Pepper,Rose's Cocktail Infusions
Keurig Dr Pepper,Rose's Grenadine
Keurig Dr Pepper,Rose's Lime Cordial
Keurig Dr Pepper,Schweppes
Keurig Dr Pepper,Snapple
Keurig Dr Pepper,Splenda
Keurig Dr Pepper,Squirt
Keurig Dr Pepper,Stewart's Fountain Classics
Keurig Dr Pepper,Sun Drop
Keurig Dr Pepper,Sunkist
Keurig Dr Pepper,Sussex Golden Ginger Ale
Keurig Dr Pepper,Timothy's World Coffee
Keurig Dr Pepper,Tully's Coffee
Keurig Dr Pepper,Van Houtte
Keurig Dr Pepper,Venom
Keurig Dr Pepper,Vernors
Keurig Dr Pepper,Wink
Keurig Dr Pepper,Yoo
Hormel Foods,"Cooper, Jake"
Hormel Foods,ISBN
Nintendo Co.,007 First Lighta
Nintendo Co.,A-Train: All Aboard! Tourism – Nintendo Switch 2 Editiona
Nintendo Co.,AFL 26a
Nintendo Co.,Aeterna Lucisa
Nintendo Co.,Akiba Losta
Nintendo Co.,Anima: Gate of Memories 1 & 2 Remastera
Nintendo Co.,Animal Crossing: New Horizons – Nintendo Switch 2 Editiona
Nintendo Co.,Animula Nooka
Nintendo Co.,Apex Legendsa
Nintendo Co.,Arcade Archives 2: Air Combat 22a
Nintendo Co.,Arcade Archives 2: Aqua Jeta
Nintendo Co.,Arcade Archives 2: Battlantisa
Nintendo Co.,Arcade Archives 2: Gee Beea
Nintendo Co.,Arcade Archives 2: Mach Breakersa
Nintendo Co.,Arcade Archives 2: Midnight Landinga
Nintendo Co.,Arcade Archives 2: Ridge Racera
Nintendo Co.,Arcade Archives 2: Sciona
Nintendo Co.,Arcade Archives 2: Scrambled Egga
Nintendo Co.,Arcade Archives 2: Steel Workera
Nintendo Co.,Arcade Archives 2: Video Hustlera
Nintendo Co.,Assassin's Creed Shadowsa
Nintendo Co.,Atelier Ryza 2: Lost Legends & the Secret Fairy DXa
Nintendo Co.,Atelier Ryza 3: Alchemist of the End & the Secret Key DXa
Nintendo Co.,Atelier Ryza: Ever Darkness & the Secret Hideout DXa
Nintendo Co.,Aurascopea
Nintendo Co.,Avatar Legends: The Fighting Gamea
Nintendo Co.,Back to the Dawna
Nintendo Co.,Ball x Pit – Nintendo Switch 2 Editiona
Nintendo Co.,Bestiarioa
Nintendo Co.,Bit Boy!! Arcade 2a
Nintendo Co.,Blood: Refreshed Supplya
Nintendo Co.,Bluey's Quest for the Gold Pena
Nintendo Co.,Bokura: planeta
Nintendo Co.,Bokuraa
Nintendo Co.,Borderlands 4a
Nintendo Co.,Bravely Default: Flying Fairy HD Remastera
Nintendo Co.,Bubsy 4Da
Nintendo Co.,Call of the Elder Godsa
Nintendo Co.,Card
Nintendo Co.,Castle of Heart: Retolda
Nintendo Co.,Chillin' by the Firea
Nintendo Co.,City Huntera
Nintendo Co.,Civilization VII – Nintendo Switch 2 Editiona
Nintendo Co.,Clean Up Eartha
Nintendo Co.,Content Warninga
Nintendo Co.,Cookie Clickera
Nintendo Co.,Cronos: The New Dawna
Nintendo Co.,Cyberpunk 2077: Ultimate Editiona
Nintendo Co.,Daemon X Machina: Titanic Sciona
Nintendo Co.,Daisenryaku SSB2a
Nintendo Co.,Danganronpa 2×2a
Nintendo Co.,Darwin's Paradoxa
Nintendo Co.,Dave the Diver – Nintendo Switch 2 Editiona
Nintendo Co.,"Dear me, I was...a"
Nintendo Co.,Deltarunea
Nintendo Co.,Demi and the Fractured Dreama
Nintendo Co.,Depth Loopa
Nintendo Co.,Disgaea 7 Completea
Nintendo Co.,Disney Dreamlight Valleya
Nintendo Co.,Donkey Kong Bananzaa
Nintendo Co.,Drag x Drivea
Nintendo Co.,Dragon Ball: Sparking! Zeroa
Nintendo Co.,Dragon Quest I & II HD-2D Remakea
Nintendo Co.,Dragon Quest VII Reimagineda
Nintendo Co.,Dumb Ways to Partya
Nintendo Co.,Dynasty Warriors 3: Complete Edition Remastereda
Nintendo Co.,Dynasty Warriors: Originsa
Nintendo Co.,EA Sports FC 26a
Nintendo Co.,Elden Ring: Tarnished Editiona
Nintendo Co.,Enter the Gungeon 2a
Nintendo Co.,FUR Squadron Phoenixa
Nintendo Co.,Factorio – Nintendo Switch 2 Editiona
Nintendo Co.,Fallout 4: Anniversary Editiona
Nintendo Co.,Farming Simulator: Signature Editiona
Nintendo Co.,Fast Fusiona
Nintendo Co.,Fatal Frame II: Crimson Butterfly Remakea
Nintendo Co.,Final Fantasy VII Rebirtha
Nintendo Co.,Final Fantasy VII Remake Intergradea
Nintendo Co.,Fire Emblem: Fortune's Weavea
Nintendo Co.,Fortnitea
Nintendo Co.,Full Metal Schoolgirla
Nintendo Co.,Gear.Club Unlimited 3a
Nintendo Co.,Glaciereda
Nintendo Co.,Good Boya
Nintendo Co.,Goodnight Universea
Nintendo Co.,Hades II – Nintendo Switch 2 Editiona
Nintendo Co.,Handy Hockeya
Nintendo Co.,Helaa
Nintendo Co.,High on Life – Nintendo Switch 2 Editiona
Nintendo Co.,Hitman: Absolutiona
Nintendo Co.,Hitman: World of Assassination – Signature Editiona
Nintendo Co.,Hogwarts Legacya
Nintendo Co.,Hollow Knight: Silksong – Nintendo Switch 2 Editiona
Nintendo Co.,Hono Gurashi no Niwaa
Nintendo Co.,Human: Fall Flat 2a
Nintendo Co.,Human: Fall Flat – Nintendo Switch 2 Editiona
Nintendo Co.,Hunter's Moon: A Sovereign Syndicate Adventurea
Nintendo Co.,Hyrule Warriors: Age of Imprisonmenta
Nintendo Co.,Inazuma Eleven: Victory Road – Nintendo Switch 2 Editiona
Nintendo Co.,Indiana Jones and the Great Circlea
Nintendo Co.,Infinite Alliancea
Nintendo Co.,Kirby Air Ridersa
Nintendo Co.,Kunitsu-Gami: Path of the Goddessa
Nintendo Co.,Kuukiyomi 4: Consider It – Nintendo Switch 2 Editiona
Nintendo Co.,Kyouran Makaisma
Nintendo Co.,Layers of Fear: Final Masterpiece Editiona
Nintendo Co.,Lego Batman: Legacy of the Dark Knighta
Nintendo Co.,Lego Voyagersa
Nintendo Co.,Little Nightmares Enhanced Editiona
Nintendo Co.,Little Nightmares IIIa
Nintendo Co.,Littlelandsa
Nintendo Co.,Lollipop Chainsaw RePOP – Nintendo Switch 2 Editiona
Nintendo Co.,Lorelei and the Laser Eyes – Nintendo Switch 2 Editiona
Nintendo Co.,LoveR Kiss: Endless Memoriesa
Nintendo Co.,Lovisha
Nintendo Co.,Lynked: Banner of the Spark – Nintendo Switch 2 Editiona
Nintendo Co.,Madden NFL 26a
Nintendo Co.,Majogamia
Nintendo Co.,Mario Kart Worlda
Nintendo Co.,Mario Tennis Fevera
Nintendo Co.,Marvel Cosmic Invasiona
Nintendo Co.,Maseylia: Echoes of the Pasta
Nintendo Co.,Metroid Prime 4: Beyond – Nintendo Switch 2 Editiona
Nintendo Co.,Milano's Odd Job Collectiona
Nintendo Co.,Mina the Hollowera
Nintendo Co.,Monster Hunter Stories 3: Twisted Reflectiona
Nintendo Co.,Mortal Kombat: Legacy Kollectiona
Nintendo Co.,Mouse Worka
Nintendo Co.,Mouse: P.I. for Hirea
Nintendo Co.,My Time at Evershinea
Nintendo Co.,NBA 2K26a
Nintendo Co.,Nicktoons & the Dice of Destinya
Nintendo Co.,Nightmare Circusa
Nintendo Co.,Nintendo Switch 2 Welcome Toura
Nintendo Co.,No Man's Sky – Nintendo Switch 2 Editiona
Nintendo Co.,No Sleep for Kaname Date – From AI: The Somnium Filesa
Nintendo Co.,Nobunaga's Ambition: Awakening Complete Editiona
Nintendo Co.,Obakeidoro 2: Chase & Seeka
Nintendo Co.,Octopath Traveler 0a
Nintendo Co.,One Piece: Pirate Warriors 4 – Nintendo Switch 2 Editiona
Nintendo Co.,Opus: Prism Peaka
Nintendo Co.,Order Up!!a
Nintendo Co.,Overcooked 2 – Nintendo Switch 2 Editiona
Nintendo Co.,Pac-Man World 2 Re-Paca
Nintendo Co.,Paper Skya
Nintendo Co.,Pastry Panic!a
Nintendo Co.,Persona 3 Reloada
Nintendo Co.,Planet of Lana II: Children of the Leafa
Nintendo Co.,Plants vs. Zombies: Replanteda
Nintendo Co.,Pokémon Legends: Z-A – Nintendo Switch 2 Editiona
Nintendo Co.,Pokémon Pokopiaa
Nintendo Co.,PowerWash Simulator 2a
Nintendo Co.,Pritto Prisoner – Nintendo Switch 2 Editiona
Nintendo Co.,Psyvariar 3a
Nintendo Co.,Puyo Puyo Tetris 2Sa
Nintendo Co.,R-Type Tactics I – II Cosmosa
Nintendo Co.,Radiant Starletsa
Nintendo Co.,Raidou Remastered: The Mystery of the Soulless Armya
Nintendo Co.,Reanimala
Nintendo Co.,Relayer Advanced Definitive Editiona
Nintendo Co.,Resident Evil 7: Biohazarda
Nintendo Co.,Resident Evil Requiema
Nintendo Co.,Resident Evil Villagea
Nintendo Co.,Ripple Island: Kyle & Cal's Restauranta
Nintendo Co.,Rollin' Rascala
Nintendo Co.,Run for Money: Hunters vs. Runners! Can You Win as Either?a
Nintendo Co.,Rushing Beat X: Return of Brawl Brothersa
Nintendo Co.,Sayonara Wild Hearts – Nintendo Switch 2 Editiona
Nintendo Co.,Shadow Labyrinth – Nintendo Switch 2 Editiona
Nintendo Co.,ShapeHero Factorya
Nintendo Co.,Shine Post: Be Your Idol!a
Nintendo Co.,Simogo Legacy Collectiona
Nintendo Co.,Skate Storya
Nintendo Co.,Sonic Racing: CrossWorlds – Nintendo Switch 2 Editiona
Nintendo Co.,Sonic X Shadow Generationsa
Nintendo Co.,Spinea
Nintendo Co.,Splatoon Raidersa
Nintendo Co.,Split Fictiona
Nintendo Co.,SpongeBob SquarePants: Titans of the Tidea
Nintendo Co.,Squirrel with a Guna
Nintendo Co.,Star Wars Outlawsa
Nintendo Co.,Starbitesa
Nintendo Co.,Stardew Valley – Nintendo Switch 2 Editiona
Nintendo Co.,Starseeker: Astroneer Expeditionsa
Nintendo Co.,Story of Seasons: Grand Bazaar – Nintendo Switch 2 Editiona
Nintendo Co.,Street Fighter 6a
Nintendo Co.,Suika Game Planeta
Nintendo Co.,Survival Kidsa
Nintendo Co.,System Shocka
Nintendo Co.,Tamagotchi Plaza – Nintendo Switch 2 Editiona
Nintendo Co.,The Adventures of Elliot: The Millennium Talesa
Nintendo Co.,The Binding of Isaac: Repentance+a
Nintendo Co.,The Duskbloodsa
Nintendo Co.,The Exit 8 – Nintendo Switch 2 Editiona
Nintendo Co.,The Legend of Dark Witch Episode 4: Thoughts Delivereda
Nintendo Co.,The Legend of Heroes: Trails Beyond the Horizona
Nintendo Co.,The Prince of Tennis: Doki Doki Survival eternal passiona
Nintendo Co.,The Prince of Tennis: Sweet School Festival 0-40 and more…a
Nintendo Co.,The Rogue Prince of Persiaa
Nintendo Co.,The Touryst: Deluxea
Nintendo Co.,Tony Hawk's Pro Skater 3 + 4a
Nintendo Co.,Trails in the Sky 1st Chapter – Nintendo Switch 2 Editiona
Nintendo Co.,Two Point Museuma
Nintendo Co.,Ultimate Sheep Raccoona
Nintendo Co.,Untitled thirdFinal Fantasy VII Remakegamea
Nintendo Co.,Virtua Fighter 5 R.E.V.O.a
Nintendo Co.,WWE 2K25a
Nintendo Co.,Warframea
Nintendo Co.,"Warhammer 40,000: Rogue Tradera"
Nintendo Co.,Wild Hearts Sa
Nintendo Co.,Witchbrooka
Nintendo Co.,Yakuza 0 Director's Cuta
Nintendo Co.,Yakuza Kiwami 2a
Nintendo Co.,Yakuza Kiwami 3 & Dark Tiesa
Nintendo Co.,Yakuza Kiwamia
Nintendo Co.,Yooka-Replayleea
Nintendo Co.,Yoshi and the Mysterious Booka
Nintendo Co.,Ys X: Proud Nordicsa
Molson Coors Brewing Co.,"Adam Collins, Chief Communication and Corporate Affairs"
Molson Coors Brewing Co.,Blue Moon
Molson Coors Brewing Co.,"Brian Erhardt, Chief Supply Chain Officer"
Molson Coors Brewing Co.,Carling
Molson Coors Brewing Co.,Coors Banquet
Molson Coors Brewing Co.,Coors Light
Molson Coors Brewing Co.,"Dave Osswald, Chief People and Diversity Officer"
Molson Coors Brewing Co.,Eugene Ubalijoro
Molson Coors Brewing Co.,"Fred Landtmeters, President, Molson Coors Canada"
Molson Coors Brewing Co.,"Gavin Hattersley, President/Chief Executive Officer"
Molson Coors Brewing Co.,George Killian's Irish Red
Molson Coors Brewing Co.,Granville Island Brewing
Molson Coors Brewing Co.,Hamm's
Molson Coors Brewing Co.,Hop Valley
Molson Coors Brewing Co.,Icehouse
Molson Coors Brewing Co.,Jelen
Molson Coors Brewing Co.,Keystone
Molson Coors Brewing Co.,Leinenkugel's
Molson Coors Brewing Co.,Madrí
Molson Coors Brewing Co.,"Michelle St. Jacques, Chief Marketing Officer"
Molson Coors Brewing Co.,Miller High Life
Molson Coors Brewing Co.,Miller Lite
Molson Coors Brewing Co.,Milwaukee's Best
Molson Coors Brewing Co.,Molson Canadian
Molson Coors Brewing Co.,Molson Export
Molson Coors Brewing Co.,Ožujsko pivo
Molson Coors Brewing Co.,"Pete Marino, President of Emerging Growth"
Molson Coors Brewing Co.,"Rahul Goyal, Chief Strategy Officer"
Molson Coors Brewing Co.,"Sergey Yeskov, President and CEO of Molson Coors Europe"
Molson Coors Brewing Co.,Staropramen
Molson Coors Brewing Co.,Steel Reserve
Molson Coors Brewing Co.,Terrapin
Molson Coors Brewing Co.,"Tracey Joubert, Chief Financial Officer"
Molson Coors Brewing Co.,Trebjesa brewery
Molson Coors Brewing Co.,Vizzy Hard Seltzer
VF Corp.,7 for All Mankind
VF Corp.,Altra Running
VF Corp.,Bulwark Protective Apparel
VF Corp.,Chef Designs
VF Corp.,Dickies
VF Corp.,Eagle Creek
VF Corp.,Eastpak
VF Corp.,Ella Moss
VF Corp.,Fruit of the Loom
VF Corp.,Icebreaker
VF Corp.,JanSport
VF Corp.,Kipling
VF Corp.,Kodiak
VF Corp.,Liberty
VF Corp.,Majestic Athletic
VF Corp.,Napapijri
VF Corp.,Nautica
VF Corp.,Red Kap
VF Corp.,Smartwool
VF Corp.,Splendid
VF Corp.,Supreme
VF Corp.,Terra
VF Corp.,The North Face
VF Corp.,Timberland
VF Corp.,VF Solutions
VF Corp.,Vans
VF Corp.,Walls
VF Corp.,Work Authority
VF Corp.,Workrite Fire Service
Hershey Co.,Almond Joy
Hershey Co.,"Brenner, Joël Glenn"
Hershey Co.,Caramel candy bar
Hershey Co.,Cookies 'n' Creme
Hershey Co.,Hershey Chocolate
Hershey Co.,History | The Hotel Hershey
Hershey Co.,Kisses bonbons
Hershey Co.,Kit Kat
Hershey Co.,Krackelbars
Hershey Co.,Mounds candy bar
Hershey Co.,Official Hershey's
Hershey Co.,PayDay
Hershey Co.,Reese's Peanut Butter Pumpkin
Hershey Co.,Take5 candy bar
Hershey Co.,Twizzlers fun size
BRF – Brasil Foods,NO_DATA
Carlsberg A/S,A 33cl Carlsberg profile bottle
Carlsberg A/S,A Carlsberg
Carlsberg A/S,A Saku
Carlsberg A/S,Cap of Carlsberg
Carlsberg A/S,Carls Beer
Carlsberg A/S,Carls Porter
Carlsberg A/S,Carlsberg
Carlsberg A/S,"Carlsberg Black Gold 5,5%"
Carlsberg A/S,"Carlsberg Black Gold 5,8%"
Carlsberg A/S,Carlsberg Export
Carlsberg A/S,Carlsberg Lager
Carlsberg A/S,Carlsberg Master Brew
Carlsberg A/S,Carlsberg Pilsner
Carlsberg A/S,"Carlsberg Premium Lager Beer 5,0%"
Carlsberg A/S,"Carlsberg beer 5,0%"
Carlsberg A/S,Carlsberg beer can
Carlsberg A/S,Carlsberg beer in Sweden
Carlsberg A/S,Carlsberg beers
Carlsberg A/S,Carlsberg sport soda
Carlsberg A/S,Coca
Carlsberg A/S,Denmark
Carlsberg A/S,E.C. Dahls
Carlsberg A/S,Elephant beer
Carlsberg A/S,Elephant beer Carlsberg Deutschland GmbH
Carlsberg A/S,Elephant beer can
Carlsberg A/S,"Elephant beer capsule, Cap of Carlsberg Deutschland GmbH"
Carlsberg A/S,"Elephant beer, Carlsberg Deutschland GmbH"
Carlsberg A/S,Falcon
Carlsberg A/S,Farris
Carlsberg A/S,Feldschlösschen
Carlsberg A/S,Grimbergen
Carlsberg A/S,Hellerup
Carlsberg A/S,Helsingør
Carlsberg A/S,Holsten
Carlsberg A/S,Jacobsen
Carlsberg A/S,Jacobsen Extra Pilsner
Carlsberg A/S,Kings Brewery Christmas beer
Carlsberg A/S,Kronenbourg
Carlsberg A/S,Lao
Carlsberg A/S,Lav
Carlsberg A/S,Lvivske
Carlsberg A/S,Monster Energy
Carlsberg A/S,Mythos
Carlsberg A/S,"Neptun Brewery, Saltum and Neptun"
Carlsberg A/S,Norway
Carlsberg A/S,Old and new Elephant beer
Carlsberg A/S,Photographs of wagons featured as exhibits at the museum
Carlsberg A/S,Pripps Blå
Carlsberg A/S,Ringnes
Carlsberg A/S,Skands beer from Skands Brewery/ Skands Microbrewery
Carlsberg A/S,Slavutych
Carlsberg A/S,Solo
Carlsberg A/S,Somersby ciders
Carlsberg A/S,Super Bock
Carlsberg A/S,Tetley's
Carlsberg A/S,Tuborg
Carlsberg A/S,Tuborg squash soda
Carlsberg A/S,Wiibroe Imperial
Carlsberg A/S,Wiibroe Porter
Carlsberg A/S,Wiibroe Vintage
Carlsberg A/S,Wiibroe beer
Carlsberg A/S,Woodstock Festival
Carlsberg A/S,Švyturys
Kao Corp.,Advertising
Kao Corp.,Attack
Kao Corp.,Ban
Kao Corp.,Bioré
Kao Corp.,Biozet
Kao Corp.,Bondi Sands
Kao Corp.,Curel
Kao Corp.,Glaxo Wellcome
Kao Corp.,Goldwell
Kao Corp.,Guhl
Kao Corp.,Healthya
Kao Corp.,Jergens
Kao Corp.,John Frieda
Kao Corp.,KMS
Kao Corp.,Kanebo
Kao Corp.,Kate
Kao Corp.,Magiclean
Kao Corp.,MegRhythm
Kao Corp.,Merit
Kao Corp.,Merries
Kao Corp.,Molton Brown
Kao Corp.,Oribe
Kao Corp.,Segreta
Kao Corp.,Sensai
Kao Corp.,SmithKline Beecham
Kao Corp.,Sofina
Kao Corp.,Success
Kao Corp.,Woodbury's Facial
First Pacific Co.,Banh Shop
First Pacific Co.,East Dawning
First Pacific Co.,Habit Burger
First Pacific Co.,Hot 'n Now
First Pacific Co.,KFC
First Pacific Co.,Little Sheep
First Pacific Co.,Pasta Bravo
First Pacific Co.,Pizza Hut
First Pacific Co.,Super Chix
First Pacific Co.,Taco Bell
Beiersdorf AG,NO_DATA
Danish Crown,1 March 2009:Sergeant
Danish Crown,18 September 2015:First Lieutenant
Danish Crown,20 February 2009:Lieutenant
Danish Crown,24 January 2008:Officer cadet
Danish Crown,31 March 2019:Captain
Danish Crown,350th Anniversary Medal of the Royal Danish Life Guards
Danish Crown,4 May 2023:Honorary Major
Danish Crown,70th Birthday Medal of King Carl XVI Gustaf
Danish Crown,70th Birthday Medal of Queen Margrethe II
Danish Crown,75th Birthday Medal of Prince Henrik
Danish Crown,75th Birthday Medal of Queen Margrethe II
Danish Crown,80th Birthday Medal of Queen Margrethe II
Danish Crown,Belgium
Danish Crown,Brazil
Danish Crown,Bulgaria
Danish Crown,Copenhagen Zoo
Danish Crown,Crown Prince Christian Valdemar Henri John
Danish Crown,Denmark
Danish Crown,Egypt
Danish Crown,Finland
Danish Crown,France
Danish Crown,Golden Jubilee Medal of Queen Margrethe II
Danish Crown,Greece
Danish Crown,Greenland
Danish Crown,Homeguard Medal
Danish Crown,Iceland
Danish Crown,Joint monogram of Frederik and Mary
Danish Crown,King Carl XVI Gustaf Golden Jubilee Medal
Danish Crown,Latvia
Danish Crown,Mexico
Danish Crown,Norway
Danish Crown,Order of National Merit
Danish Crown,Order of the Elephant
Danish Crown,Order of the Legion of Honour
Danish Crown,Order of the Lion of the Netherlands
Danish Crown,Prince Henrik's Commemorative Medal
Danish Crown,Prince Vincent Frederik Minik Alexander
Danish Crown,Princess Isabella Henrietta Ingrid Margrethe
Danish Crown,Princess Josephine Sophia Ivalo Mathilda
Danish Crown,Recipient of theKing Willem
Danish Crown,Reserve Officers' Association in Denmark's Badge of Honor
Danish Crown,Rigshospitalet
Danish Crown,Roskilde Fjord
Danish Crown,Royal Family Decoration of King Frederik X
Danish Crown,Royal Family Decoration of Queen Margrethe II
Danish Crown,Royal Order
Danish Crown,Royal monogram
Danish Crown,Ruby Jubilee Medal of Queen Margrethe II
Danish Crown,S.Kmd
Danish Crown,Spain
Danish Crown,Sweden
Danish Crown,University of Copenhagen
Danish Crown,Westmead Hospital
Constellation Brands,NO_DATA
Campbell Soup Co.,Archway Cookies
Campbell Soup Co.,"Ashland, Ohio: Archway Cookies bakery"
Campbell Soup Co.,Bagels
Campbell Soup Co.,Bekasi
Campbell Soup Co.,Broth
Campbell Soup Co.,"Camden, New Jersey: world headquarters"
Campbell Soup Co.,Campbell's Chunky Maxx
Campbell Soup Co.,Campbell's Chunky Soups
Campbell Soup Co.,Campbell's Condensed Soups
Campbell Soup Co.,Campbell's Healthy Request
Campbell Soup Co.,Campbell's Home Style
Campbell Soup Co.,Campbell's Pork
Campbell Soup Co.,Campbell's Ready Meals
Campbell Soup Co.,Campbell's Sauces
Campbell Soup Co.,Campbell's Slow Kettle Style
Campbell Soup Co.,Campbell's Soup
Campbell Soup Co.,Campbell's Spaghetti
Campbell Soup Co.,Campbell's Well Yes
Campbell Soup Co.,Campbell's tomato juice
Campbell Soup Co.,Canned chicken
Campbell Soup Co.,Cape Cod Potato Chips
Campbell Soup Co.,Chunk
Campbell Soup Co.,Classic Water
Campbell Soup Co.,"Collins, Douglas"
Campbell Soup Co.,CookiesMilanoFarmhouseChunkDistinctivePirouetteSausalito
Campbell Soup Co.,Distinctive
Campbell Soup Co.,"Dixon, California"
Campbell Soup Co.,"East Rancho Dominguez, California"
Campbell Soup Co.,Ecce Pannis
Campbell Soup Co.,"Everett, Washington"
Campbell Soup Co.,Farmhouse
Campbell Soup Co.,Farmhouse breads
Campbell Soup Co.,Give Me The Campbell Life
Campbell Soup Co.,Golden Butter
Campbell Soup Co.,Goldfish crackers
Campbell Soup Co.,Harvest Wheat
Campbell Soup Co.,It's Amazing What Soup Can Do!
Campbell Soup Co.,Kettle
Campbell Soup Co.,King's Lynn
Campbell Soup Co.,Lance
Campbell Soup Co.,Layer cakes
Campbell Soup Co.,Lemnos
Campbell Soup Co.,Lübeck
Campbell Soup Co.,"Made for real, Real life"
Campbell Soup Co.,"Maxton, North Carolina"
Campbell Soup Co.,Milano
Campbell Soup Co.,"Milwaukee, Wisconsin"
Campbell Soup Co.,Mmm Mmm Good
Campbell Soup Co.,"Napoleon, Ohio"
Campbell Soup Co.,Never underestimate the power of soup!
Campbell Soup Co.,"Paris, Texas"
Campbell Soup Co.,Pasta sauces
Campbell Soup Co.,Pepperidge Farm
Campbell Soup Co.,Pirouette
Campbell Soup Co.,Possibilities
Campbell Soup Co.,Puff pastry
Campbell Soup Co.,"Rancho Cucamonga, California"
Campbell Soup Co.,Ready
Campbell Soup Co.,Ribe
Campbell Soup Co.,Sandwich breads
Campbell Soup Co.,Sausalito
Campbell Soup Co.,Selangor
Campbell Soup Co.,"Shea, Martha Esposito"
Campbell Soup Co.,"Sidorick, Daniel"
Campbell Soup Co.,Snack Factory
Campbell Soup Co.,Snyder's of Hanover
Campbell Soup Co.,So Many Many Reasons It's So Mmm Mmm Good
Campbell Soup Co.,Soup Is Good Food
Campbell Soup Co.,SpaghettiOs
Campbell Soup Co.,Stuffing
Campbell Soup Co.,Swirl breads
Campbell Soup Co.,TV dinners and frozen meals
Campbell Soup Co.,Toronto
Campbell Soup Co.,"Tualatin, Oregon"
Campbell Soup Co.,Turnovers
Campbell Soup Co.,V8 vegetable juice
Campbell Soup Co.,"West Sacramento, California"
Campbell Soup Co.,"Willard, Ohio"
PVH Corp.,NO_DATA
Groupe SEB,NO_DATA
Swatch Group AG,Balmain
Swatch Group AG,Belenos Clean Power AG
Swatch Group AG,Blancpain
Swatch Group AG,Breguet
Swatch Group AG,Calvin Klein Watches
Swatch Group AG,Certina
Swatch Group AG,EM Microelectronic
Swatch Group AG,Endura
Swatch Group AG,Flik Flak
Swatch Group AG,Glashütte Original
Swatch Group AG,Hamilton
Swatch Group AG,Harry Winston
Swatch Group AG,Jaquet Droz
Swatch Group AG,"Lewin, Tony"
Swatch Group AG,Longines
Swatch Group AG,Léon Hatot
Swatch Group AG,Micro Crystal:
Swatch Group AG,Mido
Swatch Group AG,Omega
Swatch Group AG,Rado
Swatch Group AG,"Ram Mudambi,""Branding Time: Swatch and Global"
Swatch Group AG,Renata
Swatch Group AG,Swatch
Swatch Group AG,Tissot
Swatch Group AG,Union Glashütte
NH Foods Ltd.,Hotels and mixed
NH Foods Ltd.,Joint venture hotels
NH Foods Ltd.,Managed hotels
NH Foods Ltd.,Management of serviced suites
NH Foods Ltd.,Owned hotels
NH Foods Ltd.,Plaza and entertainment business
NH Foods Ltd.,Points
NH Foods Ltd.,Residential property development business
NH Foods Ltd.,Restaurants
NH Foods Ltd.,Retail trading and contract manufacturing
NH Foods Ltd.,Spa business
J.M. Smucker Co.,Bick's
J.M. Smucker Co.,Café Bustelo
J.M. Smucker Co.,Carnation Milk
J.M. Smucker Co.,Crosse & Blackwell
J.M. Smucker Co.,Dunkin'
J.M. Smucker Co.,Five Roses
J.M. Smucker Co.,Folgers
J.M. Smucker Co.,Golden Temple
J.M. Smucker Co.,Hostess Brands
J.M. Smucker Co.,Jif
J.M. Smucker Co.,Laura Scudder's
J.M. Smucker Co.,Meow Mix
J.M. Smucker Co.,Milk
J.M. Smucker Co.,Robin Hood
J.M. Smucker Co.,Snausages
J.M. Smucker Co.,crustless sandwiches
Thai Beverage Public Co.,Army United F.C
Thai Beverage Public Co.,Ayutthaya United F.C
Thai Beverage Public Co.,Buriram United F.C
Thai Beverage Public Co.,Chonburi F.C
Thai Beverage Public Co.,Everton F.C
Thai Beverage Public Co.,Lamphun Warriors F.C
Thai Beverage Public Co.,Nakhon Pathom United F.C
Thai Beverage Public Co.,Navy F.C
Thai Beverage Public Co.,Police Tero F.C
Thai Beverage Public Co.,Ratchaburi F.C
Thai Beverage Public Co.,Samut Prakan City F.C
Thai Beverage Public Co.,Sukhothai F.C
Thai Beverage Public Co.,Suphanburi F.C
Thai Beverage Public Co.,Trat F.C
Thai Beverage Public Co.,Udon Thani F.C
ITC Ltd.,"Cox, Howard"
ITC Ltd.,"Roy, Anoushka"
Abbott – Nutrition,2005a
Abbott – Nutrition,2006a
Abbott – Nutrition,2007a
Abbott – Nutrition,2008a
Abbott – Nutrition,2009a
Abbott – Nutrition,2010a
Abbott – Nutrition,2011a
Abbott – Nutrition,2012a
Abbott – Nutrition,2013a
Abbott – Nutrition,2014a
Abbott – Nutrition,2015a
Abbott – Nutrition,2016a
Abbott – Nutrition,2017a
Abbott – Nutrition,2018a
Abbott – Nutrition,2019a
Abbott – Nutrition,2020a
Abbott – Nutrition,2021a
Abbott – Nutrition,AGA Medical
Abbott – Nutrition,Advanced Medical Optics
Abbott – Nutrition,Advanced Neuromodulation Systems
Abbott – Nutrition,Alere
Abbott – Nutrition,Alinity
Abbott – Nutrition,Amplatzer Piccolo Occluder
Abbott – Nutrition,Apica Cardiovascular Limited
Abbott – Nutrition,Architect
Abbott – Nutrition,Arriva Medical
Abbott – Nutrition,Aveir DR
Abbott – Nutrition,Bigfoot Biomedical
Abbott – Nutrition,BinaxNOW
Abbott – Nutrition,Biocor Industria
Abbott – Nutrition,Blue ribbon
Abbott – Nutrition,BurstDR Technology
Abbott – Nutrition,CARDIOMEMS
Abbott – Nutrition,CFR Pharmaceuticals
Abbott – Nutrition,CardioMEMS Inc
Abbott – Nutrition,"Cardiovascular Systems, Inc"
Abbott – Nutrition,CentriMag
Abbott – Nutrition,"Cephea Valve Technologies, Inc"
Abbott – Nutrition,Confirm Rx
Abbott – Nutrition,Daig Corporation
Abbott – Nutrition,Diagnostics: core lab
Abbott – Nutrition,Digival
Abbott – Nutrition,Dow Jones Sustainability Index
Abbott – Nutrition,Endocardial Solutions
Abbott – Nutrition,Endosense
Abbott – Nutrition,Ensure
Abbott – Nutrition,Ensure Gold
Abbott – Nutrition,"Epocal, Inc"
Abbott – Nutrition,Established Pharmaceuticals:
Abbott – Nutrition,Fast Company
Abbott – Nutrition,FlexBurst360 Technology
Abbott – Nutrition,Fortune
Abbott – Nutrition,FreeStyle Libre
Abbott – Nutrition,Gallant ICD
Abbott – Nutrition,Getinge Group
Abbott – Nutrition,Glucerna
Abbott – Nutrition,Guidant
Abbott – Nutrition,Heart Valve Company
Abbott – Nutrition,Heartmate
Abbott – Nutrition,IDEV Technologies
Abbott – Nutrition,IDNOW
Abbott – Nutrition,Infinity Deep Brain Stimulation System
Abbott – Nutrition,IntraLase Corp
Abbott – Nutrition,Isomil
Abbott – Nutrition,Juven
Abbott – Nutrition,Knoll
Abbott – Nutrition,Lab Data Management Ltd
Abbott – Nutrition,Levitronix
Abbott – Nutrition,LightLab Imaging
Abbott – Nutrition,MediGuide
Abbott – Nutrition,Medical devices: rhythm management
Abbott – Nutrition,MitraClip
Abbott – Nutrition,NT2000IX Radiofrequency Generator
Abbott – Nutrition,Nanostim Inc
Abbott – Nutrition,OptiMedica Corporation
Abbott – Nutrition,"Pacesetter, Inc"
Abbott – Nutrition,PediaSure
Abbott – Nutrition,PediaSure Plus
Abbott – Nutrition,Pedialyte
Abbott – Nutrition,Pediatric nutrition
Abbott – Nutrition,Proclaim DRG Neurostimulation System
Abbott – Nutrition,Proclaim Elite Recharge
Abbott – Nutrition,Proclaim XR Recharge
Abbott – Nutrition,Prodigy MRI SCS System
Abbott – Nutrition,Ross Laboratories
Abbott – Nutrition,STARLIMS
Abbott – Nutrition,Science
Abbott – Nutrition,Similac
Abbott – Nutrition,Similac Essencia
Abbott – Nutrition,Similac Gain
Abbott – Nutrition,Similac GainPlus
Abbott – Nutrition,Similac GainSchool
Abbott – Nutrition,Similac Neosure
Abbott – Nutrition,Similac Tummicare HW
Abbott – Nutrition,SmithKline Beecham
Abbott – Nutrition,Solvay Pharmaceuticals
Abbott – Nutrition,Spinal Modulation
Abbott – Nutrition,St. Jude Medical
Abbott – Nutrition,Tendyne Holdings Inc
Abbott – Nutrition,TheraSense
Abbott – Nutrition,Thermo Cardiosystems
Abbott – Nutrition,Thoratec Corporation
Abbott – Nutrition,"Topera, Inc"
Abbott – Nutrition,Tyco International
Abbott – Nutrition,Ventritex
Abbott – Nutrition,Veropharm
Abbott – Nutrition,"Walk Vascular, LLC"
Abbott – Nutrition,Working Mother
Abbott – Nutrition,Xience
Abbott – Nutrition,ZonePerfect
Newell Brands,Aerobed
Newell Brands,Amerock
Newell Brands,Aprica Kassai
Newell Brands,Ashland Hardware
Newell Brands,Avex
Newell Brands,BRK Electronics
Newell Brands,Baby Jogger
Newell Brands,Ball & Kerr
Newell Brands,Bernardin
Newell Brands,Berol
Newell Brands,Bicycle
Newell Brands,Billy Boy
Newell Brands,Breville
Newell Brands,Bubba
Newell Brands,Bulldog Hardware
Newell Brands,Cadence
Newell Brands,Calphalon
Newell Brands,Calypso
Newell Brands,Campingaz
Newell Brands,Century
Newell Brands,Chesapeake Bay Candle
Newell Brands,Coleman
Newell Brands,Contigo
Newell Brands,Crawford
Newell Brands,Crock
Newell Brands,Diamond Match Company
Newell Brands,Dymo
Newell Brands,Elmer's
Newell Brands,Esky
Newell Brands,Exofficio
Newell Brands,Expo
Newell Brands,Fiona
Newell Brands,First Alert
Newell Brands,Food Saver
Newell Brands,Goody
Newell Brands,Graco
Newell Brands,GrillMaster
Newell Brands,Health o Meter
Newell Brands,Irwin
Newell Brands,Jarden
Newell Brands,Jostens
Newell Brands,K2
Newell Brands,Lehigh
Newell Brands,Lifoam
Newell Brands,Lillo
Newell Brands,Liquid paper
Newell Brands,Little Tikes
Newell Brands,Luma Home
Newell Brands,MAPA
Newell Brands,Mad Dog
Newell Brands,Margaritaville
Newell Brands,Marker
Newell Brands,Marmot
Newell Brands,Millefiori Milano
Newell Brands,Mr. Coffee
Newell Brands,Mr. Sketch
Newell Brands,Mucambo Professional
Newell Brands,NUK
Newell Brands,OneLink
Newell Brands,Oster
Newell Brands,Paper Mate
Newell Brands,Parker
Newell Brands,Prismacolor
Newell Brands,Pure Fishing
Newell Brands,Quickie
Newell Brands,Rawlings
Newell Brands,Rexair
Newell Brands,Reynolds Pen
Newell Brands,Rival
Newell Brands,Rotring
Newell Brands,Rubbermaid
Newell Brands,Rubbermaid Commercial Products
Newell Brands,Seal
Newell Brands,Sevylor
Newell Brands,Sharpie
Newell Brands,Shurline
Newell Brands,Sistema Plastics
Newell Brands,Spontex
Newell Brands,Stearns
Newell Brands,Sunbeam
Newell Brands,Tableluxe
Newell Brands,Tigex
Newell Brands,VillaWare
Newell Brands,Virulana
Newell Brands,Vitomit
Newell Brands,Völkl
Newell Brands,Waddington
Newell Brands,Waterman pens
Newell Brands,White Mountain Products
Newell Brands,WoodWick
Newell Brands,Yankee Candle
Skechers,A Skechers
Skechers,ADAC GT Masters
Skechers,Edward Cheserek
Skechers,Georgia
Skechers,Hydee and the Hytops: The Movie
Skechers,Twinkle Toes
Skechers,Twinkle Toes Lights Up New York
Makro Corporation,2021 sales was €1097 million
Makro Corporation,Had a total of 3700 employees
Makro Corporation,Makro España
Makro Corporation,Newsagent's shops
Makro Corporation,Operates 37 stores in 15 different regions
Makro Corporation,Restaurants
Makro Corporation,Schools
Arçelik A.Ş.,Arctic
Arçelik A.Ş.,Arçelik Vacuum Cleaner
Arçelik A.Ş.,Arçelik Washing Machine
Arçelik A.Ş.,Arçelik is Turkish television maker
Arçelik A.Ş.,Beko
Arçelik A.Ş.,CDP: Arçelik
Arçelik A.Ş.,Dow Jones Sustainability Index
Arçelik A.Ş.,EcoVadis: Arçelik
Arçelik A.Ş.,Old
Arçelik A.Ş.,Telve Turkish
Savencia SA,NO_DATA
Electronic Arts,2010 FIFA World Cup South Africaa
Electronic Arts,2014 FIFA World Cup Brazila
Electronic Arts,2022a
Electronic Arts,A Way Outa
Electronic Arts,APB: All Points Bulletina
Electronic Arts,Alice: Madness Returnsa
Electronic Arts,American McGee's Alicea
Electronic Arts,Androida
Electronic Arts,Anthema
Electronic Arts,Apex Legendsa
Electronic Arts,"April 10, 2012a"
Electronic Arts,"April 15, 2012a"
Electronic Arts,Army of Two: The 40th Daya
Electronic Arts,Army of Two: The Devil's Cartela
Electronic Arts,Auditoriuma
Electronic Arts,"August 10, 2010a"
Electronic Arts,"August 15, 2013a"
Electronic Arts,"August 18, 2011a"
Electronic Arts,"August 19, 2014a"
Electronic Arts,"August 21, 2018a"
Electronic Arts,"August 28, 2013a"
Electronic Arts,"August 29, 2013a"
Electronic Arts,"August 4, 2011a"
Electronic Arts,"August 5, 2025a"
Electronic Arts,Batman: The Dark Knighta
Electronic Arts,Battle Coptersa
Electronic Arts,Battlefield 1a
Electronic Arts,Battlefield 3a
Electronic Arts,Battlefield 4a
Electronic Arts,Battlefield Bad Company 2a
Electronic Arts,Battlefield Hardlinea
Electronic Arts,Battlefield Va
Electronic Arts,Bejeweled 2a
Electronic Arts,Bejeweled 3a
Electronic Arts,Bejeweled Blitza
Electronic Arts,Bejeweled Classic HDa
Electronic Arts,Bejeweled Starsa
Electronic Arts,BlackBerry PlayBooka
Electronic Arts,Blackberrya
Electronic Arts,Bulletstorma
Electronic Arts,Burnout Crash!a
Electronic Arts,Burnout Paradise Remastereda
Electronic Arts,Cause of Deatha
Electronic Arts,Clue: Secrets & Spiesa
Electronic Arts,Command & Conquer 4: Tiberian Twilighta
Electronic Arts,Command & Conquer: Rivalsa
Electronic Arts,Command & Conquer: Tiberium Alliancesa
Electronic Arts,Command & Conquera
Electronic Arts,Createa
Electronic Arts,Crysis 2a
Electronic Arts,Crysis 3a
Electronic Arts,Crysisa
Electronic Arts,Dante's Infernoa
Electronic Arts,Darksporea
Electronic Arts,Dawngatea
Electronic Arts,Dead Space 2a
Electronic Arts,Dead Space 3a
Electronic Arts,Dead Space Ignitiona
Electronic Arts,Dead Space: Extractiona
Electronic Arts,Dead Spacea
Electronic Arts,DeathSpank: Thongs of Virtuea
Electronic Arts,DeathSpanka
Electronic Arts,"December 14, 2010a"
Electronic Arts,"December 14, 2011a"
Electronic Arts,"December 16, 2010a"
Electronic Arts,"December 16, 2011a"
Electronic Arts,"December 17, 2019a"
Electronic Arts,"December 19, 2012a"
Electronic Arts,"December 21, 2010a"
Electronic Arts,"December 22, 2010a"
Electronic Arts,"December 22, 2011a"
Electronic Arts,"December 23, 2013a"
Electronic Arts,"December 4, 2018a"
Electronic Arts,Developed and published by EAa
Electronic Arts,Dragon Age IIa
Electronic Arts,Dragon Age Legendsa
Electronic Arts,Dragon Age: Inquisitiona
Electronic Arts,Dragon Age: Origins – Awakeninga
Electronic Arts,Dragon's Laira
Electronic Arts,Dungeon Keeper Mobilea
Electronic Arts,EA Sports Active 2a
Electronic Arts,EA Sports Active NFL Training Campa
Electronic Arts,EA Sports FIFA Superstarsa
Electronic Arts,EA Sports MMAa
Electronic Arts,EA Sports UFC 2a
Electronic Arts,EA Sports UFC 3a
Electronic Arts,EA Sports UFCa
Electronic Arts,Extreme Pinballa
Electronic Arts,FIFA 11a
Electronic Arts,FIFA 12a
Electronic Arts,FIFA 13a
Electronic Arts,FIFA 14a
Electronic Arts,FIFA 15a
Electronic Arts,FIFA 16a
Electronic Arts,FIFA 17a
Electronic Arts,FIFA 18a
Electronic Arts,FIFA 19a
Electronic Arts,FIFA 20a
Electronic Arts,FIFA Manager 11a
Electronic Arts,FIFA Manager 12a
Electronic Arts,FIFA Manager 13a
Electronic Arts,FIFA Manager 14a
Electronic Arts,FIFA Mobilea
Electronic Arts,FIFA Online 3a
Electronic Arts,FIFA Online 4a
Electronic Arts,FIFA Onlinea
Electronic Arts,FIFA Streeta
Electronic Arts,FIFA Worlda
Electronic Arts,Fantasy Safaria
Electronic Arts,Fea
Electronic Arts,"February 10, 2011a"
Electronic Arts,"February 12, 2019a"
Electronic Arts,"February 15, 2012a"
Electronic Arts,"February 17, 2015a"
Electronic Arts,"February 22, 2012a"
Electronic Arts,"February 25, 2010a"
Electronic Arts,"February 28, 2014a"
Electronic Arts,"February 29, 2012a"
Electronic Arts,"February 6, 2013a"
Electronic Arts,"February 8, 2012a"
Electronic Arts,Fight Night Championa
Electronic Arts,Fightbacka
Electronic Arts,Flight Control Rocketa
Electronic Arts,Fusea
Electronic Arts,Grand Slam Tennis 2a
Electronic Arts,Green Day: Rock Banda
Electronic Arts,Harry Potter and the Deathly Hallows – Part 1a
Electronic Arts,Harry Potter and the Deathly Hallows – Part 2a
Electronic Arts,Hasbro Family Game Night 3a
Electronic Arts,Hasbro Family Game Night 4: The Game Showa
Electronic Arts,Heroes Lore IIIa
Electronic Arts,Heroes of Dragon Agea
Electronic Arts,High Caliber Huntinga
Electronic Arts,Iron Force 2a
Electronic Arts,Iron Forcea
Electronic Arts,"January 18, 2011a"
Electronic Arts,"January 19, 2011a"
Electronic Arts,"January 27, 2017a"
Electronic Arts,"January 30, 2013a"
Electronic Arts,"January 8, 2018a"
Electronic Arts,Java MEa
Electronic Arts,Java Mea
Electronic Arts,JetSet Secretsa
Electronic Arts,"July 11, 2012a"
Electronic Arts,"July 13, 2012a"
Electronic Arts,"July 14, 2010a"
Electronic Arts,"July 16, 2019a"
Electronic Arts,"July 31, 2013a"
Electronic Arts,"July 31, 2018a"
Electronic Arts,"July 8, 2013a"
Electronic Arts,"June 11, 2021a"
Electronic Arts,"June 13, 2013a"
Electronic Arts,"June 19, 2018a"
Electronic Arts,"June 19, 2020a"
Electronic Arts,"June 20, 2012a"
Electronic Arts,"June 24, 2013a"
Electronic Arts,"June 24, 2014a"
Electronic Arts,"June 28, 2010a"
Electronic Arts,Kindle Firea
Electronic Arts,Kingdoms of Amalur: Reckoninga
Electronic Arts,Lite-Britea
Electronic Arts,Lord of Ultimaa
Electronic Arts,Macintosha
Electronic Arts,Madden NFL 11a
Electronic Arts,Madden NFL 12a
Electronic Arts,Madden NFL 13a
Electronic Arts,Madden NFL 15a
Electronic Arts,Madden NFL 16a
Electronic Arts,Madden NFL 17a
Electronic Arts,Madden NFL 18a
Electronic Arts,Madden NFL 19a
Electronic Arts,Madden NFL 20a
Electronic Arts,Madden NFL 25a
Electronic Arts,Madden NFL Footballa
Electronic Arts,Madden NFL Mobilea
Electronic Arts,Madden NFL Overdrivea
Electronic Arts,Madden NFL Sociala
Electronic Arts,Madden NFL Superstarsa
Electronic Arts,"March 13, 2012a"
Electronic Arts,"March 15, 2012a"
Electronic Arts,"March 15, 2016a"
Electronic Arts,"March 19, 2013a"
Electronic Arts,"March 19, 2021a"
Electronic Arts,"March 20, 2018a"
Electronic Arts,"March 21, 2013a"
Electronic Arts,"March 22, 2019a"
Electronic Arts,"March 25, 2013a"
Electronic Arts,"March 27, 2011a"
Electronic Arts,"March 29, 2022a"
Electronic Arts,"March 6, 2012a"
Electronic Arts,"March 8, 2011a"
Electronic Arts,"March 9, 2021a"
Electronic Arts,Mass Effect 2a
Electronic Arts,Mass Effect 3a
Electronic Arts,Mass Effect Infiltratora
Electronic Arts,Mass Effect: Andromedaa
Electronic Arts,"May 14, 2019a"
Electronic Arts,"May 2, 2013a"
Electronic Arts,"May 22, 2012a"
Electronic Arts,"May 22, 2013a"
Electronic Arts,"May 23, 2013a"
Electronic Arts,"May 28, 2013a"
Electronic Arts,"May 7, 2014a"
Electronic Arts,Medal of Honor: Frontlinea
Electronic Arts,Medal of Honor: Warfightera
Electronic Arts,Medal of Honora
Electronic Arts,Micro Machinesa
Electronic Arts,Minions Paradisea
Electronic Arts,Mirror's Edge Catalysta
Electronic Arts,Mirror's Edgea
Electronic Arts,Miss Universe: The Gamea
Electronic Arts,Mobile phonesa
Electronic Arts,Monopoly Streetsa
Electronic Arts,Monopolya
Electronic Arts,MySims SkyHeroesa
Electronic Arts,NBA Elite 11a
Electronic Arts,NBA Jam: On Fire Editiona
Electronic Arts,NBA Jama
Electronic Arts,NBA Live 13a
Electronic Arts,NBA Live 14a
Electronic Arts,NBA Live 15a
Electronic Arts,NBA Live 16a
Electronic Arts,NBA Live 18a
Electronic Arts,NBA Live 19a
Electronic Arts,NBA Live Mobilea
Electronic Arts,NBA Street Online 2a
Electronic Arts,NCAA Football 11a
Electronic Arts,NCAA Football 12a
Electronic Arts,NCAA Football 13a
Electronic Arts,NCAA Football 14a
Electronic Arts,NCAA Footballa
Electronic Arts,NFL Blitza
Electronic Arts,NFS Heata
Electronic Arts,NHL 11a
Electronic Arts,NHL 12a
Electronic Arts,NHL 13a
Electronic Arts,NHL 14a
Electronic Arts,NHL 15a
Electronic Arts,NHL 16a
Electronic Arts,NHL 17a
Electronic Arts,NHL 18a
Electronic Arts,NHL 19a
Electronic Arts,NHL 20a
Electronic Arts,NHL Slapshota
Electronic Arts,NHL Superstarsa
Electronic Arts,Need for Speed Paybacka
Electronic Arts,Need for Speed Rivalsa
Electronic Arts,Need for Speed: Edgea
Electronic Arts,Need for Speed: Hot Pursuita
Electronic Arts,Need for Speed: Most Wanteda
Electronic Arts,Need for Speed: Nitro-Xa
Electronic Arts,Need for Speed: No Limitsa
Electronic Arts,Need for Speed: The Runa
Electronic Arts,Need for Speed: Undercovera
Electronic Arts,Need for Speed: Worlda
Electronic Arts,Need for Speeda
Electronic Arts,Nintendo 3DSa
Electronic Arts,Nintendo DSa
Electronic Arts,"November 1, 2011a"
Electronic Arts,"November 1, 2012a"
Electronic Arts,"November 12, 2010a"
Electronic Arts,"November 12, 2013a"
Electronic Arts,"November 13, 2018a"
Electronic Arts,"November 14, 2017a"
Electronic Arts,"November 15, 2013a"
Electronic Arts,"November 17, 2010a"
Electronic Arts,"November 17, 2011a"
Electronic Arts,"November 18, 2012a"
Electronic Arts,"November 19, 2013a"
Electronic Arts,"November 22, 2013a"
Electronic Arts,"November 24, 2020a"
Electronic Arts,"November 3, 2010a"
Electronic Arts,"November 30, 2010a"
Electronic Arts,"October 10, 2011a"
Electronic Arts,"October 14, 2014a"
Electronic Arts,"October 15, 2019a"
Electronic Arts,"October 23, 2012a"
Electronic Arts,"October 24, 2014a"
Electronic Arts,"October 25, 2010a"
Electronic Arts,"October 26, 2010a"
Electronic Arts,"October 5, 2011a"
Electronic Arts,Only developed by EAa
Electronic Arts,Only distributed by EAa
Electronic Arts,Only published by EAa
Electronic Arts,Outernautsa
Electronic Arts,Peggle 2a
Electronic Arts,Peggle Blasta
Electronic Arts,Pet Society Vacationa
Electronic Arts,Pictureka!a
Electronic Arts,Plants vs. Zombies 2: It's About Timea
Electronic Arts,Plants vs. Zombies Heroesa
Electronic Arts,Plants vs. Zombies: Battle for Neighborvillea
Electronic Arts,Plants vs. Zombies: Garden Warfare 2a
Electronic Arts,Plants vs. Zombies: Garden Warfarea
Electronic Arts,Plants vs. Zombiesa
Electronic Arts,PlayStation 2a
Electronic Arts,PlayStation 3a
Electronic Arts,PlayStation 4a
Electronic Arts,PlayStation Portablea
Electronic Arts,PlayStation Vitaa
Electronic Arts,Pogo Gamesa
Electronic Arts,Project Ragtaga
Electronic Arts,R-Typea
Electronic Arts,RISKa
Electronic Arts,Rangoa
Electronic Arts,Real Racing 2a
Electronic Arts,Real Racing 3a
Electronic Arts,Reckless Racinga
Electronic Arts,Risk: Factionsa
Electronic Arts,Rock Band 3a
Electronic Arts,Rock Band Reloadeda
Electronic Arts,Rory McIlroy PGA Toura
Electronic Arts,SSX 3a
Electronic Arts,SSXa
Electronic Arts,Scrabblea
Electronic Arts,Sea of Solitudea
Electronic Arts,"September 1, 2011a"
Electronic Arts,"September 11, 2018a"
Electronic Arts,"September 12, 2013a"
Electronic Arts,"September 22, 2010a"
Electronic Arts,"September 24, 2013a"
Electronic Arts,"September 27, 2016a"
Electronic Arts,"September 6, 2011a"
Electronic Arts,Shadow Realmsa
Electronic Arts,Shadows of the Damneda
Electronic Arts,Shank 2a
Electronic Arts,Shanka
Electronic Arts,Shift 2: Unleasheda
Electronic Arts,SimCity 4 Deluxe Editiona
Electronic Arts,SimCity Deluxea
Electronic Arts,SimCity Sociala
Electronic Arts,SimCity: BuildIta
Electronic Arts,SimCitya
Electronic Arts,Skate 3a
Electronic Arts,Skate Ita
Electronic Arts,Sony Ericsson Xperia Playa
Electronic Arts,Spare Partsa
Electronic Arts,Spore Creaturesa
Electronic Arts,Spy Mousea
Electronic Arts,Star Wars Battlefront IIa
Electronic Arts,Star Wars Battlefronta
Electronic Arts,Star Wars Jedi: Fallen Ordera
Electronic Arts,Star Wars: Galaxy of Heroesa
Electronic Arts,Star Wars: Rise to Powera
Electronic Arts,Star Wars: The Old Republica
Electronic Arts,Surviving High Schoola
Electronic Arts,Syndicatea
Electronic Arts,Tetrisa
Electronic Arts,Texas Hold'ema
Electronic Arts,The Secret Worlda
Electronic Arts,The Simpsons: Tapped Outa
Electronic Arts,The Sims 3 Collector's Editiona
Electronic Arts,The Sims 3 Stuff packsa
Electronic Arts,The Sims 3: Ambitionsa
Electronic Arts,The Sims 3: Generationsa
Electronic Arts,The Sims 3: Into the Futurea
Electronic Arts,The Sims 3: Island Paradisea
Electronic Arts,The Sims 3: Late Nighta
Electronic Arts,The Sims 3: Petsa
Electronic Arts,The Sims 3: Seasonsa
Electronic Arts,The Sims 3: Showtimea
Electronic Arts,The Sims 3: Supernaturala
Electronic Arts,The Sims 3: University Lifea
Electronic Arts,The Sims 3a
Electronic Arts,The Sims 4 Stuff packsa
Electronic Arts,The Sims 4: Cats & Dogsa
Electronic Arts,The Sims 4: City Livinga
Electronic Arts,The Sims 4: Dine Outa
Electronic Arts,The Sims 4: Discover Universitya
Electronic Arts,The Sims 4: Get Famousa
Electronic Arts,The Sims 4: Get Togethera
Electronic Arts,The Sims 4: Get to Worka
Electronic Arts,The Sims 4: Island Livinga
Electronic Arts,The Sims 4: Jungle Adventurea
Electronic Arts,The Sims 4: Outdoor Retreata
Electronic Arts,The Sims 4: Parenthooda
Electronic Arts,The Sims 4: Realm of Magica
Electronic Arts,The Sims 4: Seasonsa
Electronic Arts,The Sims 4: Spa Daya
Electronic Arts,The Sims 4: StrangerVillea
Electronic Arts,The Sims 4: Vampiresa
Electronic Arts,The Sims 4a
Electronic Arts,The Sims FreePlaya
Electronic Arts,The Sims Medieval: Pirates and Noblesa
Electronic Arts,The Sims Medievala
Electronic Arts,The Sims Mobilea
Electronic Arts,The Sims Sociala
Electronic Arts,Theme Parka
Electronic Arts,Tiger Woods PGA Tour 11a
Electronic Arts,Tiger Woods PGA Tour 12a
Electronic Arts,Tiger Woods PGA Tour 13a
Electronic Arts,Tiger Woods PGA Tour 14a
Electronic Arts,Tiger Woods PGA Tour Onlinea
Electronic Arts,Titanfall 2a
Electronic Arts,Titanfall Onlinea
Electronic Arts,Titanfalla
Electronic Arts,Trenches 2a
Electronic Arts,UEFA Euro 2012a
Electronic Arts,UFC Mobilea
Electronic Arts,Ultima Forever: Quest for the Avatara
Electronic Arts,Ultima X: Odysseya
Electronic Arts,Ultimate Mortal Kombat 3a
Electronic Arts,Unravel Twoa
Electronic Arts,Unravela
Electronic Arts,WarFriendsa
Electronic Arts,Warhammer Online: Wrath of Heroesa
Electronic Arts,Warpa
Electronic Arts,Wiia
Electronic Arts,Windows Mobilea
Electronic Arts,Windows Phonea
Electronic Arts,Windowsa
Electronic Arts,World Series of Pokera
Electronic Arts,Xbox 360a
Electronic Arts,Xbox Live Arcadea
Electronic Arts,Xbox Onea
Electronic Arts,Xbox Series X/Sa
Electronic Arts,Yogifya
Electronic Arts,Zuma's Revenge!a
Electronic Arts,iOSa
Electronic Arts,webOSa
Clorox Co.,Brita
Clorox Co.,Burt's Bees
Clorox Co.,Clorinda bleach and cleaning and disinfection products
Clorox Co.,Formula 409
Clorox Co.,Gladstorage bags
Clorox Co.,Green Works
Clorox Co.,Handy Andy
Clorox Co.,Hidden Valley
Clorox Co.,Kingsford
Clorox Co.,Kitchen Bouquet
Clorox Co.,Lestoilheavy
Clorox Co.,Liquid
Clorox Co.,Pine
Clorox Co.,U.S. dollarsa
Clorox Co.,cat litters
Post Holdings,9Lives
Post Holdings,Abbotsford Farms
Post Holdings,Airly Foods
Post Holdings,Alpen
Post Holdings,American Blanching Company
Post Holdings,Attune Foods
Post Holdings,BEF Foods
Post Holdings,Barbara's
Post Holdings,Better'n Eggs
Post Holdings,Bob Evans Farms
Post Holdings,Country Creek Farms
Post Holdings,Crystal Farms
Post Holdings,Dakota Growers Pasta Company
Post Holdings,Davidson's Safest Choice
Post Holdings,Egg Beaters
Post Holdings,Golden Boy Foods
Post Holdings,Grape
Post Holdings,Gravy Train
Post Holdings,Great Grains
Post Holdings,Honey Bunches
Post Holdings,Honeycomb
Post Holdings,Kibbles 'n Bits
Post Holdings,Malt
Post Holdings,Marshmallow Mateys
Post Holdings,Michael Foods
Post Holdings,Owens
Post Holdings,Papetti's HyGrade Egg Products
Post Holdings,Pebbles
Post Holdings,Peter Pan
Post Holdings,Pineland Farm Potato Company
Post Holdings,Pineland Farms Potato Company
Post Holdings,Premier Protein
Post Holdings,Raisin Bran
Post Holdings,Ready Brek
Post Holdings,Ronzoni Pasta
Post Holdings,Shredded Wheat
Post Holdings,Simply Potatoes
Post Holdings,Three Sisters Cereal Brands
Post Holdings,UFIT High Protein Drinks
Post Holdings,Weetabix
Post Holdings,Weetos
Shiseido Co.,ANESSA
Shiseido Co.,AQUA LABEL
Shiseido Co.,AUPRES
Shiseido Co.,BAUM
Shiseido Co.,BENEFIQUE
Shiseido Co.,Clé de Peau Beauté
Shiseido Co.,Dr Dennis Gross
Shiseido Co.,Drunk Elephant
Shiseido Co.,EFFECTIM
Shiseido Co.,ELIXIR
Shiseido Co.,GRACY
Shiseido Co.,Gallinée
Shiseido Co.,HAKU
Shiseido Co.,INOUI
Shiseido Co.,INRYU
Shiseido Co.,INTEGRATE
Shiseido Co.,IPSA
Shiseido Co.,Issey Miyake
Shiseido Co.,MAJOLICA MAJORCA
Shiseido Co.,MAQuillAGE
Shiseido Co.,NARS
Shiseido Co.,Narciso Rodriguez
Shiseido Co.,PRIOR
Shiseido Co.,Perfect Cover
Shiseido Co.,REVITAL
Shiseido Co.,SHISEIDO BEAUTY WELLNESS
Shiseido Co.,SIDEKICK
Shiseido Co.,Serge Lutens
Shiseido Co.,Shiseido
Shiseido Co.,THE GINZA
Shiseido Co.,Tory Burch
Shiseido Co.,URARA
Shiseido Co.,Ulé
Shiseido Co.,Zadig & Voltaire
Shiseido Co.,d program
Bandai Namco Holdings Inc.,D3 Publisher
Bandai Namco Holdings Inc.,Limbic Entertainment
San Miguel Food & Beverage,"Ginebra San Miguel, Inc"
San Miguel Food & Beverage,Golden Avenue Corporation
San Miguel Food & Beverage,Golden Bay Grain Terminal Corporation
San Miguel Food & Beverage,Golden Food
San Miguel Food & Beverage,JDE Peet's
San Miguel Food & Beverage,Magnolia Hotshots
San Miguel Food & Beverage,"Magnolia, Inc"
San Miguel Food & Beverage,Monterey Meatshop
San Miguel Food & Beverage,PT San Miguel Foods Indonesia Tbk
San Miguel Food & Beverage,Realsnacks Manufacturing Corporation
San Miguel Food & Beverage,"San Miguel Brewery, Inc"
San Miguel Food & Beverage,San Miguel Brewing International Ltd
San Miguel Food & Beverage,San Miguel Foods
San Miguel Food & Beverage,"San Miguel Foods Vietnam Company, Ltd"
San Miguel Food & Beverage,"San Miguel Foods, Inc"
San Miguel Food & Beverage,San Miguel Pure Foods Investment
San Miguel Food & Beverage,Sugarland Corporation
San Miguel Food & Beverage,The Purefoods
Bayer Consumer Health,2013a
Bayer Consumer Health,2014a
Bayer Consumer Health,2015a
Bayer Consumer Health,2016a
Bayer Consumer Health,2017*a
Bayer Consumer Health,2018a
Bayer Consumer Health,2019a
Bayer Consumer Health,2020a
Bayer Consumer Health,2021a
Bayer Consumer Health,2022a
Bayer Consumer Health,2023a
Bayer Consumer Health,2024a
Bayer Consumer Health,640 Labs
Bayer Consumer Health,"Agradis, Inc"
Bayer Consumer Health,Agroeste Sementes
Bayer Consumer Health,Alellyx S.A
Bayer Consumer Health,Algeta
Bayer Consumer Health,Aly Participacoes Ltda
Bayer Consumer Health,"American Seeds, IncChannel Bio Corp"
Bayer Consumer Health,Amundia
Bayer Consumer Health,Ashe
Bayer Consumer Health,Asklepios BioPharmaceutical
Bayer Consumer Health,Bangen H
Bayer Consumer Health,Bayer
Bayer Consumer Health,Bayer PharmaceuticalsHead of Division: Stefan Oelricha
Bayer Consumer Health,Beeologics
Bayer Consumer Health,Betaseron
Bayer Consumer Health,"Blaschke, Stefan"
Bayer Consumer Health,BlueRock Therapeutics
Bayer Consumer Health,Bomac Group
Bayer Consumer Health,Campbell Seed
Bayer Consumer Health,CanaVialis S.A
Bayer Consumer Health,Channel Bio Corp
Bayer Consumer Health,Charentais Melon Breeding Company
Bayer Consumer Health,Cipro
Bayer Consumer Health,Climate Corp
Bayer Consumer Health,Consumer Healtha
Bayer Consumer Health,Corn King Company
Bayer Consumer Health,Cornwell J
Bayer Consumer Health,Crop Sciencea
Bayer Consumer Health,Cutter Laboratories
Bayer Consumer Health,De Ruiter Seeds
Bayer Consumer Health,Delta & Pine Land Company
Bayer Consumer Health,Dickerman M
Bayer Consumer Health,Diener Seeds
Bayer Consumer Health,"Divergence, Inc"
Bayer Consumer Health,Emergent Genetics
Bayer Consumer Health,"Fernandez H, Libby TA"
Bayer Consumer Health,Fontanelle Hybrids
Bayer Consumer Health,Fungicides
Bayer Consumer Health,"Gold Country Seed, Inc"
Bayer Consumer Health,HSBC Global Asset ManagementGmbHa
Bayer Consumer Health,Hager T
Bayer Consumer Health,Haver
Bayer Consumer Health,Hayes P
Bayer Consumer Health,Herbicides
Bayer Consumer Health,Heritage Seeds
Bayer Consumer Health,Hollister
Bayer Consumer Health,"Icoria, Inc"
Bayer Consumer Health,Insecticides
Bayer Consumer Health,"International Seed Group, IncPoloni Semences"
Bayer Consumer Health,Jacobs SL
Bayer Consumer Health,Jeffreys D
Bayer Consumer Health,Jenapharm
Bayer Consumer Health,KaNDy Therapeutics Ltd
Bayer Consumer Health,Kogenate
Bayer Consumer Health,Kruger Seed Company
Bayer Consumer Health,Kumar BR
Bayer Consumer Health,Lesch JE
Bayer Consumer Health,"Lewis D, Zitzlsperger U"
Bayer Consumer Health,Lyxora
Bayer Consumer Health,MFS Investment Managementa
Bayer Consumer Health,Merck & Co
Bayer Consumer Health,Miles Canada
Bayer Consumer Health,Miles Laboratories
Bayer Consumer Health,Monsanto
Bayer Consumer Health,"NC+ Hybrids, Inc"
Bayer Consumer Health,Nexavar
Bayer Consumer Health,Norges Banka
Bayer Consumer Health,Noria Therapeutics Inc
Bayer Consumer Health,Olympic Plastics Company
Bayer Consumer Health,Othera
Bayer Consumer Health,Othersa
Bayer Consumer Health,PSMA Therapeutics Inc
Bayer Consumer Health,Pacific Plastics Company
Bayer Consumer Health,Pharmaceuticalsa
Bayer Consumer Health,Plastron Specialties
Bayer Consumer Health,Plumpe G
Bayer Consumer Health,Poloni Semences
Bayer Consumer Health,Precision Planting Inc
Bayer Consumer Health,Rees L
Bayer Consumer Health,Rennie
Bayer Consumer Health,Roche Pharmaceuticals
Bayer Consumer Health,Rosetta Green Ltd
Bayer Consumer Health,Schering AG
Bayer Consumer Health,Schrör K
Bayer Consumer Health,Seminis
Bayer Consumer Health,Sieben Hybrids
Bayer Consumer Health,Silchester International Investorsa
Bayer Consumer Health,Sneader W
Bayer Consumer Health,Specialty Hybrids
Bayer Consumer Health,Sterling Winthrop
Bayer Consumer Health,Stewart Seeds
Bayer Consumer Health,Stokes R
Bayer Consumer Health,Stone Seeds
Bayer Consumer Health,Strzelecka I
Bayer Consumer Health,Sánchez
Bayer Consumer Health,Tammen H
Bayer Consumer Health,Temasek Holdingsa
Bayer Consumer Health,"Tenfelde, Klaus"
Bayer Consumer Health,The United Nations War Crimes Commission
Bayer Consumer Health,Trasylol
Bayer Consumer Health,Trelay Seeds
Bayer Consumer Health,Trisler Seed Farms
Bayer Consumer Health,Tully J
Bayer Consumer Health,Union InvestmentInstitutional GmbHa
Bayer Consumer Health,Union InvestmentPrivatfonds GmbHa
Bayer Consumer Health,Universal-Investment-GesellschaftmbHa
Bayer Consumer Health,"Vardanyan R, Hruby V"
Bayer Consumer Health,Vividion Therapeutics
Bayer Consumer Health,Xarelto
Bayer Consumer Health,Yasmin / Yaz birth control pills
Unicharm Corp.,NO_DATA
McCormick & Co.,100 Pipers
McCormick & Co.,1792 Ridgemont Reserve
McCormick & Co.,45 South
McCormick & Co.,A'bunadh
McCormick & Co.,Aberfeldy
McCormick & Co.,Aberlour
McCormick & Co.,Abhainn
McCormick & Co.,Ad Gerfrin
McCormick & Co.,Adelphi
McCormick & Co.,Adnams
McCormick & Co.,After Dark
McCormick & Co.,Ailsa Bay
McCormick & Co.,Akashi
McCormick & Co.,Alberta Premium
McCormick & Co.,Allt
McCormick & Co.,Alltech
McCormick & Co.,Amrut
McCormick & Co.,AnCnoc
McCormick & Co.,Anchor Distillery
McCormick & Co.,Ancient Age
McCormick & Co.,Annandale
McCormick & Co.,Antiquity
McCormick & Co.,Archie Rose Distilling Co
McCormick & Co.,Ardbeg
McCormick & Co.,Ardmore
McCormick & Co.,Ardnamurchan
McCormick & Co.,Arran
McCormick & Co.,Auchentoshan
McCormick & Co.,Auchroisk
McCormick & Co.,Aultmore
McCormick & Co.,Bagpiper
McCormick & Co.,Bailie Nicol Jarvie
McCormick & Co.,Baker's
McCormick & Co.,Balblair
McCormick & Co.,Ballantine's
McCormick & Co.,Ballyhoo
McCormick & Co.,Balmenach
McCormick & Co.,Balvenie
McCormick & Co.,"Bardstown, Kentucky"
McCormick & Co.,Barra
McCormick & Co.,Barton 1792 Distillery
McCormick & Co.,Barton Premium Blend
McCormick & Co.,Basil Hayden's
McCormick & Co.,Beam's Eight Star
McCormick & Co.,Bell's
McCormick & Co.,Ben Nevis
McCormick & Co.,BenRiach
McCormick & Co.,Benjamin Prichard's Tennessee Whiskey
McCormick & Co.,Benrinnes
McCormick & Co.,Benromach
McCormick & Co.,Bernheim Original
McCormick & Co.,Black & White
McCormick & Co.,Black Bottle
McCormick & Co.,Black Dog
McCormick & Co.,Black Velvet
McCormick & Co.,Blackadder
McCormick & Co.,Bladnoch
McCormick & Co.,Blair Athol
McCormick & Co.,Blanton's
McCormick & Co.,Blenders Pride
McCormick & Co.,Booker's
McCormick & Co.,Bowmore
McCormick & Co.,Braeval
McCormick & Co.,Brora
McCormick & Co.,Brown
McCormick & Co.,Brown-FormanCanadian Mist
McCormick & Co.,Bruichladdich
McCormick & Co.,Buchanan's
McCormick & Co.,Buffalo Trace
McCormick & Co.,Buffalo Trace Distillery
McCormick & Co.,Bulleit Bourbon
McCormick & Co.,Bulleit Distillery
McCormick & Co.,Bulleit Rye
McCormick & Co.,Bunnahabhain
McCormick & Co.,Bushmills
McCormick & Co.,Bushmills Single Malt
McCormick & Co.,Cabin Still
McCormick & Co.,Calvert Extra
McCormick & Co.,Cameronbridge
McCormick & Co.,Campari
McCormick & Co.,Campari Group
McCormick & Co.,Campbeltown
McCormick & Co.,Canadian Club
McCormick & Co.,Canadian Mist
McCormick & Co.,Caol Ila
McCormick & Co.,Caperdonich
McCormick & Co.,Cardhu
McCormick & Co.,Chattanooga Whiskey
McCormick & Co.,Chivas Regal
McCormick & Co.,Clan Campbell
McCormick & Co.,Clan MacGregor
McCormick & Co.,Clontarf 1014
McCormick & Co.,Clynelish
McCormick & Co.,Comber
McCormick & Co.,Compass Box
McCormick & Co.,Copper Fox Distillery
McCormick & Co.,Copper Fox Rye
McCormick & Co.,Cotswolds
McCormick & Co.,Cougar Bourbon
McCormick & Co.,Cragganmore
McCormick & Co.,Craigellachie
McCormick & Co.,Crown Royal
McCormick & Co.,Cutty Sark
McCormick & Co.,Daftmill
McCormick & Co.,Dailuaine
McCormick & Co.,Dallas Dhu
McCormick & Co.,Dalmore
McCormick & Co.,Dalwhinnie
McCormick & Co.,Deanston
McCormick & Co.,Dewar's
McCormick & Co.,Diageo
McCormick & Co.,Dickel Rye
McCormick & Co.,Dingle Single Malt
McCormick & Co.,Dingle Single Pot Still
McCormick & Co.,Director's Special
McCormick & Co.,Douglas Laing
McCormick & Co.,Drumshanbo
McCormick & Co.,Dufftown
McCormick & Co.,Duncan Taylor
McCormick & Co.,Dunville's Three Crowns
McCormick & Co.,Dunville's VR
McCormick & Co.,Eagle Rare
McCormick & Co.,Early Times
McCormick & Co.,Edradour
McCormick & Co.,Egan's Vintage Grain
McCormick & Co.,Elijah Craig
McCormick & Co.,Evan Williams
McCormick & Co.,Ezra Brooks
McCormick & Co.,Fercullen Falls
McCormick & Co.,Fettercairn
McCormick & Co.,Fighting Cock
McCormick & Co.,Fireball Cinnamon Whisky
McCormick & Co.,Forty Creek
McCormick & Co.,Four Roses
McCormick & Co.,Four Roses Distillery
McCormick & Co.,Frysk Hynder
McCormick & Co.,Fuji Gotemba
McCormick & Co.,George Dickel
McCormick & Co.,George Remus Bourbon
McCormick & Co.,George T. Stagg
McCormick & Co.,George Washington's Rye Whiskey
McCormick & Co.,Gibson's Finest
McCormick & Co.,Girvan
McCormick & Co.,Glann ar Mor
McCormick & Co.,Glen Albyn
McCormick & Co.,Glen Breton Rare
McCormick & Co.,Glen Deveron
McCormick & Co.,Glen Elgin
McCormick & Co.,Glen Garioch
McCormick & Co.,Glen Grant
McCormick & Co.,Glen Keith
McCormick & Co.,Glen Moray
McCormick & Co.,Glen Ord
McCormick & Co.,Glen Scotia
McCormick & Co.,Glen Spey
McCormick & Co.,Glen Turner
McCormick & Co.,GlenWyvis
McCormick & Co.,Glenallachie
McCormick & Co.,Glenburgie
McCormick & Co.,Glencadam
McCormick & Co.,Glendalough Double Barrel
McCormick & Co.,Glendronach
McCormick & Co.,Glendullan
McCormick & Co.,Glenfarclas
McCormick & Co.,Glenfiddich
McCormick & Co.,Glenflagler
McCormick & Co.,Glenglassaugh
McCormick & Co.,Glengoyne
McCormick & Co.,Glenkinchie
McCormick & Co.,Glenmorangie
McCormick & Co.,Glenora Distillers
McCormick & Co.,Glentauchers
McCormick & Co.,Glenturret
McCormick & Co.,Glenugie
McCormick & Co.,Glenury Royal
McCormick & Co.,Godawan
McCormick & Co.,Gordon & MacPhail
McCormick & Co.,Grace O'Malley
McCormick & Co.,Grand Old Parr
McCormick & Co.,Grant's
McCormick & Co.,Green Spot
McCormick & Co.,Gruppo Campari)Forty Creek
McCormick & Co.,Haig
McCormick & Co.,Hakushu
McCormick & Co.,Hamilton Distillers
McCormick & Co.,Hancock's President's Reserve
McCormick & Co.,Hankey Bannister
McCormick & Co.,Harris
McCormick & Co.,Hazelburn
McCormick & Co.,Heaven Hill
McCormick & Co.,Heaven Hill Distilleries
McCormick & Co.,Heaven Hill Kentucky Whiskey
McCormick & Co.,Hellyers Road Distillery
McCormick & Co.,Hibiki
McCormick & Co.,High West Rye
McCormick & Co.,Highland Park
McCormick & Co.,Hoochery Distillery
McCormick & Co.,House of Hazelwood
McCormick & Co.,Imperial
McCormick & Co.,Imperial Blue
McCormick & Co.,Inchgower
McCormick & Co.,Indri
McCormick & Co.,Invergordon
McCormick & Co.,J&B
McCormick & Co.,J.T.S. Brown
McCormick & Co.,Jack Daniel's
McCormick & Co.,Jameson
McCormick & Co.,Jefferson's Bourbon
McCormick & Co.,Jim Beam
McCormick & Co.,"Jim Beam Distillery,Clermont:Basil Hayden's"
McCormick & Co.,Jim Beam Rye
McCormick & Co.,Johnnie Walker
McCormick & Co.,Johnny Drum
McCormick & Co.,Jura
McCormick & Co.,Kavalan
McCormick & Co.,Kentucky Gentleman
McCormick & Co.,Kentucky Owl
McCormick & Co.,Kentucky Tavern
McCormick & Co.,Kentucky Vintage
McCormick & Co.,Kessler
McCormick & Co.,Kilbeggan
McCormick & Co.,Kilbeggan Single Grain
McCormick & Co.,Kilchoman
McCormick & Co.,Kinclaith
McCormick & Co.,Kings County Bourbon
McCormick & Co.,Kings County Distillery
McCormick & Co.,Kininvie
McCormick & Co.,Kirin
McCormick & Co.,Knappogue Castle
McCormick & Co.,Knob Creek
McCormick & Co.,Knob Creek Rye
McCormick & Co.,Knockando
McCormick & Co.,Knockdhu
McCormick & Co.,Kyrö
McCormick & Co.,Label 5
McCormick & Co.,Lagavulin
McCormick & Co.,Lakes
McCormick & Co.,Laphroaig
McCormick & Co.,Lark Distillery
McCormick & Co.,"Last Mountain Distillery, Lumsden, Saskatchewan"
McCormick & Co.,Leopold Bro's Maryland
McCormick & Co.,Lexington Brewing
McCormick & Co.,Linkwood
McCormick & Co.,Littlemill
McCormick & Co.,Loch Lomond
McCormick & Co.,Logan
McCormick & Co.,Longitude 77
McCormick & Co.,Longmorn
McCormick & Co.,Longrow
McCormick & Co.,Lost Irish
McCormick & Co.,MGP Ingredients
McCormick & Co.,Mackmyra
McCormick & Co.,"Madison, North Carolina"
McCormick & Co.,Maker's Mark
McCormick & Co.,Maker's Mark Distillery
McCormick & Co.,Mannochmore
McCormick & Co.,Manx Spirit
McCormick & Co.,McAfee's Benchmark
McCormick & Co.,McCarthy's
McCormick & Co.,McClelland
McCormick & Co.,McCormick Distilling Company
McCormick & Co.,McDowell's No.1
McCormick & Co.,Midleton Barry Crockett Legacy Single Pot Still
McCormick & Co.,Midleton Very Rare
McCormick & Co.,Millburn
McCormick & Co.,Miltonduff
McCormick & Co.,Minden Mill American Single Malt
McCormick & Co.,Minden Mill Bourbon
McCormick & Co.,Minden Mill Rye
McCormick & Co.,Miyagikyo
McCormick & Co.,Monkey Shoulder
McCormick & Co.,Mortlach
McCormick & Co.,Murray McDavid
McCormick & Co.,Nc'nean
McCormick & Co.,Noah's Mill
McCormick & Co.,North British
McCormick & Co.,North Port
McCormick & Co.,Northern Light
McCormick & Co.,Oban
McCormick & Co.,Officer's Choice
McCormick & Co.,Old Buck
McCormick & Co.,Old Charter
McCormick & Co.,Old Crow
McCormick & Co.,Old Ezra
McCormick & Co.,Old Fitzgerald
McCormick & Co.,Old Forester
McCormick & Co.,Old Grand
McCormick & Co.,Old Heaven Hill
McCormick & Co.,Old Overholt
McCormick & Co.,Old Pogue
McCormick & Co.,Old Pulteney
McCormick & Co.,Old Rip Van Winkle
McCormick & Co.,Old St Andrews
McCormick & Co.,Old Taylor
McCormick & Co.,Old Thompson
McCormick & Co.,Ole Smoky
McCormick & Co.,Omar
McCormick & Co.,Other brands:Kentucky Owl
McCormick & Co.,Oxford Rye
McCormick & Co.,Paddy
McCormick & Co.,Pappy Van Winkle
McCormick & Co.,Passport Scotch
McCormick & Co.,Pattisons
McCormick & Co.,Paul John
McCormick & Co.,Peach Street Distillers
McCormick & Co.,Pemberton Distillery
McCormick & Co.,Penderyn
McCormick & Co.,Pendleton Whisky
McCormick & Co.,Pernod Ricard
McCormick & Co.,Peter Scot
McCormick & Co.,Peter Thomson
McCormick & Co.,Pittyvaich
McCormick & Co.,"Port Arthur, Texas"
McCormick & Co.,Port Askaig
McCormick & Co.,Port Charlotte
McCormick & Co.,Port Ellen
McCormick & Co.,"Portland, Oregon"
McCormick & Co.,Powers
McCormick & Co.,Raasay
McCormick & Co.,Rampur
McCormick & Co.,Rebel Yell
McCormick & Co.,Red Knight
McCormick & Co.,Red Stag
McCormick & Co.,Redbreast
McCormick & Co.,Rock Hill Farms Single
McCormick & Co.,Roe & Co
McCormick & Co.,Rosebank
McCormick & Co.,Roundstone Rye
McCormick & Co.,Rowan's Creek
McCormick & Co.,Rowson's Reserve
McCormick & Co.,Royal Brackla
McCormick & Co.,Royal Challenge
McCormick & Co.,Royal Lochnagar
McCormick & Co.,Royal Salute
McCormick & Co.,Royal Stag
McCormick & Co.,Russell's Reserve
McCormick & Co.,SIA Scotch Whisky
McCormick & Co.,Sacred Spirits
McCormick & Co.,Samuel Dow
McCormick & Co.,Sazerac
McCormick & Co.,Sazerac Company
McCormick & Co.,Sazeracbrands at other distilleriesAncient Age
McCormick & Co.,Scapa
McCormick & Co.,Schlitzer
McCormick & Co.,Scotch Malt Whisky Society
McCormick & Co.,Seagram's Seven Crown
McCormick & Co.,Signature
McCormick & Co.,Sir Edward's
McCormick & Co.,Slane
McCormick & Co.,Slyrs
McCormick & Co.,Smögen
McCormick & Co.,Something Special
McCormick & Co.,Spearhead Single Grain
McCormick & Co.,Speyburn
McCormick & Co.,Springbank
McCormick & Co.,St Magdalene
McCormick & Co.,St. George Single Malt
McCormick & Co.,Stacks Signature Blend Dram in a Can
McCormick & Co.,Starlaw
McCormick & Co.,Stranahan's
McCormick & Co.,Strathclyde
McCormick & Co.,Strathearn
McCormick & Co.,Strathisla
McCormick & Co.,Strathmill
McCormick & Co.,Suntory Global Spirits
McCormick & Co.,Talisker
McCormick & Co.,Tamdhu
McCormick & Co.,Tamnavulin
McCormick & Co.,Tasmania
McCormick & Co.,Teacher's Highland Cream
McCormick & Co.,Teaninich
McCormick & Co.,Teeling Single Grain
McCormick & Co.,Teeling Single Malt
McCormick & Co.,Teeling Single Pot Still
McCormick & Co.,Teeling Small Batch
McCormick & Co.,Teerenpeli
McCormick & Co.,Templeton Rye
McCormick & Co.,Ten High
McCormick & Co.,The Chuan
McCormick & Co.,The English Whisky Co
McCormick & Co.,The Famous Grouse
McCormick & Co.,The Glenlivet
McCormick & Co.,The Glenrothes
McCormick & Co.,The Legendary Silkie
McCormick & Co.,The Macallan
McCormick & Co.,The Milk
McCormick & Co.,The Singleton
McCormick & Co.,The Whistler
McCormick & Co.,Three Ships
McCormick & Co.,Timah
McCormick & Co.,Timboon Railway Shed Distillery
McCormick & Co.,Tobermory
McCormick & Co.,Tomatin
McCormick & Co.,Tomintoul
McCormick & Co.,Torabhaig
McCormick & Co.,Tormore
McCormick & Co.,Town Branch
McCormick & Co.,Town Branch Rye
McCormick & Co.,Tullamore D.E.W
McCormick & Co.,Tullamore Single
McCormick & Co.,Tullibardine
McCormick & Co.,Two Stacks Single Grain Double Barrel
McCormick & Co.,Two Stacks Single Malt Double Barrel
McCormick & Co.,Two Stacks Single Pot Still Double Barrel
McCormick & Co.,Tyrconnell
McCormick & Co.,Té Bheag
McCormick & Co.,Uncle Nearest Premium Whiskey
McCormick & Co.,Van Winkle Family Reserve Rye
McCormick & Co.,Vat 69
McCormick & Co.,Very Old Barton
McCormick & Co.,Victoria
McCormick & Co.,Vintage Bourbon
McCormick & Co.,Virginia Gentleman
McCormick & Co.,W. L. Weller
McCormick & Co.,West Cork
McCormick & Co.,West Cork Single Malt
McCormick & Co.,Westland Distillery
McCormick & Co.,Whisky DYC
McCormick & Co.,WhistlePig Rye
McCormick & Co.,White Horse
McCormick & Co.,Whyte & Mackay
McCormick & Co.,Wigle Reserve Pennsylvania Straight Rye
McCormick & Co.,Wild Turkey
McCormick & Co.,Wild Turkey Distillery
McCormick & Co.,Willett Distillery
McCormick & Co.,Willett Distillerybrands:Willett Distillery
McCormick & Co.,Willett Pot Still Reserve
McCormick & Co.,William Grant
McCormick & Co.,William Lawson's
McCormick & Co.,William Peel
McCormick & Co.,Wiser's
McCormick & Co.,Wolfburn
McCormick & Co.,Woodford Reserve
McCormick & Co.,Woodford Reserve Distillery
McCormick & Co.,Yamazaki
McCormick & Co.,Yellowstone
McCormick & Co.,Yoichi
Tapestry Inc.,NO_DATA
Ralph Lauren Corp.,Chaps:
Ralph Lauren Corp.,Double RL:
Ralph Lauren Corp.,Fragrance:
Ralph Lauren Corp.,Lauren Ralph Lauren:
Ralph Lauren Corp.,Patrice Louvet
Ralph Lauren Corp.,Pink Pony:
Ralph Lauren Corp.,Polo Country:
Ralph Lauren Corp.,Polo Golf
Ralph Lauren Corp.,Polo Ralph Lauren Children:
Ralph Lauren Corp.,Polo Ralph Lauren:
Ralph Lauren Corp.,Polo Sport:
Ralph Lauren Corp.,Polo University Club:
Ralph Lauren Corp.,Polo Western Wear:
Ralph Lauren Corp.,Ralph Lauren
Ralph Lauren Corp.,Ralph Lauren Black Label:
Ralph Lauren Corp.,Ralph Lauren Home and Paint:
Ralph Lauren Corp.,Ralph Lauren Purple Label:
Ralph Lauren Corp.,Ralph Lauren Restaurants:
Ralph Lauren Corp.,Ralph Lauren Watches and Fine Jewelry:
Ralph Lauren Corp.,Ralph Lauren Women's Collection:
Ralph Lauren Corp.,Ralph by Ralph Lauren:
Ralph Lauren Corp.,Stefan Larsson
Levi Strauss,"Cray, Ed"
Levi Strauss,Detail of the back of a pair of Levi jeans
Levi Strauss,"Ford, Carin T"
Levi Strauss,Tag from a pair of Levi 501 button
Levi Strauss,"Van Steenwyk, Elizabeth"
Levi Strauss,"White, Michele"
Under Armour,2005a
Under Armour,2006a
Under Armour,2007a
Under Armour,2008a
Under Armour,2009a
Under Armour,2010a
Under Armour,2011a
Under Armour,2012a
Under Armour,2013a
Under Armour,2014a
Under Armour,2015a
Under Armour,2016a
Under Armour,2017a
Under Armour,2018a
Under Armour,2019a
Under Armour,Abilene Christian Wildcats
Under Armour,Albany Great Danes
Under Armour,Alec Bohm
Under Armour,Anthony Joshua
Under Armour,Austin Peay Governors
Under Armour,Bloomsburg Huskies
Under Armour,Bobby Witt Jr
Under Armour,Boston University Terriers
Under Armour,Bryce Harper
Under Armour,Bullet Club
Under Armour,Cal State Bakersfield Roadrunners
Under Armour,Cal State Northridge Matadors
Under Armour,Cam Ward
Under Armour,Campbell Fighting Camels
Under Armour,Canadian Hockey League
Under Armour,Canberra Raiders
Under Armour,Carey Price
Under Armour,Cayla George
Under Armour,Central Intercollegiate Athletic Association
Under Armour,Charleston Cougars
Under Armour,Christo Lamprecht
Under Armour,Coastal Carolina Chanticleers
Under Armour,Colgate Raiders
Under Armour,Colorado State Rams
Under Armour,Davidson Wildcats
Under Armour,Davion Mitchell
Under Armour,De'Aaron Fox
Under Armour,Denver Pioneers
Under Armour,Diamond Miller
Under Armour,Drew Doughty
Under Armour,Drew McIntyre
Under Armour,"Dwayne ""The Rock"" Johnson"
Under Armour,Eastern Mennonite Royals
Under Armour,Elon Phoenix
Under Armour,Emily Pedersen
Under Armour,Fairleigh Dickinson Knights
Under Armour,Ferris State Bulldogs
Under Armour,Flagler College Saints
Under Armour,Florida Southern College Moccasins
Under Armour,Freddie Freeman
Under Armour,Gardner
Under Armour,Georgia State Panthers
Under Armour,Georgia Tech Yellowjackets
Under Armour,Gunnar Henderson
Under Armour,Haley Cavinder
Under Armour,Hampton Pirates
Under Armour,Hanna Cavinder
Under Armour,Horizon League
Under Armour,Houston Christian Huskies
Under Armour,Illinois Wesleyan University
Under Armour,Indiana State Sycamores
Under Armour,Jackson State Tigers
Under Armour,Jordan Spieth
Under Armour,Juan Soto
Under Armour,Justin Jefferson
Under Armour,Kaila Charles
Under Armour,Keiser University Seahawks
Under Armour,Kelsey Plum
Under Armour,Kent State Golden Flashes
Under Armour,Kieron van Wyk
Under Armour,Kris Kim
Under Armour,Laeticia Amihere
Under Armour,Lamar Cardinals
Under Armour,Lehigh Mountain Hawks
Under Armour,Lindsey Vonn
Under Armour,Lipscomb Bisons
Under Armour,Long Island Sharks
Under Armour,Luther Burden III
Under Armour,Marcel Hirscher
Under Armour,Marina Mabrey
Under Armour,Maryland Terrapins
Under Armour,Matthew Golden
Under Armour,Maverick McNealy
Under Armour,McNeese State Cowboys
Under Armour,Mercer Bears
Under Armour,MiLaysia Fulwiley
Under Armour,Monmouth Hawks
Under Armour,Montana State Bobcats
Under Armour,Morehead State Eagles
Under Armour,Morgan State Bears
Under Armour,Mount Holyoke College
Under Armour,National Football League
Under Armour,Navy Midshipmen
Under Armour,New Mexico State Aggies
Under Armour,Nick Emmanwori
Under Armour,Nigerian Women's Bobsled Team
Under Armour,Nika Mühl
Under Armour,North Dakota State Bison
Under Armour,North Florida Ospreys
Under Armour,North Park University
Under Armour,Northern Colorado Bears
Under Armour,Northwestern State Demons
Under Armour,Northwestern Wildcats
Under Armour,Notre Dame Fighting Irish
Under Armour,Old Dominion Monarchs
Under Armour,Phil Kessel
Under Armour,Rasmus Neergaard
Under Armour,Raven Johnson
Under Armour,Robert Morris Colonials
Under Armour,Saint Francis Red Flash
Under Armour,Saint Mary's Gaels
Under Armour,Sam Houston Bearkats
Under Armour,San Jose State Spartans
Under Armour,Sarah Lawrence College
Under Armour,Seth Curry
Under Armour,Seton Hall Pirates
Under Armour,South Carolina Gamecocks
Under Armour,South Dakota State Jackrabbits
Under Armour,Southeast Missouri State Redhawks
Under Armour,Southeastern Louisiana Lions
Under Armour,Southern Illinois Salukis
Under Armour,Southern Jaguars
Under Armour,Stephen Curry
Under Armour,Stephen F. Austin Lumberjacks
Under Armour,Texas Southern Tigers
Under Armour,The Citadel Bulldogs
Under Armour,Towson Tigers
Under Armour,Tyler Booker
Under Armour,U.S. Bobsled
Under Armour,U.S. Speedskating Team
Under Armour,UAB Blazers
Under Armour,UC San Diego Tritons
Under Armour,UFC
Under Armour,UNC Wilmington Seahawks
Under Armour,USA Football
Under Armour,UT Arlington Mavericks
Under Armour,UT Martin Skyhawks
Under Armour,UT Rio Grande Valley Vaqueros
Under Armour,United Football League
Under Armour,University of Redlands
Under Armour,Unrivaled
Under Armour,Utah Utes
Under Armour,VMI Keydets
Under Armour,Wagner Seahawks
Under Armour,Whittier College
Under Armour,Wilkes University
Under Armour,William & Mary Tribe
Under Armour,Wisconsin Badgers
Under Armour,Yale Bulldogs
Church & Dwight Co. Inc.,Aim
Church & Dwight Co. Inc.,Arm & Hammer
Church & Dwight Co. Inc.,Arrid
Church & Dwight Co. Inc.,CNNMoney.com
Church & Dwight Co. Inc.,Close
Church & Dwight Co. Inc.,"Karas, David,""Church"
Church & Dwight Co. Inc.,Mentadent
Church & Dwight Co. Inc.,Nair
Church & Dwight Co. Inc.,OxiClean
Church & Dwight Co. Inc.,Pepsodent
Church & Dwight Co. Inc.,RUB A535
Church & Dwight Co. Inc.,TheraBreath
Church & Dwight Co. Inc.,Trojan
Church & Dwight Co. Inc.,Water Pik
Church & Dwight Co. Inc.,Zicam
Hanesbrands Inc.,"Augstums, Ieva"
Coty Inc.,Adidas
Coty Inc.,Beyoncé
Coty Inc.,Bourjois
Coty Inc.,Bruno Banani
Coty Inc.,Burberry
Coty Inc.,Calvin Klein
Coty Inc.,Chloé
Coty Inc.,David Beckham
Coty Inc.,Davidoff
Coty Inc.,Dolce & Gabbana
Coty Inc.,Escada
Coty Inc.,Gabriela Sabatini
Coty Inc.,Gucci
Coty Inc.,Hugo Boss
Coty Inc.,JOOP!
Coty Inc.,James Bond
Coty Inc.,Jil Sander
Coty Inc.,Jōvan Musk
Coty Inc.,KKW Beauty
Coty Inc.,Katy Perry
Coty Inc.,Kylie Cosmetics
Coty Inc.,Lacoste
Coty Inc.,Lancaster
Coty Inc.,Marc Jacobs
Coty Inc.,Marni
Coty Inc.,Max Factor
Coty Inc.,Mexx
Coty Inc.,Miu Miu
Coty Inc.,Monange
Coty Inc.,Nautica
Coty Inc.,Orveda
Coty Inc.,Rimmel
Coty Inc.,Roberto Cavalli
Coty Inc.,Sally Hansen
Coty Inc.,Skkn By Kim
Coty Inc.,Tiffany & Co
Coty Inc.,Vera Wang
Coty Inc.,Wella
Coty Inc.,philosophy
Mattel Inc.,Alien
Mattel Inc.,American Girl
Mattel Inc.,Assassin's Creed
Mattel Inc.,Barbie
Mattel Inc.,Blaze and the Monster Machines
Mattel Inc.,Bob the Builder
Mattel Inc.,Borderlands
Mattel Inc.,BricksMega Bloks
Mattel Inc.,Call of Duty
Mattel Inc.,Cars
Mattel Inc.,Chuggington
Mattel Inc.,Despicable Me
Mattel Inc.,Destiny
Mattel Inc.,Dinosaur Train
Mattel Inc.,Dinotrux
Mattel Inc.,Disney Princess
Mattel Inc.,Dora the Explorer
Mattel Inc.,Dragons
Mattel Inc.,Dragons Universe
Mattel Inc.,Family Guy
Mattel Inc.,Frozen
Mattel Inc.,Futurama
Mattel Inc.,Game of Thrones
Mattel Inc.,Generator Rex
Mattel Inc.,"Go, Diego, Go!"
Mattel Inc.,God of War
Mattel Inc.,Halo
Mattel Inc.,Hellboy
Mattel Inc.,Hot Wheels
Mattel Inc.,In the Night Garden
Mattel Inc.,Legends: King Arthur
Mattel Inc.,Lego compatible bricks
Mattel Inc.,Marvel
Mattel Inc.,Marvel Cinematic Universe
Mattel Inc.,Masters of the Universe
Mattel Inc.,Mega Blocks
Mattel Inc.,Mega Bloks
Mattel Inc.,Mickey Mouse Clubhouse
Mattel Inc.,Monster High
Mattel Inc.,Moshi Monsters
Mattel Inc.,Need for Speed
Mattel Inc.,"Ni Hao, Kai"
Mattel Inc.,PJ Masks
Mattel Inc.,Paw Patrol
Mattel Inc.,Pirates of the Caribbean
Mattel Inc.,Pokémon
Mattel Inc.,Power Rangers
Mattel Inc.,Predator
Mattel Inc.,Sesame Street
Mattel Inc.,Shimmer and Shine
Mattel Inc.,Skylanders
Mattel Inc.,Spider
Mattel Inc.,SpongeBob SquarePants
Mattel Inc.,Star Trek
Mattel Inc.,Teenage Mutant Ninja Turtles
Mattel Inc.,Teletubbies
Mattel Inc.,Terminator
Mattel Inc.,The Amazing Spider
Mattel Inc.,The Backyardigans
Mattel Inc.,The Lion King
Mattel Inc.,The Smurfs
Mattel Inc.,Thomas and Friends
Mattel Inc.,Toy Story
Mattel Inc.,Winnie the Pooh
Mattel Inc.,Wonder Pets!
Mattel Inc.,WordWorld
Mattel Inc.,World of Warcraft
Mattel Inc.,Yo Gabba Gabba!
