CompanyName,BrandName
Nestlé,Abuelita
Nestlé,Acqua Panna
Nestlé,Aero
Nestlé,Aero Mint
Nestlé,After Eight
Nestlé,Aguila
Nestlé,Aino
Nestlé,Al Manhal
Nestlé,Alaçam
Nestlé,Alfamino
Nestlé,Alfare
Nestlé,Allen's
Nestlé,Alpia
Nestlé,Alpino
Nestlé,Alpo
Nestlé,Althera
Nestlé,Amor Wafer
Nestlé,Animal Bar
Nestlé,Antica Gelateria Del Corso
Nestlé,Aqua Mineral
Nestlé,Aqua Pod
Nestlé,Aqua Spring
Nestlé,Aquarel
Nestlé,Arctic
Nestlé,Arrowhead
Nestlé,Ascenda
Nestlé,Ascenda Kid
Nestlé,Atrium Innovations
Nestlé,Bakers
Nestlé,Balaton
Nestlé,Baraka
Nestlé,Beba
Nestlé,Beggin' Strips
Nestlé,Bella
Nestlé,Beneful
Nestlé,Bertie Beetle
Nestlé,Besos de Moza
Nestlé,Beyond
Nestlé,Big Turk
Nestlé,Black Magic
Nestlé,Blue Bottle Coffee
Nestlé,Blue Riband
Nestlé,Boci
Nestlé,Bon Pari
Nestlé,Bona
Nestlé,Bonaina
Nestlé,Bonakid
Nestlé,Bonakid Pre-School 3+
Nestlé,Bonka
Nestlé,Bonna
Nestlé,Bono
Nestlé,Boost Glucose Control
Nestlé,Boost Plus
Nestlé,Buitoni
Nestlé,Buitoni Pasta
Nestlé,Buondi
Nestlé,Busy
Nestlé,Buxton
Nestlé,Cailler
Nestlé,California Pizza Kitchen
Nestlé,Camy
Nestlé,Capri
Nestlé,Caramac
Nestlé,Carlos V
Nestlé,Carnation
Nestlé,Carnation Evaporated Milk
Nestlé,Carnation Instant Breakfast
Nestlé,Caro
Nestlé,Cat Chow
Nestlé,Catchow
Nestlé,Cerelac
Nestlé,Chambinho
Nestlé,Chameleon Cold-Brew
Nestlé,Chamyto
Nestlé,Chandelle
Nestlé,Charge
Nestlé,Charmoise
Nestlé,Chef
Nestlé,Chiquitín
Nestlé,Chocapic
Nestlé,Choclait Chips
Nestlé,Choco Crossies
Nestlé,Chokita
Nestlé,Chokito
Nestlé,Christina
Nestlé,Chuckie
Nestlé,Ciego Montero
Nestlé,Cini Minis
Nestlé,Club
Nestlé,Clusters
Nestlé,Coffee Crisp
Nestlé,Coffee-Mate
Nestlé,Compleat
Nestlé,Compleat Pediatric
Nestlé,Contrex
Nestlé,Cookie Crisp
Nestlé,Cristalp
Nestlé,Crucial
Nestlé,Crunch
Nestlé,Curiously Cinnamon
Nestlé,Curiously Strawberry
Nestlé,D'Onofrio
Nestlé,Da Shan YunNan Spring
Nestlé,Dairy Box
Nestlé,Damak
Nestlé,Dancow
Nestlé,Dar Natury
Nestlé,Davigel
Nestlé,Deer Park
Nestlé,Deli-Cat
Nestlé,Delissio
Nestlé,Delta
Nestlé,DentaLife
Nestlé,Dentalife
Nestlé,DiGiorno Rising Crust
Nestlé,DiGiorno Stuffed Crust
Nestlé,Diabetisource
Nestlé,Dog Chow Little Bites
Nestlé,Dogchow
Nestlé,Dolca
Nestlé,Dolce Gusto
Nestlé,Douglas Laboratories
Nestlé,Dreyer's
Nestlé,Drumstick
Nestlé,Ecco
Nestlé,Eco de los Andes
Nestlé,Edy's
Nestlé,El Chaná
Nestlé,Erikli
Nestlé,Eskimo
Nestlé,Essentia
Nestlé,Estrelitas
Nestlé,Extrême
Nestlé,FM 85
Nestlé,Fancy Feast Appetizers
Nestlé,Fancy Feast Broths
Nestlé,Fancy Feast Creamy Delights
Nestlé,Fancy Feast Duos
Nestlé,Fancy Feast Flaked
Nestlé,Fancy Feast Gravy Lovers
Nestlé,Fancy Feast Medleys
Nestlé,Farinha Láctea
Nestlé,Felix
Nestlé,Felix As Good As It Looks
Nestlé,Felix Party Mix
Nestlé,Fibersource
Nestlé,Fitness
Nestlé,Fizzfindle
Nestlé,Freshly
Nestlé,Frigor
Nestlé,Frische Brise
Nestlé,Friskies Lil' Grillers
Nestlé,Friskies Party Mix
Nestlé,Friskies Pull 'n Play
Nestlé,Friskies Shreds
Nestlé,Froneri
Nestlé,Galak
Nestlé,Garden Gourmet
Nestlé,Garden of Life
Nestlé,Garoto
Nestlé,Gauchitas
Nestlé,Genestra
Nestlé,Gerber Good Start
Nestlé,Gerber Graduates
Nestlé,Gerber Organic
Nestlé,Gerber Water
Nestlé,Ghadeer
Nestlé,Glaciar
Nestlé,Glytrol
Nestlé,Gold Flakes
Nestlé,Golden Grahams
Nestlé,Golden Morn
Nestlé,Golden Nuggets
Nestlé,Good Start
Nestlé,Gourmet
Nestlé,Guigoz
Nestlé,Heaven
Nestlé,Henniez
Nestlé,Hercules Bars
Nestlé,Herta
Nestlé,Hidden Spring
Nestlé,Hirz
Nestlé,Honey Stars
Nestlé,Hot Pockets
Nestlé,Hälsans Kök
Nestlé,Hépar
Nestlé,Ice Mountain
Nestlé,Impact
Nestlé,International Roast
Nestlé,Isosource
Nestlé,JOJO
Nestlé,Jack's Pizza
Nestlé,Kimo
Nestlé,Kimy
Nestlé,Kirma
Nestlé,Kit & Kaboodle
Nestlé,Kit Kat Chunky
Nestlé,Kit Kat Dark
Nestlé,KitKat
Nestlé,Koko Krunch
Nestlé,LC1
Nestlé,La Laitière
Nestlé,La Lechera
Nestlé,La Vie
Nestlé,Lactogen
Nestlé,Le Viennois
Nestlé,Lean Cuisine
Nestlé,Lean Pockets
Nestlé,Levissima
Nestlé,Lion
Nestlé,Lion Bar
Nestlé,Lion Cereal
Nestlé,Lollo
Nestlé,Los Portales
Nestlé,Loumidis
Nestlé,Mabel's
Nestlé,Maggi
Nestlé,Maggi 2-Minute Noodles
Nestlé,Maggi Cubes
Nestlé,Maggi Sauce
Nestlé,Malher
Nestlé,Mat Kool
Nestlé,Matchmakers
Nestlé,Maverick
Nestlé,Maxibon
Nestlé,McKay
Nestlé,Meritene
Nestlé,Mezeast
Nestlé,Mighty Dog
Nestlé,Milkmaid
Nestlé,Milkybar
Nestlé,Milo
Nestlé,Milo Cereals
Nestlé,Mindful Chef
Nestlé,Minor's
Nestlé,Mint Pattie
Nestlé,Minties
Nestlé,Minéré
Nestlé,Mio
Nestlé,Mirage
Nestlé,Mivvi
Nestlé,Modulen
Nestlé,Molico
Nestlé,Motta
Nestlé,Mountain Blend
Nestlé,Moça
Nestlé,Munch
Nestlé,Munch Bunch
Nestlé,Munchies
Nestlé,Muse
Nestlé,Mövenpick
Nestlé,NAN
Nestlé,NAN AL 110
Nestlé,NAN Infinipro HA
Nestlé,NAN Optipro
Nestlé,NAN Sensitive
Nestlé,NanKid
Nestlé,NanSoy
Nestlé,NaturNes
Nestlé,Nature's Bounty
Nestlé,Nałęczowianka
Nestlé,Negresco
Nestlé,Nescafé Clásico
Nestlé,Nescafé Dolce Gusto
Nestlé,Nescafé Gold
Nestlé,Nescafé Taster's Choice
Nestlé,Nescau
Nestlé,Neslac
Nestlé,Nespresso
Nestlé,Nespresso Vertuo
Nestlé,Nesquik
Nestlé,Nesquik Cereal
Nestlé,Nesquik Chocolate
Nestlé,Nesquik Strawberry
Nestlé,Nestea
Nestlé,Nestea Lemon
Nestlé,Nestea Peach
Nestlé,Nestlé Alpine White
Nestlé,Nestlé Bear Brand
Nestlé,Nestlé Caja Roja
Nestlé,Nestlé Classic
Nestlé,Nestlé Confectionery
Nestlé,Nestlé Corn Flakes
Nestlé,Nestlé Crunch
Nestlé,Nestlé Dessert
Nestlé,Nestlé Dibs
Nestlé,Nestlé Extrafino
Nestlé,Nestlé Health Science
Nestlé,Nestlé Ice Cream
Nestlé,Nestlé Milk Chocolate
Nestlé,Nestlé Munch
Nestlé,Nestlé Omega Plus
Nestlé,Nestlé Princessa
Nestlé,Nestlé Professional
Nestlé,Nestlé Selda
Nestlé,Nestlé Toll House
Nestlé,Nestlé Toll House Morsels
Nestlé,Nestlé Vera
Nestlé,Nestlé Waters
Nestlé,Nestlé Wonder Ball
Nestlé,Nestlé Yes
Nestlé,Nestlé with Almonds
Nestlé,Nestogen
Nestlé,Nestum
Nestlé,Nesvita
Nestlé,Neuselters
Nestlé,Nido
Nestlé,Ninho
Nestlé,Novasource Renal
Nestlé,Nutren
Nestlé,Nutren Junior
Nestlé,Nuts
Nestlé,Nuun
Nestlé,ONE
Nestlé,Optifast
Nestlé,Optifibre
Nestlé,Orgain
Nestlé,Orion
Nestlé,Osteo Bi-Flex
Nestlé,Outshine
Nestlé,Ovaltine
Nestlé,Ozarka
Nestlé,Papa Giuseppe
Nestlé,Partner's Blend
Nestlé,Passatempo
Nestlé,Pejo
Nestlé,Peppermint Crisp
Nestlé,Peptamen
Nestlé,Pero
Nestlé,Perrier
Nestlé,Persona Nutrition
Nestlé,Perugina Baci
Nestlé,Petrópolis
Nestlé,Piltti
Nestlé,Pingviini
Nestlé,Plaistowe
Nestlé,Poland Spring
Nestlé,Polo
Nestlé,Polo Mints
Nestlé,Porvenir
Nestlé,PreNan
Nestlé,Prestígio
Nestlé,Princes Gate
Nestlé,Princessa
Nestlé,Pro Plan Veterinary Diets
Nestlé,Promama
Nestlé,Promil Gold
Nestlé,Pure Encapsulations
Nestlé,Pure Life
Nestlé,Purely Fancy Feast
Nestlé,Purina ONE
Nestlé,Purina Pro Plan
Nestlé,Purina Veterinary Diets
Nestlé,Puritan's Pride
Nestlé,Push-Up
Nestlé,Quality Street
Nestlé,Real Dairy
Nestlé,Recoaro
Nestlé,Resorb
Nestlé,Resource
Nestlé,Ricoffy
Nestlé,Ricoré
Nestlé,Ristretto
Nestlé,Rolo
Nestlé,Romanette
Nestlé,Rowntree's
Nestlé,Rowntree's Fruit Gums
Nestlé,Rowntree's Fruit Pastilles
Nestlé,Rowntree's Jelly Tots
Nestlé,Rowntree's Randoms
Nestlé,Rowntree's Tooty Frooties
Nestlé,S-26
Nestlé,S-26 Gold
Nestlé,S-26 Promil
Nestlé,S-26 Promil Gold
Nestlé,S.Pellegrino
Nestlé,SMA
Nestlé,Sahne Nuss
Nestlé,Santa Bárbara
Nestlé,Santa Maria
Nestlé,Santa Rica
Nestlé,Savory
Nestlé,Savoy
Nestlé,Schöller
Nestlé,Scorched Almonds
Nestlé,Sensação
Nestlé,Shredded Wheat
Nestlé,Shreddies
Nestlé,Sical
Nestlé,Ski
Nestlé,Skinny Cow
Nestlé,Smarties
Nestlé,Sohat
Nestlé,Solgar
Nestlé,Sollys
Nestlé,Sorbetes
Nestlé,Special.T
Nestlé,Springs
Nestlé,Stouffer's Mac & Cheese
Nestlé,Sublime
Nestlé,Suflair
Nestlé,Sundy
Nestlé,Sunrise
Nestlé,Super 8
Nestlé,Supligen
Nestlé,Sustagen
Nestlé,Sveltesse
Nestlé,Svelty
Nestlé,Svitoch
Nestlé,Sweet Earth Foods
Nestlé,Sweet Leaf Tea
Nestlé,Szerencsi
Nestlé,São Lourenço
Nestlé,Tango
Nestlé,Tango Mini Galletas
Nestlé,Taster's Choice
Nestlé,Tendre Noix
Nestlé,Thomy
Nestlé,Tidy Cats Breeze
Nestlé,Tidy Cats Glade
Nestlé,Tidy Cats LightWeight
Nestlé,Tidy Cats Naturally Strong
Nestlé,Tip Top
Nestlé,Tofa
Nestlé,Toffee Crisp
Nestlé,Tola
Nestlé,Toll House
Nestlé,Tombstone Original
Nestlé,Trencito
Nestlé,Triangulo
Nestlé,Trio
Nestlé,Trophic
Nestlé,Turtles
Nestlé,Twin Pops
Nestlé,Uncle Tobys
Nestlé,Underground is
Nestlé,Valvert
Nestlé,Viladrau
Nestlé,Vital Proteins
Nestlé,Vital Proteins Collagen Peptides
Nestlé,Vittel
Nestlé,Wagner Pizza
Nestlé,Walnut Whip
Nestlé,Water Line
Nestlé,Waterman
Nestlé,Winiary
Nestlé,Wobenzym
Nestlé,Wyeth
Nestlé,XXX mints
Nestlé,Yesterday's News
Nestlé,Yoco
Nestlé,Yorkie
Nestlé,Zephyrhills
Nestlé,Zoégas
Nestlé,Zvečevo
Nestlé,zer0% Fat
Nestlé,Åhusglass
Nestlé,Κorpi
Procter & Gamble,Ace
Procter & Gamble,Align
Procter & Gamble,Align Probiotic
Procter & Gamble,Alldays
Procter & Gamble,Always Dailies
Procter & Gamble,Always Discreet
Procter & Gamble,Always Infinity
Procter & Gamble,Always Pure
Procter & Gamble,Always Radiant
Procter & Gamble,Always Ultra Thin
Procter & Gamble,Ambi Pur
Procter & Gamble,Ariel
Procter & Gamble,Ariel Liquid
Procter & Gamble,Ariel PODS
Procter & Gamble,Ariel Powder
Procter & Gamble,Ausonia
Procter & Gamble,Aussie 3 Minute Miracle
Procter & Gamble,Aussie Instant Freeze
Procter & Gamble,Biz
Procter & Gamble,Blend-a-dent
Procter & Gamble,Blend-a-med
Procter & Gamble,Bold
Procter & Gamble,Bold 2in1
Procter & Gamble,Bonux
Procter & Gamble,Bounce Pet Hair & Lint Guard
Procter & Gamble,Bounce Rapid Touch-Up
Procter & Gamble,Bounty Essentials
Procter & Gamble,Bounty Quick-Size
Procter & Gamble,Braun Series
Procter & Gamble,Cascade Complete
Procter & Gamble,Cascade Platinum
Procter & Gamble,Charmin Essentials
Procter & Gamble,Charmin Ultra Soft
Procter & Gamble,Charmin Ultra Strong
Procter & Gamble,Cheer
Procter & Gamble,Clairol Nice'n Easy
Procter & Gamble,Coast
Procter & Gamble,Comet
Procter & Gamble,Crest 3D White
Procter & Gamble,Crest Gum Detoxify
Procter & Gamble,Crest Pro-Health
Procter & Gamble,Crest Sensi-Relief
Procter & Gamble,Dash
Procter & Gamble,Dawn Platinum
Procter & Gamble,Dawn Powerwash
Procter & Gamble,Dawn Ultra
Procter & Gamble,DayQuil
Procter & Gamble,DayQuil Severe
Procter & Gamble,Don Limpio
Procter & Gamble,Downy Free & Gentle
Procter & Gamble,Downy Infusions
Procter & Gamble,Downy Light
Procter & Gamble,Downy Unstopables
Procter & Gamble,Downy WrinkleGuard
Procter & Gamble,Dref
Procter & Gamble,Dreft Platinum
Procter & Gamble,Dreft Stage 1
Procter & Gamble,Dreft Stage 2
Procter & Gamble,Duracell
Procter & Gamble,Duracell Optimum
Procter & Gamble,Duracell Plus
Procter & Gamble,Era
Procter & Gamble,Evax
Procter & Gamble,Fairy
Procter & Gamble,Fairy Non Bio
Procter & Gamble,Fairy Platinum
Procter & Gamble,Febreze Air
Procter & Gamble,Febreze Car
Procter & Gamble,Febreze Fabric
Procter & Gamble,Febreze Plug
Procter & Gamble,Febreze Small Spaces
Procter & Gamble,Febreze Wax Melts
Procter & Gamble,Fixodent Plus
Procter & Gamble,Flash
Procter & Gamble,Fusion
Procter & Gamble,Fusion5
Procter & Gamble,Gain Aroma Boost
Procter & Gamble,Gain Botanicals
Procter & Gamble,Gain Fireworks
Procter & Gamble,Gain Flings
Procter & Gamble,Gain Liquid
Procter & Gamble,Gillette Fusion
Procter & Gamble,Gillette Intimate
Procter & Gamble,Gillette Labs
Procter & Gamble,Gillette Mach3
Procter & Gamble,Gillette ProGlide
Procter & Gamble,Gillette SkinGuard
Procter & Gamble,Gillette Venus
Procter & Gamble,Glide Comfort Plus
Procter & Gamble,Head & Shoulders Clinical Solutions
Procter & Gamble,Head & Shoulders Supreme
Procter & Gamble,Herbal Essences bio:renew
Procter & Gamble,Ivory
Procter & Gamble,Ivory Original
Procter & Gamble,Ivory Snow
Procter & Gamble,Joy
Procter & Gamble,Kandoo
Procter & Gamble,Kukident
Procter & Gamble,Lenor
Procter & Gamble,Lines
Procter & Gamble,Luvs Ultra Leakguards
Procter & Gamble,Mach3
Procter & Gamble,Mach3 Turbo
Procter & Gamble,Maestro Clean
Procter & Gamble,Magistral
Procter & Gamble,Mastro Lindo
Procter & Gamble,Meister Proper
Procter & Gamble,Metamucil 4-in-1
Procter & Gamble,Mr. Clean Magic Eraser
Procter & Gamble,Mr. Clean with Febreze
Procter & Gamble,Mr. Muscle
Procter & Gamble,Mr. Proper
Procter & Gamble,Myth
Procter & Gamble,Native Deodorant
Procter & Gamble,Naturella
Procter & Gamble,Neurobion
Procter & Gamble,Nioxin
Procter & Gamble,NyQuil
Procter & Gamble,NyQuil Severe
Procter & Gamble,Ola!
Procter & Gamble,Olay Luminous
Procter & Gamble,Olay ProX
Procter & Gamble,Olay Regenerist
Procter & Gamble,Olay Retinol24
Procter & Gamble,Olay Total Effects
Procter & Gamble,Old Spice Bearglove
Procter & Gamble,Old Spice Fiji
Procter & Gamble,Old Spice High Endurance
Procter & Gamble,Old Spice Pure Sport
Procter & Gamble,Old Spice Swagger
Procter & Gamble,Oral-B Genius
Procter & Gamble,Oral-B Pro
Procter & Gamble,Oral-B Vitality
Procter & Gamble,Oral-B iO
Procter & Gamble,Pampers Aqua Pure
Procter & Gamble,Pampers Baby Dry
Procter & Gamble,Pampers Cruisers
Procter & Gamble,Pampers Easy Ups
Procter & Gamble,Pampers Kandoo
Procter & Gamble,Pampers Pure
Procter & Gamble,Pampers Swaddlers
Procter & Gamble,Pampers UnderJams
Procter & Gamble,Pantene Gold Series
Procter & Gamble,Pantene Nutrient Blends
Procter & Gamble,Pantene Pro-V
Procter & Gamble,Pantene Sulfate Free
Procter & Gamble,Pepto-Bismol Ultra
Procter & Gamble,Perwoll
Procter & Gamble,Pippo
Procter & Gamble,Polident 3 Minute
Procter & Gamble,Pril
Procter & Gamble,Prilosec OTC
Procter & Gamble,Puffs Plus
Procter & Gamble,Puffs Ultra Soft
Procter & Gamble,Regenerist
Procter & Gamble,Rejoice
Procter & Gamble,Rejoice Perfume
Procter & Gamble,SK-II
Procter & Gamble,SK-II Facial Treatment Essence
Procter & Gamble,Safeguard
Procter & Gamble,Safeguard Antibacterial
Procter & Gamble,Scope Outlast
Procter & Gamble,Sebastian
Procter & Gamble,Sebastian Professional
Procter & Gamble,Secret Clinical Strength
Procter & Gamble,Secret Fresh
Procter & Gamble,Secret Outlast
Procter & Gamble,Somat
Procter & Gamble,Swiffer Dusters
Procter & Gamble,Swiffer PowerMop
Procter & Gamble,Swiffer Sweeper
Procter & Gamble,Swiffer WetJet
Procter & Gamble,Tempo
Procter & Gamble,Tide Antibacterial
Procter & Gamble,Tide Free & Gentle
Procter & Gamble,Tide Hygienic Clean
Procter & Gamble,Tide PODS
Procter & Gamble,Tide Plus
Procter & Gamble,Tide Simply
Procter & Gamble,Tide To Go
Procter & Gamble,Tide Ultra Oxi
Procter & Gamble,Tide with Bleach
Procter & Gamble,Top job
Procter & Gamble,Unstopables
Procter & Gamble,Venus Extra Smooth
Procter & Gamble,Venus Sensitive
Procter & Gamble,Venus Snap
Procter & Gamble,Venus Swirl
Procter & Gamble,Venus for Pubic Hair & Skin
Procter & Gamble,Vicks DayQuil
Procter & Gamble,Vicks Formula 44
Procter & Gamble,Vicks NyQuil
Procter & Gamble,Vicks Sinex
Procter & Gamble,Vicks VapoRub
Procter & Gamble,Vizir
Procter & Gamble,Wella
Procter & Gamble,Whisper
Procter & Gamble,Whisper Ultra
Procter & Gamble,Wipp
Procter & Gamble,Yes
Procter & Gamble,Zest
Procter & Gamble,ZzzQuil
Procter & Gamble,ZzzQuil PURE Zzzs
Procter & Gamble,h&s
Unilever,Algida
Unilever,All Laundry Detergent
Unilever,Amora
Unilever,Axe Body Spray
Unilever,Axe Body Wash
Unilever,Axe Deodorant
Unilever,Bango
Unilever,Becel
Unilever,Ben & Jerry's Cherry Garcia
Unilever,Ben & Jerry's Chocolate Fudge Brownie
Unilever,Ben & Jerry's Chunky Monkey
Unilever,Ben & Jerry's Half Baked
Unilever,Ben & Jerry's Phish Food
Unilever,Bertolli Olive Oil
Unilever,Bertolli Pasta Sauce
Unilever,Best Foods Mayo
Unilever,Blue Band
Unilever,Bovril
Unilever,Breeze
Unilever,Breyers CarbSmart
Unilever,Breyers Chocolate
Unilever,Breyers Natural Vanilla
Unilever,Brooke Bond
Unilever,Brooke Bond Red Label
Unilever,Brut Aftershave
Unilever,Calvé
Unilever,Caress
Unilever,Caress Body Wash
Unilever,Carte d'Or
Unilever,Cif
Unilever,Cif Cream Cleanser
Unilever,Clear
Unilever,Clear Men
Unilever,Clear Shampoo
Unilever,Close-up
Unilever,Close-up Toothpaste
Unilever,Colman's
Unilever,Colman's Mustard
Unilever,Comfort
Unilever,Comfort Fabric Softener
Unilever,Cornetto
Unilever,Cornetto Classic
Unilever,Country Crock
Unilever,Country Crock Spread
Unilever,Degree Deodorant
Unilever,Dermalogica
Unilever,Dermalogica Skin Care
Unilever,Domestos
Unilever,Domestos Bleach
Unilever,Dove Bar Soap
Unilever,Dove Body Wash
Unilever,Dove Deodorant
Unilever,Dove Hair Care
Unilever,Dove Men+Care
Unilever,Finesse
Unilever,Flora
Unilever,Flora ProActiv
Unilever,Frisona
Unilever,Good Humor Strawberry Shortcake
Unilever,Hellmann's Mayonnaise
Unilever,Hellmann's Real
Unilever,Hellmann's Real Mayonnaise
Unilever,I Can't Believe It's Not Butter
Unilever,Impulse
Unilever,Impulse Body Spray
Unilever,Jif Lemon
Unilever,Klondike Bar
Unilever,Knorr
Unilever,Knorr Pasta Sides
Unilever,Knorr Rice Sides
Unilever,Knorr Soup
Unilever,Knorr Stock Cubes
Unilever,Lawry's
Unilever,Lawry's Seasoned Salt
Unilever,Lever 2000
Unilever,Lifebuoy
Unilever,Lifebuoy Antibacterial Soap
Unilever,Lipton Iced Tea
Unilever,Lipton Tea
Unilever,Lipton Yellow Label
Unilever,Living Proof
Unilever,Living Proof Hair Care
Unilever,Lux
Unilever,Lux Soap
Unilever,Lynx
Unilever,Magnum Almond
Unilever,Magnum Classic
Unilever,Magnum Double
Unilever,Magnum White
Unilever,Maizena
Unilever,Marmite
Unilever,Mentadent
Unilever,Noxzema
Unilever,Ola
Unilever,Omo
Unilever,Omo Laundry Detergent
Unilever,Organics
Unilever,PG Tips
Unilever,PG Tips Pyramid Bags
Unilever,PG Tips Tea
Unilever,Pepsodent
Unilever,Persil
Unilever,Persil Capsules
Unilever,Persil Liquid
Unilever,Pond's Cold Cream
Unilever,Popsicle Orange
Unilever,Promise
Unilever,Pure Leaf Iced Tea
Unilever,Radiant
Unilever,Rama
Unilever,Rama Cremefine
Unilever,Regeneration
Unilever,Rexona
Unilever,Rexona Deodorant
Unilever,Rinso
Unilever,Shield
Unilever,Signal
Unilever,Signal Toothpaste
Unilever,Simple
Unilever,Simple Facial Cleanser
Unilever,Skip
Unilever,Snuggle Fabric Softener
Unilever,Solero
Unilever,St. Ives Scrub
Unilever,Stork
Unilever,Suave Shampoo
Unilever,Sun
Unilever,Sunlight
Unilever,Sunlight Dish Liquid
Unilever,Sunsilk
Unilever,Sunsilk Shampoo
Unilever,Sure Deodorant
Unilever,Surf
Unilever,Surf Laundry Detergent
Unilever,T2
Unilever,T2 Tea
Unilever,TIGI
Unilever,TIGI Bed Head
Unilever,TRESemmé Conditioner
Unilever,TRESemmé Shampoo
Unilever,Talenti Gelato
Unilever,Tazo
Unilever,Tazo Tea
Unilever,Thermasilk
Unilever,Timotei
Unilever,Toni&Guy
Unilever,VO5
Unilever,Vaseline Lotion
Unilever,Vaseline Petroleum Jelly
Unilever,Via
Unilever,Viennetta
Unilever,Walls
Unilever,Wishbone Salad Dressing
Unilever,Wisk
PepsiCo,7UP Cherry
PepsiCo,7UP Free
PepsiCo,AMP Energy
PepsiCo,AMP Energy Drink
PepsiCo,Aquafina Alive
PepsiCo,Aquafina FlavorSplash
PepsiCo,Aquafina Purified Water
PepsiCo,Aunt Jemima
PepsiCo,Baja Blast
PepsiCo,Baked Lay's
PepsiCo,Brisk Iced Tea
PepsiCo,Bubly
PepsiCo,Burger Rings
PepsiCo,Cap'n Crunch Berries
PepsiCo,Cap'n Crunch Original
PepsiCo,Cheetos Crunchy
PepsiCo,Cheetos Flamin' Hot
PepsiCo,Cheetos Paws
PepsiCo,Cheetos Puffs
PepsiCo,Chester's
PepsiCo,Chester's Fries
PepsiCo,Cracker Jack
PepsiCo,Crush Orange
PepsiCo,Crystal Pepsi
PepsiCo,Diet Mountain Dew
PepsiCo,Diet Pepsi
PepsiCo,Dole
PepsiCo,Doritos 3D
PepsiCo,Doritos Cool Ranch
PepsiCo,Doritos Dinamita
PepsiCo,Doritos Flamin' Hot
PepsiCo,Doritos Jacked
PepsiCo,Doritos Nacho Cheese
PepsiCo,Doubleshot
PepsiCo,Frappuccino
PepsiCo,Fritos Chili Cheese
PepsiCo,Fritos Original
PepsiCo,Fritos Scoops
PepsiCo,Funyuns
PepsiCo,Funyuns Onion Flavored
PepsiCo,G2
PepsiCo,G2 Low Calorie
PepsiCo,Gamesa
PepsiCo,Gamesa Cookies
PepsiCo,Gatorade Fierce
PepsiCo,Gatorade Frost
PepsiCo,Gatorade Thirst Quencher
PepsiCo,Gatorade Zero
PepsiCo,Grandma's Chocolate Chip
PepsiCo,Grandma's Cookies
PepsiCo,H2OH!
PepsiCo,Izze
PepsiCo,Izze Sparkling Juice
PepsiCo,KeVita
PepsiCo,KeVita Kombucha
PepsiCo,Lay's Baked
PepsiCo,Lay's Classic
PepsiCo,Lay's Kettle Cooked
PepsiCo,Lay's Lightly Salted
PepsiCo,Lay's Poppables
PepsiCo,Lay's Stax
PepsiCo,Lay's Wavy
PepsiCo,Life Cereal
PepsiCo,Life Original
PepsiCo,Lipton Iced Tea
PepsiCo,Manzanita Sol
PepsiCo,Matador
PepsiCo,Miranda
PepsiCo,Mirinda
PepsiCo,Miss Vickie's
PepsiCo,Mist Twst
PepsiCo,Monster Munch
PepsiCo,Mountain Dew Code Red
PepsiCo,Mountain Dew Kickstart
PepsiCo,Mountain Dew Live Wire
PepsiCo,Mountain Dew Pitch Black
PepsiCo,Mountain Dew Voltage
PepsiCo,Mtn Dew
PepsiCo,Mug Cream Soda
PepsiCo,Mug Root Beer
PepsiCo,Munchos
PepsiCo,Naked Green Machine
PepsiCo,Naked Juice
PepsiCo,Near East
PepsiCo,Near East Rice Pilaf
PepsiCo,Nobby's
PepsiCo,Nobby's Nuts
PepsiCo,Pasta Roni
PepsiCo,Pasta Roni Parmesan
PepsiCo,Pearl Milling Company
PepsiCo,Pearl Milling Company Pancake Mix
PepsiCo,Pearl Milling Company Syrup
PepsiCo,Pepsi Lime
PepsiCo,Pepsi Max
PepsiCo,Pepsi Real Sugar
PepsiCo,Pepsi Vanilla
PepsiCo,Pepsi Wild Cherry
PepsiCo,Pepsi Zero Sugar
PepsiCo,Pepsi-Cola
PepsiCo,Propel Fitness Water
PepsiCo,Pure Leaf Tea
PepsiCo,Quaker Chewy
PepsiCo,Quaker Chewy Granola Bars
PepsiCo,Quaker Grits
PepsiCo,Quaker Instant Oatmeal
PepsiCo,Quaker Oatmeal
PepsiCo,Quaker Oats
PepsiCo,Quaker Old Fashioned
PepsiCo,Quaker Overnight Oats
PepsiCo,Quaker Real Medleys
PepsiCo,Quaker Rice Cakes
PepsiCo,Quavers
PepsiCo,Red Rock Deli
PepsiCo,Refreshers
PepsiCo,Rice-A-Roni
PepsiCo,Rice-A-Roni Chicken Flavor
PepsiCo,Rockstar Energy
PepsiCo,Rockstar Original
PepsiCo,Rockstar Punched
PepsiCo,Rockstar Recovery
PepsiCo,Rold Gold
PepsiCo,Rold Gold Pretzels
PepsiCo,Ruffles All Dressed
PepsiCo,Ruffles Cheddar & Sour Cream
PepsiCo,Ruffles Original
PepsiCo,Sabritas
PepsiCo,Sabritas Adobadas
PepsiCo,Santitas
PepsiCo,Schweppes Ginger Ale
PepsiCo,Sensations
PepsiCo,Sierra Mist
PepsiCo,Slice
PepsiCo,Smartfood
PepsiCo,Smartfood Popcorn
PepsiCo,Smith's
PepsiCo,Smith's Chips
PepsiCo,SoBe
PepsiCo,SoBe Lifewater
PepsiCo,Squares
PepsiCo,Starbucks Ready-to-Drink
PepsiCo,Starbucks Refreshers
PepsiCo,Starry
PepsiCo,Starry Lemon Lime
PepsiCo,Stax
PepsiCo,SunChips Garden Salsa
PepsiCo,SunChips Harvest Cheddar
PepsiCo,SunChips Original
PepsiCo,Sunkist Orange
PepsiCo,Tazo
PepsiCo,Tazo Iced Tea
PepsiCo,Teem
PepsiCo,Thins
PepsiCo,Tostitos Hint of Lime
PepsiCo,Tostitos Original
PepsiCo,Tostitos Scoops
PepsiCo,Tropicana Essentials
PepsiCo,Tropicana Farmstand
PepsiCo,Tropicana Pure Premium
PepsiCo,Tropicana Twister
PepsiCo,Twisties
PepsiCo,Walkers
PepsiCo,Walkers Crisps
PepsiCo,Wavy Lay's
PepsiCo,Wotsits
PepsiCo,bubly bounce
PepsiCo,bubly drops
PepsiCo,bubly sparkling water
Coca-Cola Company,AdeS
Coca-Cola Company,Appletiser
Coca-Cola Company,Aquarius
Coca-Cola Company,Ayataka
Coca-Cola Company,Barq's Root Beer
Coca-Cola Company,Barrilitos
Coca-Cola Company,BodyArmor Lyte
Coca-Cola Company,Bonaqua
Coca-Cola Company,Cherry Coke
Coca-Cola Company,Ciel
Coca-Cola Company,Coca-Cola Energy
Coca-Cola Company,Coca-Cola Life
Coca-Cola Company,Coca-Cola Zero Sugar
Coca-Cola Company,Coke
Coca-Cola Company,Coke Zero
Coca-Cola Company,Costa Coffee
Coca-Cola Company,Costa Express
Coca-Cola Company,Costa Ready-to-Drink
Coca-Cola Company,Diet Coke
Coca-Cola Company,FUZE Tea
Coca-Cola Company,Fanta Grape
Coca-Cola Company,Fanta Orange
Coca-Cola Company,Fanta Strawberry
Coca-Cola Company,Glacéau
Coca-Cola Company,Gold Peak Tea
Coca-Cola Company,Grapetiser
Coca-Cola Company,Honest Kids
Coca-Cola Company,I Lohas
Coca-Cola Company,Inca Kola
Coca-Cola Company,Innocent
Coca-Cola Company,Kinley
Coca-Cola Company,Lift
Coca-Cola Company,Limca
Coca-Cola Company,Maaza
Coca-Cola Company,Minute Maid Pulpy
Coca-Cola Company,Mr. Pibb
Coca-Cola Company,Odwalla
Coca-Cola Company,Peace Tea
Coca-Cola Company,Pibb Xtra
Coca-Cola Company,Powerade Zero
Coca-Cola Company,Seagram's
Coca-Cola Company,Simply Lemonade
Coca-Cola Company,Simply Orange
Coca-Cola Company,Sprite Zero
Coca-Cola Company,Suja
Coca-Cola Company,Tab
Coca-Cola Company,Thums Up
Coca-Cola Company,Topo Chico Hard Seltzer
Coca-Cola Company,Vanilla Coke
Coca-Cola Company,Zico
Coca-Cola Company,fairlife CorePower
Coca-Cola Company,vitaminwater zero
LVMH,Acqua di Parma
LVMH,Ao Yun
LVMH,Ardbeg
LVMH,Belvedere
LVMH,Benefit Cosmetics
LVMH,Berluti
LVMH,Bodega Numanthia
LVMH,Bulgari
LVMH,Cape Mentelle
LVMH,Celine
LVMH,Chandon
LVMH,Chaumet
LVMH,Christian Dior
LVMH,Château Cheval Blanc
LVMH,Château d'Yquem
LVMH,Cloudy Bay
LVMH,Colgin Cellars
LVMH,DFS
LVMH,Daniel Roth
LVMH,Dom Pérignon
LVMH,Emilio Pucci
LVMH,Fendi
LVMH,Fenty Beauty
LVMH,Fenty Skin
LVMH,Fred
LVMH,Fresh
LVMH,Gerald Genta
LVMH,Givenchy
LVMH,Glenmorangie
LVMH,Guerlain
LVMH,Hennessy
LVMH,Hublot
LVMH,KVD Beauty
LVMH,Kat Von D
LVMH,Kenzo
LVMH,Kenzo Parfums
LVMH,Krug
LVMH,Le Bon Marché
LVMH,Le Parisien
LVMH,Les Échos
LVMH,Loewe
LVMH,Loro Piana
LVMH,Louis Vuitton
LVMH,Maison Francis Kurkdjian
LVMH,Make Up For Ever
LVMH,Marc Jacobs
LVMH,Marc Jacobs Fragrance
LVMH,Moynat
LVMH,Moët & Chandon
LVMH,Newton Vineyard
LVMH,Nicholas Kirkwood
LVMH,Officine Universelle Buly
LVMH,Parfums Christian Dior
LVMH,Parfums Givenchy
LVMH,Patou
LVMH,Radio Classique
LVMH,Repossi
LVMH,Rimowa
LVMH,Ruinart
LVMH,Sephora
LVMH,Starboard Cruise Services
LVMH,TAG Heuer
LVMH,Terrazas de los Andes
LVMH,Tiffany & Co.
LVMH,Veuve Clicquot
LVMH,Zenith
L'Oréal,Biotherm
L'Oréal,CeraVe
L'Oréal,Clarisonic
L'Oréal,Dark and Lovely
L'Oréal,Decléor
L'Oréal,Dermablend
L'Oréal,Essie
L'Oréal,Garnier
L'Oréal,Giorgio Armani Beauty
L'Oréal,Helena Rubinstein
L'Oréal,IT Cosmetics
L'Oréal,Kiehl's
L'Oréal,Kérastase
L'Oréal,L'Oréal Paris
L'Oréal,L'Oréal Professionnel
L'Oréal,La Roche-Posay
L'Oréal,Lancôme
L'Oréal,Magic Shave
L'Oréal,Matrix
L'Oréal,Maybelline New York
L'Oréal,Mixa
L'Oréal,Mizani
L'Oréal,Mugler
L'Oréal,NYX Professional Makeup
L'Oréal,Prada Beauty
L'Oréal,Pulp Riot
L'Oréal,Pureology
L'Oréal,Redken
L'Oréal,Shu Uemura
L'Oréal,SkinCeuticals
L'Oréal,Softsheen-Carson
L'Oréal,Urban Decay
L'Oréal,Valentino Beauty
L'Oréal,Vichy
L'Oréal,Yves Saint Laurent Beauté
Mondelez International,Allan
Mondelez International,Alpen Gold
Mondelez International,Barni
Mondelez International,Barnum's Animals
Mondelez International,Bassett's
Mondelez International,Belvita
Mondelez International,Bubbaloo
Mondelez International,Cadbury Caramello
Mondelez International,Cadbury Creme Egg
Mondelez International,Cadbury Crunchie
Mondelez International,Cadbury Dairy Milk
Mondelez International,Cadbury Eclairs
Mondelez International,Cadbury Eggs
Mondelez International,Cadbury Flake
Mondelez International,Cadbury Fruit & Nut
Mondelez International,Cadbury Mini Eggs
Mondelez International,Cadbury Royal Dark
Mondelez International,Cadbury Twirl
Mondelez International,Cadbury Wispa
Mondelez International,Cheez Whiz
Mondelez International,Chiclets
Mondelez International,Chips Ahoy! Chewy
Mondelez International,Chips Ahoy! Chunky
Mondelez International,Chips More
Mondelez International,Clight
Mondelez International,Clorets
Mondelez International,Club Social
Mondelez International,Country Time
Mondelez International,Country Time Lemonade
Mondelez International,Crystal Light
Mondelez International,Crystal Light Pure
Mondelez International,Côte d'Or
Mondelez International,Dairylea
Mondelez International,Dentyne
Mondelez International,Dentyne Ice
Mondelez International,Dirol
Mondelez International,Easy Cheese
Mondelez International,Estrella
Mondelez International,Fig Newtons
Mondelez International,Fontaneda
Mondelez International,Fonzies
Mondelez International,Freia
Mondelez International,Fry's
Mondelez International,Fry's Turkish Delight
Mondelez International,Ginger Snaps
Mondelez International,Green & Black's
Mondelez International,Green & Black's Organic
Mondelez International,Halls
Mondelez International,Halls Breezers
Mondelez International,Halls Cough Drops
Mondelez International,Halls Relief
Mondelez International,Hollywood
Mondelez International,Honey Maid
Mondelez International,Honey Maid Graham Crackers
Mondelez International,Jacob's
Mondelez International,Karuna
Mondelez International,Kool-Aid
Mondelez International,Kool-Aid Bursts
Mondelez International,Kraft Handi-Snacks
Mondelez International,LU
Mondelez International,LU Petit Écolier
Mondelez International,Lacta
Mondelez International,Lorna Doone
Mondelez International,Marabou
Mondelez International,Marilan
Mondelez International,Marvellous Creations
Mondelez International,Maynards
Mondelez International,Mikado
Mondelez International,Milka Caramel
Mondelez International,Milka Oreo
Mondelez International,Mio
Mondelez International,Mio Energy
Mondelez International,Newtons
Mondelez International,Nutter Butter Bites
Mondelez International,Oreo Cakesters
Mondelez International,Oreo Double Stuf
Mondelez International,Oreo Golden
Mondelez International,Oreo Mega Stuf
Mondelez International,Oreo Thins
Mondelez International,Peek Freans
Mondelez International,Philadelphia Cream Cheese Spread
Mondelez International,Philadelphia Original
Mondelez International,Philadelphia Whipped
Mondelez International,Prince
Mondelez International,Ritz Crackers
Mondelez International,Ritz Crisp & Thins
Mondelez International,Ritz Toasted Chips
Mondelez International,Royal
Mondelez International,Shot
Mondelez International,Social Tea
Mondelez International,Sour Patch Kids Watermelon
Mondelez International,Stimorol
Mondelez International,Stride
Mondelez International,Stride Spark
Mondelez International,Swedish Fish
Mondelez International,TUC
Mondelez International,Tang
Mondelez International,Tang Orange
Mondelez International,Tassimo
Mondelez International,Teddy Grahams Chocolate
Mondelez International,Terry's
Mondelez International,Terry's Chocolate Orange
Mondelez International,Toblerone Dark Chocolate
Mondelez International,Toblerone Milk Chocolate
Mondelez International,Trakinas
Mondelez International,Trident
Mondelez International,Trident Layers
Mondelez International,Trident Splash
Mondelez International,Trident Vibes
Mondelez International,Trident White
Mondelez International,Triscuit Cracked Pepper
Mondelez International,Triscuit Original
Mondelez International,V6
Mondelez International,Vegemite
Mondelez International,Wheat Thins Hint of Salt
Mondelez International,Wheat Thins Original
Mondelez International,belVita
Mondelez International,belVita Breakfast Biscuits
Mondelez International,belVita Soft Baked
Kellogg Co.,Austin
Kellogg Co.,Bear Naked
Kellogg Co.,Chips Deluxe
Kellogg Co.,Club
Kellogg Co.,Coco Pops
Kellogg Co.,Corn Pops
Kellogg Co.,Cracklin' Oat Bran
Kellogg Co.,Crispix
Kellogg Co.,Crunchy Nut
Kellogg Co.,E.L. Fudge
Kellogg Co.,Famous Amos
Kellogg Co.,Fudge Shoppe
Kellogg Co.,Gardenburger
Kellogg Co.,Gripz
Kellogg Co.,Incogmeato
Kellogg Co.,Just Right
Kellogg Co.,Kashi
Kellogg Co.,Keebler
Kellogg Co.,Loma Linda
Kellogg Co.,Mother's Cookies
Kellogg Co.,Mueslix
Kellogg Co.,Murray
Kellogg Co.,Nutri-Grain
Kellogg Co.,Nutri-Grain Bars
Kellogg Co.,Rice Krispies Treats
Kellogg Co.,Sandies
Kellogg Co.,Smart Start
Kellogg Co.,Special K Bars
Kellogg Co.,Stretch Island
Kellogg Co.,Sultana Bran
Kellogg Co.,Sunshine
Kellogg Co.,Town House
Kellogg Co.,Vienna Fingers
General Mills,Annie's Bunny Grahams
General Mills,Annie's Homegrown
General Mills,Annie's Mac & Cheese
General Mills,Apple Cinnamon Cheerios
General Mills,Basic 4
General Mills,Berry Berry Kix
General Mills,Betty Crocker Brownies
General Mills,Betty Crocker Cake Mix
General Mills,Betty Crocker Cookie Mix
General Mills,Betty Crocker Frosting
General Mills,Betty Crocker Mashed Potatoes
General Mills,Betty Crocker Suddenly Pasta Salad
General Mills,Bisquick
General Mills,Blue
General Mills,Blue Buffalo Basics
General Mills,Blue Buffalo Freedom
General Mills,Blue Buffalo Life Protection Formula
General Mills,Blue Buffalo Natural Veterinary Diet
General Mills,Blue Buffalo True Solutions
General Mills,Blue Wilderness
General Mills,Bugles
General Mills,Bugles Nacho Cheese
General Mills,Cheerios Oat Crunch
General Mills,Chex Mix
General Mills,Chex Mix Bold
General Mills,Chex Mix Muddy Buddies
General Mills,Chex Mix Traditional
General Mills,Chicken Helper
General Mills,Chocolate Chex
General Mills,Cinnamon Toast Crunch Churros
General Mills,Clusters
General Mills,Cocoa Puffs
General Mills,Cookie Crisp
General Mills,Corn Chex
General Mills,Dunkaroos
General Mills,Fiber One Bars
General Mills,Fiber One Brownies
General Mills,Fiber One Honey Clusters
General Mills,Food Should Taste Good
General Mills,French Toast Cinnamon
General Mills,French Toast Crunch
General Mills,Frosted Cheerios
General Mills,Fruit Gushers
General Mills,Fruit Roll-Ups
General Mills,Fruit by the Foot
General Mills,Gardetto's
General Mills,Go-GURT Dunkers
General Mills,Gold Medal Flour
General Mills,Golden Grahams
General Mills,Hamburger Helper
General Mills,Honey Nut Cheerios
General Mills,Häagen-Dazs Ice Cream Bars
General Mills,Liberté
General Mills,Life Protection Formula
General Mills,Lucky Charms Frosted Flakes
General Mills,Lärabar
General Mills,Mountain High
General Mills,Multi-Grain Cheerios
General Mills,Nature Valley Crunchy
General Mills,Nature Valley Granola Bars
General Mills,Nature Valley Protein
General Mills,Oatmeal Crisp
General Mills,Old El Paso
General Mills,Old El Paso Salsa
General Mills,Old El Paso Taco Shells
General Mills,Oui by Yoplait
General Mills,Pillsbury
General Mills,Pillsbury Cinnamon Rolls
General Mills,Pillsbury Cookie Dough
General Mills,Pillsbury Crescent Rolls
General Mills,Pillsbury Grands!
General Mills,Pillsbury Pie Crust
General Mills,Potato Buds
General Mills,Progresso Rich & Hearty
General Mills,Progresso Traditional
General Mills,Raisin Nut Bran
General Mills,Reese's Puffs
General Mills,Rice Chex
General Mills,Ritz Bits Sandwiches
General Mills,Softasilk
General Mills,Suddenly Salad
General Mills,Total
General Mills,Totino's Pizza Rolls
General Mills,Trix Yogurt
General Mills,Tuna Helper
General Mills,Wanchai Ferry
General Mills,Warm Delights
General Mills,Wheat Chex
General Mills,Wheaties
General Mills,Whips!
General Mills,Wilderness
General Mills,Yoplait Greek
General Mills,Yoplait Greek 100
General Mills,Yoplait Light
General Mills,Yoplait Original
General Mills,Yoplait Whips
"Mars, Incorporated",3 Musketeers Mint
"Mars, Incorporated",5
"Mars, Incorporated",5 Cobalt
"Mars, Incorporated",Airwaves
"Mars, Incorporated",Alterra Coffee Roasters
"Mars, Incorporated",Altoids
"Mars, Incorporated",Altoids Mints
"Mars, Incorporated",Altoids Smalls
"Mars, Incorporated",Balisto
"Mars, Incorporated",Banjo
"Mars, Incorporated",Ben's Original
"Mars, Incorporated",Ben's Original Long Grain
"Mars, Incorporated",Ben's Original Ready Rice
"Mars, Incorporated",Big Red
"Mars, Incorporated",Bounty Dark
"Mars, Incorporated",Bright Tea Co.
"Mars, Incorporated",Catsan
"Mars, Incorporated",Celebrations
"Mars, Incorporated",Cesar
"Mars, Incorporated",Cesar Gourmet
"Mars, Incorporated",Cesar Home Delights
"Mars, Incorporated",Chappi
"Mars, Incorporated",Combos
"Mars, Incorporated",Crave
"Mars, Incorporated",Dolmio
"Mars, Incorporated",Dolmio Lasagne
"Mars, Incorporated",Doublemint
"Mars, Incorporated",Dove Chocolate Bar
"Mars, Incorporated",Dove Ice Cream
"Mars, Incorporated",Dove Promises
"Mars, Incorporated",Dreamies
"Mars, Incorporated",Ebly
"Mars, Incorporated",Eclipse
"Mars, Incorporated",Eclipse Polar Ice
"Mars, Incorporated",Ethel M Chocolates
"Mars, Incorporated",Eukanuba Breed Specific
"Mars, Incorporated",Extra
"Mars, Incorporated",Extra Peppermint
"Mars, Incorporated",Extra Polar Ice
"Mars, Incorporated",Extra Spearmint
"Mars, Incorporated",Flavia
"Mars, Incorporated",Freedent
"Mars, Incorporated",Galaxy
"Mars, Incorporated",Galaxy Caramel
"Mars, Incorporated",Galaxy Smooth Milk
"Mars, Incorporated",Good Boy
"Mars, Incorporated",Greenies Dental Chews
"Mars, Incorporated",Iams Perfect Portions
"Mars, Incorporated",Iams Proactive Health
"Mars, Incorporated",Juicy Fruit
"Mars, Incorporated",Juicy Fruit Original
"Mars, Incorporated",Kan Tong
"Mars, Incorporated",Kitekat
"Mars, Incorporated",Klix
"Mars, Incorporated",Lifesavers Gummies
"Mars, Incorporated",M&M's Almond
"Mars, Incorporated",M&M's Caramel
"Mars, Incorporated",M&M's Crispy
"Mars, Incorporated",M&M's Dark Chocolate
"Mars, Incorporated",M&M's Peanut
"Mars, Incorporated",M&M's Peanut Butter
"Mars, Incorporated",M&M's Pretzel
"Mars, Incorporated",Maltesers
"Mars, Incorporated",Maltesers Teasers
"Mars, Incorporated",Mars Almond
"Mars, Incorporated",Masterfoods
"Mars, Incorporated",Milky Way Midnight
"Mars, Incorporated",Milky Way Simply Caramel
"Mars, Incorporated",Nature's Recipe
"Mars, Incorporated",Nutro
"Mars, Incorporated",Nutro Ultra
"Mars, Incorporated",Nutro Wholesome Essentials
"Mars, Incorporated",Orbit
"Mars, Incorporated",Orbit Sweetmint
"Mars, Incorporated",Orbit White
"Mars, Incorporated",Pedigree Adult
"Mars, Incorporated",Pedigree Dentastix
"Mars, Incorporated",Pedigree Puppy
"Mars, Incorporated",Pedigree Small Dog
"Mars, Incorporated",Perfect Fit
"Mars, Incorporated",Quality Street
"Mars, Incorporated",Revels
"Mars, Incorporated",Royal Canin
"Mars, Incorporated",Royal Canin Breed Health
"Mars, Incorporated",Royal Canin Size Health
"Mars, Incorporated",Royco
"Mars, Incorporated",Seeds of Change
"Mars, Incorporated",Seeds of Change Quinoa & Brown Rice
"Mars, Incorporated",Sheba Perfect Portions
"Mars, Incorporated",Skittles Original
"Mars, Incorporated",Skittles Sour
"Mars, Incorporated",Skittles Tropical
"Mars, Incorporated",Skittles Wild Berry
"Mars, Incorporated",Snickers Almond
"Mars, Incorporated",Snickers Ice Cream
"Mars, Incorporated",Snickers Peanut Brownie
"Mars, Incorporated",Spearmint
"Mars, Incorporated",Starburst Airs
"Mars, Incorporated",Starburst Duos
"Mars, Incorporated",Starburst FaveREDs
"Mars, Incorporated",Starburst Original
"Mars, Incorporated",Suzi Wan
"Mars, Incorporated",Tasty Bite
"Mars, Incorporated",Tasty Bite Indian
"Mars, Incorporated",Temptations Mixups
"Mars, Incorporated",Topic
"Mars, Incorporated",Twix Cookies & Creme
"Mars, Incorporated",Twix Ice Cream
"Mars, Incorporated",Twix Peanut Butter
"Mars, Incorporated",Uncle Ben's
"Mars, Incorporated",Whiskas Dry
"Mars, Incorporated",Whiskas Temptations
"Mars, Incorporated",Whiskas Wet
"Mars, Incorporated",Wild
"Mars, Incorporated",Winterfresh
Diageo PLC,Acacia Vineyard
Diageo PLC,Archers
Diageo PLC,Aviation
Diageo PLC,Baileys
Diageo PLC,Baileys Irish Cream
Diageo PLC,Black & White
Diageo PLC,Buchanan's
Diageo PLC,Bulleit
Diageo PLC,Bundaberg
Diageo PLC,Caol Ila
Diageo PLC,Captain Morgan
Diageo PLC,Cardhu
Diageo PLC,Casamigos
Diageo PLC,Chalone Vineyard
Diageo PLC,Clynelish
Diageo PLC,Cragganmore
Diageo PLC,Crown Royal
Diageo PLC,Cîroc
Diageo PLC,Dalwhinnie
Diageo PLC,DeLeon
Diageo PLC,Don Julio
Diageo PLC,George Dickel
Diageo PLC,Glenkinchie
Diageo PLC,Gordon's
Diageo PLC,Guinness Draught
Diageo PLC,Guinness Foreign Extra
Diageo PLC,Harp
Diageo PLC,Harp Lager
Diageo PLC,Hop House 13
Diageo PLC,J&B
Diageo PLC,Johnnie Walker
Diageo PLC,Ketel One
Diageo PLC,Kilkenny
Diageo PLC,Lagavulin
Diageo PLC,Mortlach
Diageo PLC,Myers's
Diageo PLC,Oban
Diageo PLC,Pampero
Diageo PLC,Ron Zacapa
Diageo PLC,Rosenblum Cellars
Diageo PLC,Seagram's
Diageo PLC,Seagram's 7 Crown
Diageo PLC,Sheridan's
Diageo PLC,Smirnoff
Diageo PLC,Smithwick's
Diageo PLC,Sterling Vineyards
Diageo PLC,Talisker
Diageo PLC,Tanqueray
Diageo PLC,The Singleton
Diageo PLC,VO
Diageo PLC,White Horse
Diageo PLC,White Star
Anheuser-Busch InBev,10 Barrel
Anheuser-Busch InBev,Aguila
Anheuser-Busch InBev,Alexander Keith's
Anheuser-Busch InBev,Antarctica
Anheuser-Busch InBev,Beck's
Anheuser-Busch InBev,Blue Point
Anheuser-Busch InBev,Brahma
Anheuser-Busch InBev,Breckenridge Brewery
Anheuser-Busch InBev,Bud Ice
Anheuser-Busch InBev,Bud Light
Anheuser-Busch InBev,Busch
Anheuser-Busch InBev,Cass
Anheuser-Busch InBev,Corona Extra
Anheuser-Busch InBev,Devils Backbone
Anheuser-Busch InBev,Diebels
Anheuser-Busch InBev,Elysian
Anheuser-Busch InBev,Four Peaks
Anheuser-Busch InBev,Franziskaner
Anheuser-Busch InBev,Golden Road
Anheuser-Busch InBev,Goose Island
Anheuser-Busch InBev,Harbin
Anheuser-Busch InBev,Hasseröder
Anheuser-Busch InBev,Hoegaarden
Anheuser-Busch InBev,Jupiler
Anheuser-Busch InBev,Karbach
Anheuser-Busch InBev,Klinskoye
Anheuser-Busch InBev,Kokanee
Anheuser-Busch InBev,Labatt Blue
Anheuser-Busch InBev,Landshark Lager
Anheuser-Busch InBev,Leffe
Anheuser-Busch InBev,Löwenbräu
Anheuser-Busch InBev,Michelob
Anheuser-Busch InBev,Michelob Ultra
Anheuser-Busch InBev,Modelo Especial
Anheuser-Busch InBev,Natural Light
Anheuser-Busch InBev,O'Doul's
Anheuser-Busch InBev,OB
Anheuser-Busch InBev,Platform Beer Co.
Anheuser-Busch InBev,Presidente
Anheuser-Busch InBev,Quilmes
Anheuser-Busch InBev,Rolling Rock
Anheuser-Busch InBev,Sedrin
Anheuser-Busch InBev,Shock Top
Anheuser-Busch InBev,Skol
Anheuser-Busch InBev,Spaten
Anheuser-Busch InBev,Stella Artois
Anheuser-Busch InBev,Wicked Weed
Heineken Holding N.V.,ABC Extra Stout
Heineken Holding N.V.,Affligem
Heineken Holding N.V.,Amstel
Heineken Holding N.V.,Amstel Light
Heineken Holding N.V.,Anchor Steam
Heineken Holding N.V.,Bintang
Heineken Holding N.V.,Birra Moretti
Heineken Holding N.V.,Cruzcampo
Heineken Holding N.V.,Desperados
Heineken Holding N.V.,Dos Equis
Heineken Holding N.V.,Foster's
Heineken Holding N.V.,Heineken 0.0
Heineken Holding N.V.,Kingfisher
Heineken Holding N.V.,Lagunitas
Heineken Holding N.V.,Newcastle Brown Ale
Heineken Holding N.V.,Paulaner
Heineken Holding N.V.,Primus
Heineken Holding N.V.,Red Stripe
Heineken Holding N.V.,Sagres
Heineken Holding N.V.,Sol
Heineken Holding N.V.,Star
Heineken Holding N.V.,Strongbow
Heineken Holding N.V.,Tecate
Heineken Holding N.V.,Tiger
Heineken Holding N.V.,Zywiec
Kimberly-Clark Corp.,Andrex
Kimberly-Clark Corp.,Cottonelle
Kimberly-Clark Corp.,Depend
Kimberly-Clark Corp.,DryNites
Kimberly-Clark Corp.,GoodNites
Kimberly-Clark Corp.,Hakle
Kimberly-Clark Corp.,Intimus
Kimberly-Clark Corp.,Kleenex
Kimberly-Clark Corp.,Kleenex Cottonelle
Kimberly-Clark Corp.,Kleenex Viva
Kimberly-Clark Corp.,Lightdays
Kimberly-Clark Corp.,Little Swimmers
Kimberly-Clark Corp.,Page
Kimberly-Clark Corp.,Plenitud
Kimberly-Clark Corp.,Poise
Kimberly-Clark Corp.,Pull-Ups
Kimberly-Clark Corp.,Scott
Kimberly-Clark Corp.,Scottex
Kimberly-Clark Corp.,Tena
Kimberly-Clark Corp.,U by Kotex
Kimberly-Clark Corp.,Viva
Kimberly-Clark Corp.,WypAll
Colgate-Palmolive Co.,Axion
Colgate-Palmolive Co.,Colgate Max Fresh
Colgate-Palmolive Co.,Colgate Optic White
Colgate-Palmolive Co.,Colgate Sensitive
Colgate-Palmolive Co.,Colgate Total
Colgate-Palmolive Co.,Darlie
Colgate-Palmolive Co.,Elmex
Colgate-Palmolive Co.,Hello
Colgate-Palmolive Co.,Hill's Ideal Balance
Colgate-Palmolive Co.,Hill's Prescription Diet
Colgate-Palmolive Co.,Hill's Science Diet
Colgate-Palmolive Co.,Mennen
Colgate-Palmolive Co.,Meridol
Colgate-Palmolive Co.,PCA Skin
Colgate-Palmolive Co.,Palmolive Naturals
Colgate-Palmolive Co.,Protex
Colgate-Palmolive Co.,Sanex
Colgate-Palmolive Co.,Softsoap
Colgate-Palmolive Co.,Sorriso
Reckitt Benckiser,Air Wick
Reckitt Benckiser,Calgon
Reckitt Benckiser,Cillit Bang
Reckitt Benckiser,Clearasil
Reckitt Benckiser,Dettol
Reckitt Benckiser,Dr. Scholl's
Reckitt Benckiser,Durex
Reckitt Benckiser,Easy-Off
Reckitt Benckiser,Enfamil
Reckitt Benckiser,Finish
Reckitt Benckiser,Gaviscon
Reckitt Benckiser,K-Y
Reckitt Benckiser,Mead Johnson
Reckitt Benckiser,Mucinex
Reckitt Benckiser,Nurofen
Reckitt Benckiser,Nutramigen
Reckitt Benckiser,Poly-Vi-Sol
Reckitt Benckiser,Resolve
Reckitt Benckiser,Scholl
Reckitt Benckiser,Spray 'n Wash
Reckitt Benckiser,Strepsils
Reckitt Benckiser,Vanish
Reckitt Benckiser,Woolite
Estée Lauder Companies,Aveda
Estée Lauder Companies,Becca
Estée Lauder Companies,Bobbi Brown
Estée Lauder Companies,Bumble and bumble
Estée Lauder Companies,Clinique
Estée Lauder Companies,Darphin
Estée Lauder Companies,Deciem
Estée Lauder Companies,Dr. Jart+
Estée Lauder Companies,Editions de Parfums Frédéric Malle
Estée Lauder Companies,Estée Lauder
Estée Lauder Companies,GlamGlow
Estée Lauder Companies,Jo Malone London
Estée Lauder Companies,La Mer
Estée Lauder Companies,Lab Series
Estée Lauder Companies,Le Labo
Estée Lauder Companies,MAC
Estée Lauder Companies,Origins
Estée Lauder Companies,Prescriptives
Estée Lauder Companies,RODIN olio lusso
Estée Lauder Companies,Smashbox
Estée Lauder Companies,The Ordinary
Estée Lauder Companies,Tom Ford Beauty
Estée Lauder Companies,Too Faced
Johnson & Johnson Consumer Health,Aveeno
Johnson & Johnson Consumer Health,Band-Aid
Johnson & Johnson Consumer Health,Benadryl
Johnson & Johnson Consumer Health,Carefree
Johnson & Johnson Consumer Health,Clean & Clear
Johnson & Johnson Consumer Health,Desitin
Johnson & Johnson Consumer Health,Johnson's Baby
Johnson & Johnson Consumer Health,Listerine
Johnson & Johnson Consumer Health,Lubriderm
Johnson & Johnson Consumer Health,Motrin
Johnson & Johnson Consumer Health,Natracare
Johnson & Johnson Consumer Health,Nicorette
Johnson & Johnson Consumer Health,Penaten
Johnson & Johnson Consumer Health,Reach
Johnson & Johnson Consumer Health,Rembrandt
Johnson & Johnson Consumer Health,RoC
Johnson & Johnson Consumer Health,Stayfree
Johnson & Johnson Consumer Health,Sudafed
Johnson & Johnson Consumer Health,Tylenol
Johnson & Johnson Consumer Health,Zyrtec
Johnson & Johnson Consumer Health,o.b.
Kraft Heinz,Bagel Bites
Kraft Heinz,Boboli
Kraft Heinz,Bull's-Eye
Kraft Heinz,Cool Whip
Kraft Heinz,Delimex
Kraft Heinz,Devour
Kraft Heinz,Gevalia
Kraft Heinz,Grey Poupon
Kraft Heinz,Heinz 57
Kraft Heinz,Heinz Ketchup
Kraft Heinz,Heinz Tomato Ketchup
Kraft Heinz,Jell-O
Kraft Heinz,Kool-Aid
Kraft Heinz,Kraft Dinner
Kraft Heinz,Kraft Macaroni & Cheese
Kraft Heinz,Kraft Singles
Kraft Heinz,Lea & Perrins
Kraft Heinz,Lunchables
Kraft Heinz,Miracle Whip
Kraft Heinz,Planters
Kraft Heinz,Shake 'n Bake
Kraft Heinz,Smart Ones
Kraft Heinz,Stove Top
Kraft Heinz,Tassimo
Danone,Actimel
Danone,Activia
Danone,Alpro
Danone,Aptamil
Danone,Aqua
Danone,Badoit
Danone,Bebelac
Danone,Bonafont
Danone,Cow & Gate
Danone,Danio
Danone,Danone
Danone,Danonino
Danone,Evian
Danone,Follow Your Heart
Danone,Fortimel
Danone,Horizon Organic
Danone,Light & Fit
Danone,Milupa
Danone,Mizone
Danone,Neocate
Danone,Nutricia
Danone,Nutrilon
Danone,Oikos
Danone,Petit Danone
Danone,Provamel
Danone,So Delicious
Danone,The WhiteWave Foods Company
Danone,Vega
Danone,Villa del Sur
Danone,Villavicencio
Danone,Volvic
Danone,Wallaby
Danone,YoPRO
Whirlpool Corp.,Amana
Whirlpool Corp.,Ariston
Whirlpool Corp.,Bauknecht
Whirlpool Corp.,Brastemp
Whirlpool Corp.,Consul
Whirlpool Corp.,Estate
Whirlpool Corp.,Gladiator GarageWorks
Whirlpool Corp.,Hotpoint
Whirlpool Corp.,Indesit
Whirlpool Corp.,Jenn-Air
Whirlpool Corp.,KitchenAid
Whirlpool Corp.,Maytag
Whirlpool Corp.,Roper
Whirlpool Corp.,Whirlpool
Henkel AG,Aquence
Henkel AG,Bonderite
Henkel AG,Bref
Henkel AG,Dial
Henkel AG,Dixan
Henkel AG,Duck Brand
Henkel AG,Fa
Henkel AG,Gliss
Henkel AG,Le Chat
Henkel AG,Loctite
Henkel AG,Persil
Henkel AG,Perwoll
Henkel AG,Poly Color
Henkel AG,Pril
Henkel AG,Pritt
Henkel AG,Purex
Henkel AG,Right Guard
Henkel AG,Schauma
Henkel AG,Schwarzkopf
Henkel AG,Selleys
Henkel AG,Silan
Henkel AG,Somat
Henkel AG,Syoss
Henkel AG,Taft
Henkel AG,Tangit
Henkel AG,Technomelt
Henkel AG,Vernel
Henkel AG,Wipp Express
Henkel AG,got2b
Nike,Air Force 1
Nike,Air Jordan
Nike,Air Max
Nike,Chuck Taylor All Star
Nike,Converse One Star
Nike,Hurley
Nike,Jordan
VF Corp.,Altra
VF Corp.,Dickies
VF Corp.,Icebreaker
VF Corp.,Smartwool
VF Corp.,Supreme
VF Corp.,The North Face
VF Corp.,Timberland
VF Corp.,Vans
Kering,Alexander McQueen
Kering,Balenciaga
Kering,Bottega Veneta
Kering,Boucheron
Kering,Brioni
Kering,Dodo
Kering,Girard-Perregaux
Kering,Gucci
Kering,Pomellato
Kering,Qeelin
Kering,Saint Laurent
Kering,Ulysse Nardin
Richemont,A. Lange & Söhne
Richemont,AZ Factory
Richemont,Alaïa
Richemont,Baume & Mercier
Richemont,Cartier
Richemont,Chloé
Richemont,Delvaux
Richemont,IWC Schaffhausen
Richemont,Jaeger-LeCoultre
Richemont,Lancel
Richemont,Montblanc
Richemont,Mr Porter
Richemont,Net-a-Porter
Richemont,Panerai
Richemont,Peter Millar
Richemont,Piaget
Richemont,Purdey
Richemont,Roger Dubuis
Richemont,Serapian
Richemont,The Outnet
Richemont,Vacheron Constantin
Richemont,Van Cleef & Arpels
Richemont,Watchfinder
Richemont,Yoox
Richemont,dunhill
Hershey Co.,Brookside
Hershey Co.,Good & Plenty
Hershey Co.,Heath
Hershey Co.,Kisses
Hershey Co.,Krackel
Hershey Co.,Milk Duds
Hershey Co.,Mr. Goodbar
Hershey Co.,PayDay
Hershey Co.,Rolo
Hershey Co.,Skor
Hershey Co.,Special Dark
Hershey Co.,Symphony
Hershey Co.,Whoppers
Hershey Co.,Zero
J.M. Smucker Co.,Crisco
J.M. Smucker Co.,Gravy Train
J.M. Smucker Co.,Nature's Recipe
J.M. Smucker Co.,Pillsbury
J.M. Smucker Co.,Rachael Ray Nutrish
J.M. Smucker Co.,Robin Hood
J.M. Smucker Co.,Uncrustables
Campbell Soup Co.,Emerald Nuts
Campbell Soup Co.,Lance
Campbell Soup Co.,Late July
Campbell Soup Co.,Pace
Campbell Soup Co.,Pacific Foods
Campbell Soup Co.,Pepperidge Farm
Campbell Soup Co.,Pop Secret
Campbell Soup Co.,Snyder's of Hanover
Campbell Soup Co.,Swanson
Clorox Co.,Burt's Bees
Clorox Co.,Clorox Disinfecting Wipes
Clorox Co.,Formula 409
Clorox Co.,FreshWorks
Clorox Co.,KC Masterpiece
Clorox Co.,Liquid-Plumr
Clorox Co.,Match Light
Clorox Co.,Natural Vitality
Clorox Co.,Rainbow Light
Clorox Co.,RenewLife
Clorox Co.,S.O.S
Clorox Co.,Tilex
Church & Dwight Co. Inc.,Batiste
Church & Dwight Co. Inc.,FLAWLESS
Church & Dwight Co. Inc.,First Response
Church & Dwight Co. Inc.,Kaboom
Church & Dwight Co. Inc.,L'il Critters
Church & Dwight Co. Inc.,Nair
Church & Dwight Co. Inc.,Orajel
Church & Dwight Co. Inc.,Orange Glo
Church & Dwight Co. Inc.,TheraBreath
Church & Dwight Co. Inc.,Trojan
Church & Dwight Co. Inc.,Waterpik
Church & Dwight Co. Inc.,Zicam
McCormick & Co.,Club House
McCormick & Co.,Gourmet Garden
McCormick & Co.,Lawry's
McCormick & Co.,McCormick
McCormick & Co.,Old Bay
McCormick & Co.,Simply Asia
McCormick & Co.,Stubb's
McCormick & Co.,Thai Kitchen
McCormick & Co.,Zatarain's
Constellation Brands,Ballast Point
Constellation Brands,Ballast Point Grapefruit Sculpin
Constellation Brands,Ballast Point Sculpin IPA
Constellation Brands,Casa Noble
Constellation Brands,Casa Noble Tequila
Constellation Brands,Clos du Bois
Constellation Brands,Clos du Bois Chardonnay
Constellation Brands,Corona Extra
Constellation Brands,Corona Familiar
Constellation Brands,Corona Light
Constellation Brands,Corona Premier
Constellation Brands,Corona Refresca
Constellation Brands,Funky Buddha
Constellation Brands,Funky Buddha Floridian
Constellation Brands,High West
Constellation Brands,High West Double Rye
Constellation Brands,High West Whiskey
Constellation Brands,Kim Crawford Sauvignon Blanc
Constellation Brands,Meiomi Pinot Noir
Constellation Brands,Mi CAMPO
Constellation Brands,Mi CAMPO Tequila
Constellation Brands,Modelo Chelada
Constellation Brands,Modelo Especial
Constellation Brands,Modelo Negra
Constellation Brands,Modelo Oro
Constellation Brands,Pacifico Clara
Constellation Brands,Robert Mondavi
Constellation Brands,Robert Mondavi Private Selection
Constellation Brands,Robert Mondavi Winery
Constellation Brands,Ruffino
Constellation Brands,Ruffino Chianti
Constellation Brands,Ruffino Prosecco
Constellation Brands,Svedka
Constellation Brands,Svedka Vodka
Constellation Brands,The Prisoner Red Blend
Constellation Brands,The Prisoner Wine Company
Constellation Brands,Victoria
Constellation Brands,Victoria Pale Lager
Pernod Ricard,Aberlour
Pernod Ricard,Absolut
Pernod Ricard,Altos
Pernod Ricard,Avion
Pernod Ricard,Ballantine's
Pernod Ricard,Beefeater
Pernod Ricard,Brancott Estate
Pernod Ricard,Chivas Regal
Pernod Ricard,Del Maguey
Pernod Ricard,Havana Club
Pernod Ricard,Jacob's Creek
Pernod Ricard,Jameson
Pernod Ricard,Kahlúa
Pernod Ricard,Laphroaig
Pernod Ricard,Longmorn
Pernod Ricard,Malfy
Pernod Ricard,Malibu
Pernod Ricard,Martell
Pernod Ricard,Monkey 47
Pernod Ricard,Mumm
Pernod Ricard,Olmeca
Pernod Ricard,Pastis 51
Pernod Ricard,Perrier-Jouët
Pernod Ricard,Plymouth Gin
Pernod Ricard,Ricard
Pernod Ricard,Royal Salute
Pernod Ricard,Scapa
Pernod Ricard,The Glenlivet
Carlsberg A/S,1664 Blanc
Carlsberg A/S,Baltika
Carlsberg A/S,Carlsberg
Carlsberg A/S,Feldschlösschen
Carlsberg A/S,Garage
Carlsberg A/S,Grimbergen
Carlsberg A/S,Holsten
Carlsberg A/S,Kronenbourg 1664
Carlsberg A/S,Lvivske
Carlsberg A/S,Mythos
Carlsberg A/S,Ringnes
Carlsberg A/S,Somersby
Carlsberg A/S,Sommersby
Carlsberg A/S,Super Bock
Carlsberg A/S,Tuborg
Molson Coors Brewing Co.,Blue Moon
Molson Coors Brewing Co.,Cape Line
Molson Coors Brewing Co.,Carling
Molson Coors Brewing Co.,Cobra
Molson Coors Brewing Co.,Coors Banquet
Molson Coors Brewing Co.,Coors Light
Molson Coors Brewing Co.,Crispin
Molson Coors Brewing Co.,Hamm's
Molson Coors Brewing Co.,Henry's Hard Sparkling
Molson Coors Brewing Co.,Hop Valley
Molson Coors Brewing Co.,Icehouse
Molson Coors Brewing Co.,Keystone
Molson Coors Brewing Co.,Leinenkugel's
Molson Coors Brewing Co.,Madri Excepcional
Molson Coors Brewing Co.,Miller Genuine Draft
Molson Coors Brewing Co.,Miller High Life
Molson Coors Brewing Co.,Miller Lite
Molson Coors Brewing Co.,Milwaukee's Best
Molson Coors Brewing Co.,Molson Canadian
Molson Coors Brewing Co.,Redd's
Molson Coors Brewing Co.,Revolver
Molson Coors Brewing Co.,Saint Archer
Molson Coors Brewing Co.,Smith & Forge
Molson Coors Brewing Co.,Sol
Molson Coors Brewing Co.,Staropramen
Molson Coors Brewing Co.,Terrapin
Asahi Group Holdings,Asahi Super Dry
Asahi Group Holdings,Birell
Asahi Group Holdings,Calpis
Asahi Group Holdings,Edelweiss
Asahi Group Holdings,Fuller's
Asahi Group Holdings,Grolsch
Asahi Group Holdings,Kozel
Asahi Group Holdings,Mitsuya Cider
Asahi Group Holdings,Peroni Nastro Azzurro
Asahi Group Holdings,Pilsner Urquell
Asahi Group Holdings,Tyskie
Asahi Group Holdings,Ursus
Asahi Group Holdings,Wilkinson
Asahi Group Holdings,Wonda
Asahi Group Holdings,Žatec
Kirin Holdings,Afternoon Tea
Kirin Holdings,Fire
Kirin Holdings,Four Roses
Kirin Holdings,I Lohas
Kirin Holdings,Kirin Free
Kirin Holdings,Kirin Ichiban
Kirin Holdings,Kirin Lager
Kirin Holdings,Kirin Tanrei
Kirin Holdings,Mets
Kirin Holdings,Nuda
Swatch Group AG,Balmain
Swatch Group AG,Blancpain
Swatch Group AG,Breguet
Swatch Group AG,Calvin Klein watches
Swatch Group AG,Certina
Swatch Group AG,ETA
Swatch Group AG,Flik Flak
Swatch Group AG,Glashütte Original
Swatch Group AG,Hamilton
Swatch Group AG,Harry Winston
Swatch Group AG,Jaquet Droz
Swatch Group AG,Longines
Swatch Group AG,Mido
Swatch Group AG,Nivarox-FAR
Swatch Group AG,Omega
Swatch Group AG,Rado
Swatch Group AG,Swatch
Swatch Group AG,Tissot
Ralph Lauren Corp.,Black Label
Ralph Lauren Corp.,Chaps
Ralph Lauren Corp.,Club Monaco
Ralph Lauren Corp.,Double RL
Ralph Lauren Corp.,Lauren Ralph Lauren
Ralph Lauren Corp.,Polo Ralph Lauren
Ralph Lauren Corp.,Polo Sport
Ralph Lauren Corp.,Purple Label
Ralph Lauren Corp.,RLX
Ralph Lauren Corp.,Ralph Lauren
PVH Corp.,Arrow
PVH Corp.,Calvin Klein
PVH Corp.,Eagle
PVH Corp.,Geoffrey Beene
PVH Corp.,Heritage Brands
PVH Corp.,IZOD
PVH Corp.,Olga
PVH Corp.,Speedo
PVH Corp.,Tommy Hilfiger
PVH Corp.,True&Co
PVH Corp.,Van Heusen
PVH Corp.,Warner's
Tapestry Inc.,Coach
Tapestry Inc.,Kate Spade
Tapestry Inc.,Stuart Weitzman
Levi Strauss,Beyond Yoga
Levi Strauss,Denizen
Levi Strauss,Dockers
Levi Strauss,Levi's
Levi Strauss,Signature by Levi Strauss & Co.
Under Armour,Armour Fleece
Under Armour,Charged Cotton
Under Armour,ColdGear
Under Armour,HeatGear
Under Armour,Storm
Under Armour,UA
Under Armour,Under Armour
Hanesbrands Inc.,Alternative Apparel
Hanesbrands Inc.,Bali
Hanesbrands Inc.,Berlei
Hanesbrands Inc.,Bonds
Hanesbrands Inc.,Champion
Hanesbrands Inc.,DIM
Hanesbrands Inc.,Gear for Sports
Hanesbrands Inc.,Hanes
Hanesbrands Inc.,Just My Size
Hanesbrands Inc.,L'eggs
Hanesbrands Inc.,Lovable
Hanesbrands Inc.,Maidenform
Hanesbrands Inc.,Playtex
Hanesbrands Inc.,Wonderbra
Hanesbrands Inc.,barely there
Coty Inc.,Balenciaga
Coty Inc.,Bottega Veneta
Coty Inc.,Burberry Beauty
Coty Inc.,Calvin Klein Fragrances
Coty Inc.,Chloe
Coty Inc.,CoverGirl
Coty Inc.,Davidoff
Coty Inc.,Gucci Beauty
Coty Inc.,Hugo Boss
Coty Inc.,Joop!
Coty Inc.,Lancaster
Coty Inc.,Marc Jacobs Fragrances
Coty Inc.,Max Factor
Coty Inc.,Miu Miu
Coty Inc.,OPI
Coty Inc.,Philosophy
Coty Inc.,Playboy
Coty Inc.,Rimmel
Coty Inc.,Roberto Cavalli
Coty Inc.,Sally Hansen
Coty Inc.,Vivienne Westwood
Coty Inc.,Wella
Coty Inc.,adidas
Shiseido Co.,Anessa
Shiseido Co.,Aupres
Shiseido Co.,Benefique
Shiseido Co.,Clé de Peau Beauté
Shiseido Co.,Drunk Elephant
Shiseido Co.,Elixir
Shiseido Co.,Ettusais
Shiseido Co.,IPSA
Shiseido Co.,Integrate
Shiseido Co.,Laura Mercier
Shiseido Co.,Majolica Majorca
Shiseido Co.,NARS
Shiseido Co.,Pure & Mild
Shiseido Co.,Sea Breeze
Shiseido Co.,Senka
Shiseido Co.,Shiseido
Shiseido Co.,Uno
Shiseido Co.,Za
Shiseido Co.,bareMinerals
Beiersdorf AG,8x4
Beiersdorf AG,Aquaphor
Beiersdorf AG,Atrix
Beiersdorf AG,Basis
Beiersdorf AG,Coppertone
Beiersdorf AG,Elastoplast
Beiersdorf AG,Eucerin
Beiersdorf AG,Florena
Beiersdorf AG,Hansaplast
Beiersdorf AG,La Prairie
Beiersdorf AG,Labello
Beiersdorf AG,Nivea Men
Newell Brands,Aprica
Newell Brands,Baby Jogger
Newell Brands,Ball
Newell Brands,Chesapeake Bay Candle
Newell Brands,Coleman
Newell Brands,Contigo
Newell Brands,Crock-Pot
Newell Brands,Dymo
Newell Brands,Elmer's
Newell Brands,Expo
Newell Brands,FoodSaver
Newell Brands,Graco
Newell Brands,Mr. Coffee
Newell Brands,NUK
Newell Brands,Oster
Newell Brands,Paper Mate
Newell Brands,Parker
Newell Brands,Rubbermaid
Newell Brands,Sharpie
Newell Brands,Sunbeam
Newell Brands,Tigex
Newell Brands,Waterman
Newell Brands,WoodWick
Newell Brands,Yankee Candle
Skechers,BOBS from Skechers
Skechers,Skechers D'Lites
Skechers,Skechers GOwalk
Skechers,Skechers Performance
Skechers,Skechers Sport
Skechers,Skechers Street
Skechers,Skechers USA
Skechers,Skechers Work
Mattel Inc.,American Girl
Mattel Inc.,Apples to Apples
Mattel Inc.,Barbie
Mattel Inc.,Blokus
Mattel Inc.,Fisher-Price
Mattel Inc.,Hot Wheels
Mattel Inc.,Masters of the Universe
Mattel Inc.,Matchbox
Mattel Inc.,Mega
Mattel Inc.,Monster High
Mattel Inc.,Phase 10
Mattel Inc.,Pictionary
Mattel Inc.,Polly Pocket
Mattel Inc.,Scrabble
Mattel Inc.,Skip-Bo
Mattel Inc.,Thomas & Friends
Mattel Inc.,UNO
Electronic Arts,Apex Legends
Electronic Arts,Battlefield
Electronic Arts,Bejeweled
Electronic Arts,Command & Conquer
Electronic Arts,Dead Space
Electronic Arts,Dragon Age
Electronic Arts,EA Sports
Electronic Arts,FIFA
Electronic Arts,Madden NFL
Electronic Arts,Mass Effect
Electronic Arts,NBA Live
Electronic Arts,NHL
Electronic Arts,Need for Speed
Electronic Arts,Plants vs. Zombies
Electronic Arts,Star Wars
Electronic Arts,The Sims
Nintendo Co.,Animal Crossing
Nintendo Co.,Donkey Kong
Nintendo Co.,EarthBound
Nintendo Co.,F-Zero
Nintendo Co.,Fire Emblem
Nintendo Co.,Kirby
Nintendo Co.,Luigi's Mansion
Nintendo Co.,Mario
Nintendo Co.,Metroid
Nintendo Co.,Nintendo Switch
Nintendo Co.,Pikmin
Nintendo Co.,Pokémon
Nintendo Co.,Splatoon
Nintendo Co.,Star Fox
Nintendo Co.,Super Smash Bros.
Nintendo Co.,The Legend of Zelda
Nintendo Co.,Xenoblade Chronicles
Bandai Namco Holdings Inc.,Ace Combat
Bandai Namco Holdings Inc.,Dark Souls
Bandai Namco Holdings Inc.,Digimon
Bandai Namco Holdings Inc.,Dragon Ball
Bandai Namco Holdings Inc.,Elden Ring
Bandai Namco Holdings Inc.,Gundam
Bandai Namco Holdings Inc.,Little Nightmares
Bandai Namco Holdings Inc.,Naruto
Bandai Namco Holdings Inc.,One Piece
Bandai Namco Holdings Inc.,Pac-Man
Bandai Namco Holdings Inc.,Soulcalibur
Bandai Namco Holdings Inc.,Tales
Bandai Namco Holdings Inc.,Tamagotchi
Bandai Namco Holdings Inc.,Tekken
Post Holdings,8th Continent
Post Holdings,8th Continent Soymilk
Post Holdings,Alpen
Post Holdings,Alpen Original
Post Holdings,Alpha-Bits
Post Holdings,Alpha-Bits Original
Post Holdings,Bob Evans
Post Holdings,Bob Evans Mac & Cheese
Post Holdings,Bob Evans Mashed Potatoes
Post Holdings,Bob Evans Sausage
Post Holdings,Cocoa Pebbles
Post Holdings,Fruity Pebbles
Post Holdings,Golden Crisp
Post Holdings,Golden Crisp Cereal
Post Holdings,Grape-Nuts Flakes
Post Holdings,Great Grains
Post Holdings,Great Grains Crunchy Pecans
Post Holdings,Honey Bunches of Oats with Almonds
Post Holdings,Honeycomb
Post Holdings,Honeycomb Big
Post Holdings,Joint Juice
Post Holdings,Joint Juice Plus
Post Holdings,Malt-O-Meal
Post Holdings,Malt-O-Meal Frosted Flakes
Post Holdings,Marshmallow Pebbles
Post Holdings,Michael Angelo's
Post Holdings,Michael Angelo's Chicken Parmesan
Post Holdings,Michael Angelo's Lasagna
Post Holdings,Post
Post Holdings,PowerBar
Post Holdings,PowerBar Performance Energy
Post Holdings,PowerBar Protein Plus
Post Holdings,Premier Protein Bars
Post Holdings,Premier Protein Shakes
Post Holdings,Ready Brek
Post Holdings,Ready Brek Original
Post Holdings,RoadHouse
Post Holdings,RoadHouse Waffles
Post Holdings,Shredded Wheat
Post Holdings,Shredded Wheat Original
Post Holdings,Supreme Protein
Post Holdings,Supreme Protein Bars
Post Holdings,Weetabix
Post Holdings,Weetabix Organic
Hormel Foods,Applegate
Hormel Foods,Applegate Farms
Hormel Foods,Applegate Naturals
Hormel Foods,Applegate Organic
Hormel Foods,Black Label
Hormel Foods,Black Label Bacon
Hormel Foods,Café H
Hormel Foods,Café H Microwaveable Meals
Hormel Foods,Chi-Chi's
Hormel Foods,Chi-Chi's Salsa
Hormel Foods,Columbus
Hormel Foods,Columbus Craft Meats
Hormel Foods,Columbus Salame
Hormel Foods,Cure 81
Hormel Foods,Cure 81 Ham
Hormel Foods,Di Lusso
Hormel Foods,Di Lusso Deli
Hormel Foods,Dinty Moore Beef Stew
Hormel Foods,Herdez
Hormel Foods,Herdez Salsa
Hormel Foods,Hormel Chili
Hormel Foods,Hormel Compleats
Hormel Foods,Hormel Pepperoni
Hormel Foods,Hormel Rev
Hormel Foods,Jennie-O Ground Turkey
Hormel Foods,Jennie-O Turkey
Hormel Foods,Jennie-O Turkey Bacon
Hormel Foods,Justin's
Hormel Foods,Justin's Almond Butter
Hormel Foods,Justin's Nut Butter
Hormel Foods,Justin's Peanut Butter Cups
Hormel Foods,La Victoria
Hormel Foods,La Victoria Salsa
Hormel Foods,Lloyd's
Hormel Foods,Lloyd's Barbeque
Hormel Foods,Mary Kitchen
Hormel Foods,Mary Kitchen Corned Beef Hash
Hormel Foods,Natural Choice
Hormel Foods,Natural Choice Deli Meat
Hormel Foods,Skippy Creamy
Hormel Foods,Skippy Natural
Hormel Foods,Skippy Super Chunk
Hormel Foods,Spam Classic
Hormel Foods,Spam Hot & Spicy
Hormel Foods,Spam Lite
Hormel Foods,Spam Teriyaki
Hormel Foods,Wholly
Hormel Foods,Wholly Guacamole
Hormel Foods,Wholly Salsa
Tyson Foods,Aidells
Tyson Foods,Aidells Chicken & Apple Sausage
Tyson Foods,Aidells Sausage
Tyson Foods,Ball Park Buns
Tyson Foods,Ball Park Flame Grilled Jerky
Tyson Foods,Ball Park Franks
Tyson Foods,Gallo Italian Dry Salame
Tyson Foods,Gallo Salame
Tyson Foods,Hillshire Farm Deli Meat
Tyson Foods,Hillshire Farm Lit'l Smokies
Tyson Foods,Hillshire Farm Smoked Sausage
Tyson Foods,Jimmy Dean Breakfast Sandwiches
Tyson Foods,Jimmy Dean Pancakes & Sausage
Tyson Foods,Jimmy Dean Sausage
Tyson Foods,Sara Lee
Tyson Foods,Sara Lee Deli Meat
Tyson Foods,State Fair
Tyson Foods,State Fair Corn Dogs
Tyson Foods,Tyson Air Fried Chicken
Tyson Foods,Tyson Any'tizers
Tyson Foods,Tyson Chicken Breast
Tyson Foods,Tyson Chicken Nuggets
Tyson Foods,Tyson Crispy Chicken Strips
Tyson Foods,Tyson Grilled & Ready
Tyson Foods,Wright Brand
Tyson Foods,Wright Brand Bacon
JBS S.A.,Friboi
JBS S.A.,Gold Kist Farms
JBS S.A.,Just Bare
JBS S.A.,Moy Park
JBS S.A.,Pierce Chicken
JBS S.A.,Pilgrim's Pride
JBS S.A.,Primo
JBS S.A.,Seara
JBS S.A.,Swift
BRF – Brasil Foods,Batavo
BRF – Brasil Foods,Elegê
BRF – Brasil Foods,Perdigão
BRF – Brasil Foods,Qualy
BRF – Brasil Foods,Sadia
WH Group Ltd.,Armour
WH Group Ltd.,Cook's
WH Group Ltd.,Eckrich
WH Group Ltd.,Farmland
WH Group Ltd.,Gwaltney
WH Group Ltd.,John Morrell
WH Group Ltd.,Kretschmar
WH Group Ltd.,Margherita
WH Group Ltd.,Smithfield
Altria Group,Black & Mild
Altria Group,Chateau Ste. Michelle
Altria Group,Copenhagen
Altria Group,Husky
Altria Group,Longhorn
Altria Group,Marlboro
Altria Group,Red Seal
Altria Group,Skoal
Altria Group,Ste. Michelle Wine Estates
Philip Morris International,Bond Street
Philip Morris International,Chesterfield
Philip Morris International,Heets
Philip Morris International,IQOS
Philip Morris International,L&M
Philip Morris International,Lark
Philip Morris International,Marlboro
Philip Morris International,Muratti
Philip Morris International,Next
Philip Morris International,Parliament
Philip Morris International,Philip Morris
Philip Morris International,Red & White
British American Tobacco PLC,Camel
British American Tobacco PLC,Dunhill
British American Tobacco PLC,Glo
British American Tobacco PLC,Grizzly
British American Tobacco PLC,Kent
British American Tobacco PLC,Kodiak
British American Tobacco PLC,Lucky Strike
British American Tobacco PLC,Natural American Spirit
British American Tobacco PLC,Newport
British American Tobacco PLC,Pall Mall
British American Tobacco PLC,Rothmans
British American Tobacco PLC,Velo
British American Tobacco PLC,Vuse
British American Tobacco PLC,Vype
Imperial Tobacco Group,Blu
Imperial Tobacco Group,Davidoff
Imperial Tobacco Group,Fortuna
Imperial Tobacco Group,Gauloises Blondes
Imperial Tobacco Group,Gitanes
Imperial Tobacco Group,JPS
Imperial Tobacco Group,John Player
Imperial Tobacco Group,Lambert & Butler
Imperial Tobacco Group,Pueblo
Imperial Tobacco Group,Pulze
Imperial Tobacco Group,West
Imperial Tobacco Group,Winston
Japan Tobacco Inc.,Benson & Hedges
Japan Tobacco Inc.,Camel
Japan Tobacco Inc.,Glamour
Japan Tobacco Inc.,LD
Japan Tobacco Inc.,Logic
Japan Tobacco Inc.,Mevius
Japan Tobacco Inc.,Monte Carlo
Japan Tobacco Inc.,Natural American Spirit
Japan Tobacco Inc.,Ploom
Japan Tobacco Inc.,Seven Stars
Japan Tobacco Inc.,Silk Cut
Japan Tobacco Inc.,Sobranie
Japan Tobacco Inc.,Winston
3M Co.,3M Peltor
3M Co.,3M Thinsulate
3M Co.,Ace
3M Co.,Cavilon
3M Co.,Coban
3M Co.,Command
3M Co.,Filtrete
3M Co.,Futuro
3M Co.,Littmann
3M Co.,Nexcare
3M Co.,Post-it
3M Co.,Scotch
3M Co.,Scotch-Brite
3M Co.,Steri-Strip
3M Co.,Tegaderm
Stanley Black & Decker,Black+Decker
Stanley Black & Decker,Bostitch
Stanley Black & Decker,Craftsman
Stanley Black & Decker,Cub Cadet
Stanley Black & Decker,DeWalt
Stanley Black & Decker,Hustler
Stanley Black & Decker,Irwin
Stanley Black & Decker,Lenox
Stanley Black & Decker,MTD
Stanley Black & Decker,Mac Tools
Stanley Black & Decker,Porter-Cable
Stanley Black & Decker,Proto
Stanley Black & Decker,Stanley
Stanley Black & Decker,Troy-Bilt
Stanley Black & Decker,Vidmar
BSH Hausgeräte,Balay
BSH Hausgeräte,Bosch
BSH Hausgeräte,Coldex
BSH Hausgeräte,Constructa
BSH Hausgeräte,Continental
BSH Hausgeräte,Gaggenau
BSH Hausgeräte,Neff
BSH Hausgeräte,Pitsos
BSH Hausgeräte,Profilo
BSH Hausgeräte,Siemens
BSH Hausgeräte,Thermador
AB Electrolux,AEG
AB Electrolux,Arthur Martin
AB Electrolux,Corbero
AB Electrolux,Electrolux
AB Electrolux,Frigidaire
AB Electrolux,Juno
AB Electrolux,Molteni
AB Electrolux,Rosières
AB Electrolux,Westinghouse
AB Electrolux,Zanussi
Grupo Bimbo,Arnold
Grupo Bimbo,Barcel
Grupo Bimbo,Bimbo
Grupo Bimbo,Entenmann's
Grupo Bimbo,Freihofer's
Grupo Bimbo,Marinela
Grupo Bimbo,Nutrella
Grupo Bimbo,Oroweat
Grupo Bimbo,Pullman
Grupo Bimbo,Ricolino
Grupo Bimbo,Sara Lee
Grupo Bimbo,Takis
Grupo Bimbo,Thomas'
Grupo Bimbo,Tia Rosa
Grupo Bimbo,Vitalinea
Associated British Foods,ACH
Associated British Foods,Allinson
Associated British Foods,Billington's
Associated British Foods,Blue Dragon
Associated British Foods,Jordans
Associated British Foods,Kingsmill
Associated British Foods,Mazola
Associated British Foods,Ovaltine
Associated British Foods,Patak's
Associated British Foods,Penneys
Associated British Foods,Primark
Associated British Foods,Ryvita
Associated British Foods,Silver Spoon
Associated British Foods,Twinings
Associated British Foods,Westmill
Hermès International,Hermès
Keurig Dr Pepper,7UP Cherry
Keurig Dr Pepper,7UP Zero Sugar
Keurig Dr Pepper,A&W Cream Soda
Keurig Dr Pepper,A&W Root Beer
Keurig Dr Pepper,A&W Zero Sugar
Keurig Dr Pepper,Bai
Keurig Dr Pepper,Bai Antioxidant
Keurig Dr Pepper,Bai Bubbles
Keurig Dr Pepper,Big Red
Keurig Dr Pepper,Big Red Zero
Keurig Dr Pepper,Canada Dry Club Soda
Keurig Dr Pepper,Canada Dry Ginger Ale
Keurig Dr Pepper,Canada Dry Tonic Water
Keurig Dr Pepper,Clamato
Keurig Dr Pepper,Clamato Caesar
Keurig Dr Pepper,Clamato Tomato Cocktail
Keurig Dr Pepper,Core
Keurig Dr Pepper,Core Hydration
Keurig Dr Pepper,Core Organic
Keurig Dr Pepper,Country Time
Keurig Dr Pepper,Country Time Lemonade
Keurig Dr Pepper,Crush Orange
Keurig Dr Pepper,Diet 7UP
Keurig Dr Pepper,Diet Dr Pepper
Keurig Dr Pepper,Dr Pepper & Cream Soda
Keurig Dr Pepper,Dr Pepper Cherry
Keurig Dr Pepper,Dr Pepper Cream Soda
Keurig Dr Pepper,Dr Pepper TEN
Keurig Dr Pepper,Dr Pepper Zero Sugar
Keurig Dr Pepper,Green Mountain Breakfast Blend
Keurig Dr Pepper,Green Mountain Coffee
Keurig Dr Pepper,Hawaiian Punch Fruit Juicy Red
Keurig Dr Pepper,Hawaiian Punch Green Berry Rush
Keurig Dr Pepper,Hires Root Beer
Keurig Dr Pepper,IBC Root Beer
Keurig Dr Pepper,K-Cup
Keurig Dr Pepper,Mott's Apple Juice
Keurig Dr Pepper,Mott's Applesauce
Keurig Dr Pepper,Mott's for Tots
Keurig Dr Pepper,Nantucket Nectars
Keurig Dr Pepper,Nehi
Keurig Dr Pepper,Nehi Orange
Keurig Dr Pepper,Peet's Coffee
Keurig Dr Pepper,Peet's Major Dickason's Blend
Keurig Dr Pepper,RC Cola
Keurig Dr Pepper,Schweppes Ginger Ale
Keurig Dr Pepper,Schweppes Tonic
Keurig Dr Pepper,Snapple Diet
Keurig Dr Pepper,Snapple Elements
Keurig Dr Pepper,Snapple Lemon Tea
Keurig Dr Pepper,Snapple Peach Tea
Keurig Dr Pepper,Squirt
Keurig Dr Pepper,Squirt Ruby Red
Keurig Dr Pepper,Sun Drop
Keurig Dr Pepper,Sunkist Orange
Keurig Dr Pepper,Sunkist Strawberry
Keurig Dr Pepper,Tahitian Treat
Keurig Dr Pepper,The Original Donut Shop
Keurig Dr Pepper,The Original Donut Shop Coffee
Keurig Dr Pepper,Vernors
Keurig Dr Pepper,Vernors Ginger Ale
Keurig Dr Pepper,Vita Coco
Keurig Dr Pepper,Vita Coco Coconut Water
Keurig Dr Pepper,Yoo-hoo
Keurig Dr Pepper,Yoo-hoo Chocolate Drink
ITC Ltd.,Aashirvaad
ITC Ltd.,Aim
ITC Ltd.,Bingo!
ITC Ltd.,Classmate
ITC Ltd.,Engage
ITC Ltd.,Fiama
ITC Ltd.,ITC Hotels
ITC Ltd.,John Players
ITC Ltd.,Mangaldeep
ITC Ltd.,Savlon
ITC Ltd.,Sunfeast
ITC Ltd.,Vivel
ITC Ltd.,Wills Lifestyle
ITC Ltd.,Yippee!
Fonterra Cooperative Group,Anchor
Fonterra Cooperative Group,Anlene
Fonterra Cooperative Group,Anmum
Fonterra Cooperative Group,Kapiti
Fonterra Cooperative Group,Mainland
Fonterra Cooperative Group,NZMP
Fonterra Cooperative Group,Perfect Italiano
Fonterra Cooperative Group,Tip Top
Fonterra Cooperative Group,Western Star
Arla Foods,Anchor
Arla Foods,Apetina
Arla Foods,Arla
Arla Foods,Castello
Arla Foods,Cravendale
Arla Foods,Dofino
Arla Foods,Lactofree
Arla Foods,Lurpak
Arla Foods,Puck
Arla Foods,Skyr
Saputo Inc.,Alexis de Portneuf
Saputo Inc.,Armstrong
Saputo Inc.,Black Diamond
Saputo Inc.,DairyStar
Saputo Inc.,Dairyland
Saputo Inc.,Frigo Cheese
Saputo Inc.,Neilson
Saputo Inc.,Saputo
China Mengniu Dairy Co.,Bellamy's
China Mengniu Dairy Co.,Deluxe
China Mengniu Dairy Co.,Future Star
China Mengniu Dairy Co.,Guanyi
China Mengniu Dairy Co.,M-Plus
China Mengniu Dairy Co.,Mengniu
China Mengniu Dairy Co.,Yashily
China Mengniu Dairy Co.,Youyi C
Yili Group,Ambrosial
Yili Group,Changqing
Yili Group,Changyi
Yili Group,Chomolungma
Yili Group,Joyday
Yili Group,QQ Star
Yili Group,Satine
Yili Group,Xinjinghua
Yili Group,Yili
Groupe SEB,All-Clad
Groupe SEB,Arno
Groupe SEB,Emsa
Groupe SEB,Hepp
Groupe SEB,Imusa
Groupe SEB,Krups
Groupe SEB,Lagostina
Groupe SEB,Maharaja Whiteline
Groupe SEB,Moulinex
Groupe SEB,OBH Nordica
Groupe SEB,Rowenta
Groupe SEB,Schaerer
Groupe SEB,Supor
Groupe SEB,T-fal
Groupe SEB,Tefal
Groupe SEB,WMF
Haier Smart Home Co. Ltd.,Aqua
Haier Smart Home Co. Ltd.,Café
Haier Smart Home Co. Ltd.,Candy
Haier Smart Home Co. Ltd.,Casarte
Haier Smart Home Co. Ltd.,Fisher & Paykel
Haier Smart Home Co. Ltd.,GE Appliances
Haier Smart Home Co. Ltd.,Haier
Haier Smart Home Co. Ltd.,Hoover
Haier Smart Home Co. Ltd.,Leader
Haier Smart Home Co. Ltd.,Monogram
Haier Smart Home Co. Ltd.,Profile
Arçelik A.Ş.,Altus
Arçelik A.Ş.,Arctic
Arçelik A.Ş.,Arçelik
Arçelik A.Ş.,Beko
Arçelik A.Ş.,Blomberg
Arçelik A.Ş.,Elektrabregenz
Arçelik A.Ş.,Flavel
Arçelik A.Ş.,Grundig
Arçelik A.Ş.,Leisure
Kao Corp.,Attack
Kao Corp.,Bioré
Kao Corp.,Curel
Kao Corp.,Freeplus
Kao Corp.,Goldwell
Kao Corp.,Jergens
Kao Corp.,John Frieda
Kao Corp.,KMS
Kao Corp.,Laurier
Kao Corp.,Magiclean
Kao Corp.,Merries
Kao Corp.,Molton Brown
Kao Corp.,Oribe
Kao Corp.,Quickle
Kao Corp.,Sofina
Abbott – Nutrition,Alimentum
Abbott – Nutrition,EAS
Abbott – Nutrition,Elecare
Abbott – Nutrition,Ensure
Abbott – Nutrition,Glucerna
Abbott – Nutrition,Juven
Abbott – Nutrition,Myoplex
Abbott – Nutrition,PediaSure
Abbott – Nutrition,Pedialyte
Abbott – Nutrition,Similac
Abbott – Nutrition,ZonePerfect
Bayer Consumer Health,Aleve
Bayer Consumer Health,Alka-Seltzer
Bayer Consumer Health,Bayer Aspirin
Bayer Consumer Health,Citracal
Bayer Consumer Health,Claritin
Bayer Consumer Health,Coppertone
Bayer Consumer Health,Dr. Scholl's
Bayer Consumer Health,Elevit
Bayer Consumer Health,Flintstones Vitamins
Bayer Consumer Health,Midol
Bayer Consumer Health,MiraLAX
Bayer Consumer Health,One A Day
Bayer Consumer Health,Phillips'
Unicharm Corp.,Carex
Unicharm Corp.,Charm
Unicharm Corp.,Deo Body
Unicharm Corp.,Lifree
Unicharm Corp.,MamyPoko
Unicharm Corp.,Moony
Unicharm Corp.,Pet
Unicharm Corp.,Silcot
Unicharm Corp.,Sofy
Unicharm Corp.,Wave
Essity,Actimove
Essity,Bodyform
Essity,Cushelle
Essity,Cutimed
Essity,Edet
Essity,Jobst
Essity,Leukoplast
Essity,Libero
Essity,Libresse
Essity,Lotus
Essity,Okay
Essity,Plenty
Essity,Tempo
Essity,Tena
Essity,Tork
Essity,Velvet
Savencia SA,Bon Pasteur
Savencia SA,Bressot
Savencia SA,Caprice des Dieux
Savencia SA,Coeur de Lion
Savencia SA,Elle & Vire
Savencia SA,Etorki
Savencia SA,Old Europe
Savencia SA,Saint Agur
Savencia SA,Tartare
First Pacific Co.,Chitato
First Pacific Co.,Indofood
First Pacific Co.,Indomie
First Pacific Co.,Pop Mie
First Pacific Co.,Qtela
First Pacific Co.,Sarimi
First Pacific Co.,Supermi
Uni-President Enterprises,AB Yogurt
Uni-President Enterprises,Count
Uni-President Enterprises,Dr. Milker
Uni-President Enterprises,Seven & I
Uni-President Enterprises,Tong-Yi
Uni-President Enterprises,Uni-President
Uni-President Enterprises,Uni-Tea
Royal FrieslandCampina N.V.,Campina
Royal FrieslandCampina N.V.,Chocomel
Royal FrieslandCampina N.V.,Debic
Royal FrieslandCampina N.V.,Dutch Lady
Royal FrieslandCampina N.V.,Frico
Royal FrieslandCampina N.V.,Friesche Vlag
Royal FrieslandCampina N.V.,Frisona
Royal FrieslandCampina N.V.,Fristi
Royal FrieslandCampina N.V.,Landliebe
Royal FrieslandCampina N.V.,Meadow Fresh
Royal FrieslandCampina N.V.,Milner
Royal FrieslandCampina N.V.,Optimel
Royal FrieslandCampina N.V.,Valess
Royal FrieslandCampina N.V.,Vifit
Thai Beverage Public Co.,100 Pipers
Thai Beverage Public Co.,Chang Beer
Thai Beverage Public Co.,Est Cola
Thai Beverage Public Co.,Mekhong
Thai Beverage Public Co.,Oishi
Thai Beverage Public Co.,Sangsom
Thai Beverage Public Co.,Sermsuk
Thai Beverage Public Co.,Spy Wine Cooler
San Miguel Food & Beverage,Fernleaf
San Miguel Food & Beverage,Ginebra San Miguel
San Miguel Food & Beverage,Magnolia
San Miguel Food & Beverage,Monterey
San Miguel Food & Beverage,Purefoods
San Miguel Food & Beverage,Red Horse Beer
San Miguel Food & Beverage,San Miguel Beer
San Miguel Food & Beverage,Star Margarine
Danish Crown,Danish Crown
Danish Crown,Plumrose
Danish Crown,Sokołów
Danish Crown,Steff Houlberg
Danish Crown,Tulip
NH Foods Ltd.,AustralianPork
NH Foods Ltd.,NH Foods
NH Foods Ltd.,Purely Fancy
NH Foods Ltd.,Schau Essen
Makro Corporation,Makro
Halon,Halon
The Kraft Heinz Company,A.1. Steak Sauce
The Kraft Heinz Company,Athenos
The Kraft Heinz Company,Bagel Bites
The Kraft Heinz Company,Boboli
The Kraft Heinz Company,Breakstone's
The Kraft Heinz Company,Bull's-Eye
The Kraft Heinz Company,Capri Sun Organic
The Kraft Heinz Company,Classico Marinara
The Kraft Heinz Company,Cool Whip
The Kraft Heinz Company,Cracker Barrel Cheese
The Kraft Heinz Company,Delimex
The Kraft Heinz Company,Devour
The Kraft Heinz Company,Gevalia
The Kraft Heinz Company,Grey Poupon
The Kraft Heinz Company,Heinz 57
The Kraft Heinz Company,Heinz BBQ Sauce
The Kraft Heinz Company,Heinz Ketchup
The Kraft Heinz Company,Heinz Tomato Ketchup
The Kraft Heinz Company,Jell-O
The Kraft Heinz Company,Jell-O Pudding
The Kraft Heinz Company,Knudsen
The Kraft Heinz Company,Kool-Aid
The Kraft Heinz Company,Kool-Aid Jammers
The Kraft Heinz Company,Kraft Dinner
The Kraft Heinz Company,Kraft Mac & Cheese
The Kraft Heinz Company,Kraft Mayo
The Kraft Heinz Company,Kraft Salad Dressing
The Kraft Heinz Company,Kraft Singles
The Kraft Heinz Company,Lea & Perrins
The Kraft Heinz Company,Lunchables
The Kraft Heinz Company,Lunchables Uploaded
The Kraft Heinz Company,Maxwell House Master Blend
The Kraft Heinz Company,Miracle Whip
The Kraft Heinz Company,Ore-Ida Golden Fries
The Kraft Heinz Company,Ore-Ida Tater Tots
The Kraft Heinz Company,Oscar Mayer Bacon
The Kraft Heinz Company,Oscar Mayer Bologna
The Kraft Heinz Company,Oscar Mayer Hot Dogs
The Kraft Heinz Company,P'Tit Quebec
The Kraft Heinz Company,Philadelphia Cream Cheese
The Kraft Heinz Company,Planters
The Kraft Heinz Company,Planters Cashews
The Kraft Heinz Company,Planters Mixed Nuts
The Kraft Heinz Company,Planters Peanuts
The Kraft Heinz Company,Polly-O
The Kraft Heinz Company,Shake 'n Bake
The Kraft Heinz Company,Smart Ones
The Kraft Heinz Company,Stove Top
The Kraft Heinz Company,Stove Top Stuffing
The Kraft Heinz Company,Tassimo
The Kraft Heinz Company,Velveeta Shells & Cheese
Conagra Brands,Act II
Conagra Brands,Alexia
Conagra Brands,Andy Capp's
Conagra Brands,Angie's BOOMCHICKAPOP
Conagra Brands,BIGS
Conagra Brands,Banquet
Conagra Brands,Birds Eye
Conagra Brands,Boom Chicka Pop
Conagra Brands,Chef Boyardee
Conagra Brands,Crunch 'n Munch
Conagra Brands,David
Conagra Brands,Duke's
Conagra Brands,Duncan Hines
Conagra Brands,Egg Beaters
Conagra Brands,Fiddle Faddle
Conagra Brands,Frontera
Conagra Brands,Gardein
Conagra Brands,Healthy Choice
Conagra Brands,Hebrew National
Conagra Brands,Hunt's
Conagra Brands,Jiffy Pop
Conagra Brands,Marie Callender's
Conagra Brands,Mrs. Butterworth's
Conagra Brands,Open Pit
Conagra Brands,Orville Redenbacher's
Conagra Brands,P.F. Chang's Home Menu
Conagra Brands,PAM
Conagra Brands,Peter Pan
Conagra Brands,Poppycock
Conagra Brands,Ranch Style Beans
Conagra Brands,Reddi-wip
Conagra Brands,Ro*Tel
Conagra Brands,Screamin' Hot Veggie Straws
Conagra Brands,Slim Jim
Conagra Brands,Swiss Miss
Conagra Brands,TGI Fridays
Conagra Brands,VH Sauces
Conagra Brands,Van Camp's
Conagra Brands,Vlasic
Conagra Brands,Wolf Brand Chili
The Hershey Company,Almond Joy Pieces
The Hershey Company,Brookside
The Hershey Company,Brookside Dark Chocolate
The Hershey Company,Good & Plenty
The Hershey Company,Heath
The Hershey Company,Hershey's Cocoa
The Hershey Company,Hershey's Drops
The Hershey Company,Hershey's Kisses
The Hershey Company,Hershey's Kisses Almonds
The Hershey Company,Hershey's Kisses Special Dark
The Hershey Company,Hershey's Milk Chocolate
The Hershey Company,Hershey's Nuggets
The Hershey Company,Hershey's Special Dark
The Hershey Company,Hershey's Syrup
The Hershey Company,Ice Breakers Duo
The Hershey Company,Ice Breakers Gum
The Hershey Company,Ice Breakers Mints
The Hershey Company,Jolly Rancher Gummies
The Hershey Company,Jolly Rancher Hard Candy
The Hershey Company,Jolly Rancher Lollipops
The Hershey Company,Kisses
The Hershey Company,Kit Kat Big Kat
The Hershey Company,Kit Kat Duo
The Hershey Company,Kit Kat Duos Mint
The Hershey Company,Krackel
The Hershey Company,Milk Duds
The Hershey Company,Mounds Pieces
The Hershey Company,Mr. Goodbar
The Hershey Company,PayDay
The Hershey Company,Reese's Big Cup
The Hershey Company,Reese's Fast Break
The Hershey Company,Reese's Miniatures
The Hershey Company,Reese's Outrageous
The Hershey Company,Reese's Peanut Butter Cups
The Hershey Company,Reese's Pieces
The Hershey Company,Reese's Sticks
The Hershey Company,Reese's Thins
The Hershey Company,Reese's White
The Hershey Company,Rolo
The Hershey Company,Skor
The Hershey Company,Special Dark
The Hershey Company,Swoops
The Hershey Company,Symphony
The Hershey Company,Take5
The Hershey Company,Twizzlers Filled Twists
The Hershey Company,Twizzlers Pull 'n' Peel
The Hershey Company,Twizzlers Strawberry
The Hershey Company,Whoppers
The Hershey Company,York Peppermint Pattie
The Hershey Company,York Pieces
The Hershey Company,Zero
Kellogg Company,All-Bran Buds
Kellogg Company,Apple Jacks Caramel
Kellogg Company,Austin
Kellogg Company,Bear Naked
Kellogg Company,Bear Naked Granola
Kellogg Company,Cheez-It Duoz
Kellogg Company,Cheez-It Grooves
Kellogg Company,Cheez-It Original
Kellogg Company,Cheez-It Snap'd
Kellogg Company,Cheez-It White Cheddar
Kellogg Company,Chips Deluxe
Kellogg Company,Club
Kellogg Company,Club Crackers
Kellogg Company,Coco Pops
Kellogg Company,Corn Flakes Honey Nut
Kellogg Company,Corn Pops
Kellogg Company,Cracklin' Oat Bran
Kellogg Company,Crispix
Kellogg Company,Crunchy Nut
Kellogg Company,E.L. Fudge
Kellogg Company,Eggo French Toast
Kellogg Company,Eggo Pancakes
Kellogg Company,Eggo Thick & Fluffy
Kellogg Company,Eggo Waffles
Kellogg Company,Famous Amos
Kellogg Company,Froot Loops Marshmallow
Kellogg Company,Frosted Flakes Chocolate
Kellogg Company,Frosted Mini-Wheats Blueberry
Kellogg Company,Frosted Mini-Wheats Strawberry
Kellogg Company,Frosties
Kellogg Company,Fudge Shoppe
Kellogg Company,Gardenburger
Kellogg Company,Gripz
Kellogg Company,Incogmeato
Kellogg Company,Just Right
Kellogg Company,Kashi
Kellogg Company,Kashi Go
Kellogg Company,Kashi Honey Toasted
Kellogg Company,Keebler
Kellogg Company,Keebler Elfin
Kellogg Company,Keebler Fudge Stripes
Kellogg Company,Keebler Simply Made
Kellogg Company,Krave Chocolate
Kellogg Company,Loma Linda
Kellogg Company,Morningstar Farms Chik'n
Kellogg Company,Morningstar Farms Veggie Burgers
Kellogg Company,Mother's Cookies
Kellogg Company,Mueslix
Kellogg Company,Murray
Kellogg Company,Nutri-Grain
Kellogg Company,Nutri-Grain Bars
Kellogg Company,Nutri-Grain Soft Baked
Kellogg Company,Pop-Tarts Bites
Kellogg Company,Pop-Tarts Brown Sugar Cinnamon
Kellogg Company,Pop-Tarts Crisps
Kellogg Company,Pop-Tarts Frosted Strawberry
Kellogg Company,Pop-Tarts S'mores
Kellogg Company,Pringles BBQ
Kellogg Company,Pringles Cheddar Cheese
Kellogg Company,Pringles Jalapeño
Kellogg Company,Pringles Original
Kellogg Company,Pringles Pizza
Kellogg Company,Pringles Ranch
Kellogg Company,Pringles Sour Cream & Onion
Kellogg Company,RXBAR Protein Bars
Kellogg Company,Raisin Bran Crunch
Kellogg Company,Rice Krispies Treats
Kellogg Company,Rice Krispies Treats Cereal
Kellogg Company,Rice Krispies Treats Original
Kellogg Company,Sandies
Kellogg Company,Smacks
Kellogg Company,Smart Start
Kellogg Company,Special K Bars
Kellogg Company,Special K Protein
Kellogg Company,Special K Protein Meal Bars
Kellogg Company,Special K Red Berries
Kellogg Company,Special K Vanilla Almond
Kellogg Company,Stretch Island
Kellogg Company,Stretch Island Fruit Leather
Kellogg Company,Sultana Bran
Kellogg Company,Sunshine
Kellogg Company,Toasteds
Kellogg Company,Town House
Kellogg Company,Town House Flatbread Crisps
Kellogg Company,Vienna Fingers
Kellogg Company,Worthington
Kellogg Company,Zesta Saltines
Campbell Soup Company,Campbell's Chicken Noodle
Campbell Soup Company,Campbell's Chunky
Campbell Soup Company,Campbell's Condensed Soup
Campbell Soup Company,Campbell's Cream of Mushroom
Campbell Soup Company,Campbell's Homestyle
Campbell Soup Company,Campbell's Slow Kettle
Campbell Soup Company,Campbell's Tomato Soup
Campbell Soup Company,Campbell's Well Yes!
Campbell Soup Company,Cape Cod Chips
Campbell Soup Company,Emerald Cashews
Campbell Soup Company,Emerald Nuts
Campbell Soup Company,Goldfish Colors
Campbell Soup Company,Goldfish Crackers
Campbell Soup Company,Goldfish Flavor Blasted
Campbell Soup Company,Goldfish Grahams
Campbell Soup Company,Kettle Brand Potato Chips
Campbell Soup Company,Lance
Campbell Soup Company,Lance Crackers
Campbell Soup Company,Lance Sandwich Crackers
Campbell Soup Company,Late July
Campbell Soup Company,Late July Organic Snacks
Campbell Soup Company,Milano Cookies
Campbell Soup Company,Milano Double Dark Chocolate
Campbell Soup Company,Pace
Campbell Soup Company,Pace Picante Sauce
Campbell Soup Company,Pace Salsa
Campbell Soup Company,Pacific Almond Milk
Campbell Soup Company,Pacific Bone Broth
Campbell Soup Company,Pacific Foods
Campbell Soup Company,Pacific Oat Milk
Campbell Soup Company,Pacific Organic Soups
Campbell Soup Company,Pepperidge Farm
Campbell Soup Company,Pepperidge Farm Breads
Campbell Soup Company,Pepperidge Farm Cookies
Campbell Soup Company,Pepperidge Farm Goldfish
Campbell Soup Company,Pepperidge Farm Rolls
Campbell Soup Company,Pepperidge Farm Stuffing
Campbell Soup Company,Pop Secret
Campbell Soup Company,Pop Secret Popcorn
Campbell Soup Company,Prego Alfredo
Campbell Soup Company,Prego Farmers' Market
Campbell Soup Company,Prego Traditional
Campbell Soup Company,Snyder's Pretzel Pieces
Campbell Soup Company,Snyder's Pretzel Sticks
Campbell Soup Company,Snyder's Pretzels
Campbell Soup Company,Snyder's of Hanover
Campbell Soup Company,Swanson
Campbell Soup Company,Swanson Broth
Campbell Soup Company,Swanson Stock
Campbell Soup Company,V8 Energy
Campbell Soup Company,V8 Fusion
Campbell Soup Company,V8 Original
Campbell Soup Company,V8 Splash
The Clorox Company,Ayudin
The Clorox Company,Brita Bottles
The Clorox Company,Brita Filters
The Clorox Company,Brita Pitchers
The Clorox Company,Burt's Bees
The Clorox Company,Burt's Bees Baby
The Clorox Company,Burt's Bees Lip Balm
The Clorox Company,Burt's Bees Skin Care
The Clorox Company,Clorox 2
The Clorox Company,Clorox Bleach
The Clorox Company,Clorox Disinfecting Wipes
The Clorox Company,Clorox Free & Clear
The Clorox Company,Clorox Scentiva
The Clorox Company,Clorox Splash-Less
The Clorox Company,Clorox ToiletWand
The Clorox Company,Formula 409
The Clorox Company,Formula 409 All-Purpose
The Clorox Company,FreshWorks
The Clorox Company,Glad ClingWrap
The Clorox Company,Glad Food Storage Bags
The Clorox Company,Glad ForceFlex
The Clorox Company,Glad FreshWorks Produce Saver
The Clorox Company,Glad Press'n Seal
The Clorox Company,Glad Tall Kitchen Bags
The Clorox Company,Hidden Valley Greek Yogurt Ranch
The Clorox Company,Hidden Valley Ranch
The Clorox Company,KC Masterpiece
The Clorox Company,KC Masterpiece BBQ Sauce
The Clorox Company,Kingsford Charcoal
The Clorox Company,Kingsford Match Light
The Clorox Company,Liquid-Plumr
The Clorox Company,Liquid-Plumr Urgent Clear
The Clorox Company,Match Light
The Clorox Company,Natural Vitality
The Clorox Company,Natural Vitality CALM
The Clorox Company,PUR Faucet Filters
The Clorox Company,Pine-Sol Lavender
The Clorox Company,Pine-Sol Original
The Clorox Company,Poett
The Clorox Company,Rainbow Light
The Clorox Company,Rainbow Light Vitamins
The Clorox Company,RenewLife
The Clorox Company,RenewLife Ultimate Flora Probiotics
The Clorox Company,S.O.S
The Clorox Company,S.O.S Steel Wool Pads
The Clorox Company,Tilex
The Clorox Company,Tilex Mold & Mildew
Church & Dwight,Arm & Hammer Baking Soda
Church & Dwight,Arm & Hammer Cat Litter
Church & Dwight,Arm & Hammer Deodorant
Church & Dwight,Arm & Hammer Laundry Detergent
Church & Dwight,Arm & Hammer Toothpaste
Church & Dwight,Batiste
Church & Dwight,Batiste Dry Shampoo
Church & Dwight,FLAWLESS
Church & Dwight,FLAWLESS Hair Remover
Church & Dwight,First Response
Church & Dwight,First Response Pregnancy Tests
Church & Dwight,Kaboom
Church & Dwight,Kaboom Foam-Tastic
Church & Dwight,L'il Critters
Church & Dwight,L'il Critters Gummy Vitamins
Church & Dwight,Nair
Church & Dwight,Nair Hair Removal
Church & Dwight,Orajel
Church & Dwight,Orajel Baby
Church & Dwight,Orajel Toothache
Church & Dwight,Orange Glo
Church & Dwight,Orange Glo Wood Care
Church & Dwight,OxiClean Laundry Detergent
Church & Dwight,OxiClean MaxForce
Church & Dwight,OxiClean Versatile Stain Remover
Church & Dwight,TheraBreath
Church & Dwight,TheraBreath Oral Rinse
Church & Dwight,Trojan
Church & Dwight,Trojan Condoms
Church & Dwight,Trojan Lubricants
Church & Dwight,Vitafusion Gummy Vitamins
Church & Dwight,Waterpik
Church & Dwight,Waterpik Water Flosser
Church & Dwight,Xtra Laundry Detergent
Church & Dwight,Zicam
Church & Dwight,Zicam Cold Remedy
Colgate-Palmolive,Ajax Dish Liquid
Colgate-Palmolive,Ajax Powder Cleanser
Colgate-Palmolive,Axion
Colgate-Palmolive,Axion Dish Paste
Colgate-Palmolive,Colgate Advanced Whitening
Colgate-Palmolive,Colgate Cavity Protection
Colgate-Palmolive,Colgate Enamel Health
Colgate-Palmolive,Colgate Kids
Colgate-Palmolive,Colgate Max Fresh
Colgate-Palmolive,Colgate Optic White
Colgate-Palmolive,Colgate Sensitive
Colgate-Palmolive,Colgate Total
Colgate-Palmolive,Colgate-Palmolive
Colgate-Palmolive,Darlie
Colgate-Palmolive,Elmex
Colgate-Palmolive,Fabuloso All-Purpose Cleaner
Colgate-Palmolive,Hello
Colgate-Palmolive,Hello Toothpaste
Colgate-Palmolive,Hill's Ideal Balance
Colgate-Palmolive,Hill's Prescription Diet
Colgate-Palmolive,Hill's Science Diet
Colgate-Palmolive,Irish Spring Bar Soap
Colgate-Palmolive,Irish Spring Body Wash
Colgate-Palmolive,Lady Speed Stick Invisible Dry
Colgate-Palmolive,Mennen
Colgate-Palmolive,Meridol
Colgate-Palmolive,Murphy Wood Cleaner
Colgate-Palmolive,PCA Skin
Colgate-Palmolive,Palmolive Body Wash
Colgate-Palmolive,Palmolive Dish Liquid
Colgate-Palmolive,Palmolive Naturals
Colgate-Palmolive,Protex
Colgate-Palmolive,Sanex
Colgate-Palmolive,Sanex Shower Gel
Colgate-Palmolive,Softsoap
Colgate-Palmolive,Softsoap Body Wash
Colgate-Palmolive,Softsoap Hand Soap
Colgate-Palmolive,Sorriso
Colgate-Palmolive,Speed Stick Deodorant
Colgate-Palmolive,Suavitel Fabric Softener
Colgate-Palmolive,Tom's of Maine Deodorant
Colgate-Palmolive,Tom's of Maine Toothpaste
The Coca-Cola Company,AHA Lime Watermelon
The Coca-Cola Company,AHA Sparkling Water
The Coca-Cola Company,AdeS
The Coca-Cola Company,AdeS Soy
The Coca-Cola Company,Appletiser
The Coca-Cola Company,Aquarius
The Coca-Cola Company,Aquarius Zero
The Coca-Cola Company,Ayataka
The Coca-Cola Company,Ayataka Green Tea
The Coca-Cola Company,Barq's Red Creme Soda
The Coca-Cola Company,Barq's Root Beer
The Coca-Cola Company,Barrilitos
The Coca-Cola Company,Barrilitos Fruit Punch
The Coca-Cola Company,BodyArmor Edge
The Coca-Cola Company,BodyArmor Flash IV
The Coca-Cola Company,BodyArmor Lyte
The Coca-Cola Company,BodyArmor Sports Drink
The Coca-Cola Company,Bonaqua
The Coca-Cola Company,Cherry Coke
The Coca-Cola Company,Cherry Coke Zero
The Coca-Cola Company,Ciel
The Coca-Cola Company,Ciel Purified Water
The Coca-Cola Company,Coca-Cola Cinnamon
The Coca-Cola Company,Coca-Cola Energy
The Coca-Cola Company,Coca-Cola Life
The Coca-Cola Company,Coca-Cola Orange Vanilla
The Coca-Cola Company,Coca-Cola Zero Sugar
The Coca-Cola Company,Coca-Cola with Coffee
The Coca-Cola Company,Coke
The Coca-Cola Company,Coke Zero
The Coca-Cola Company,Core Power High Protein
The Coca-Cola Company,Costa Coffee
The Coca-Cola Company,Costa Express
The Coca-Cola Company,Costa Ready-to-Drink
The Coca-Cola Company,Dasani Purified Water
The Coca-Cola Company,Dasani Sparkling
The Coca-Cola Company,Del Valle Juices
The Coca-Cola Company,Diet Coke
The Coca-Cola Company,Dunkin' Donuts Coffee
The Coca-Cola Company,FUZE Iced Tea
The Coca-Cola Company,FUZE Tea
The Coca-Cola Company,Fairlife Ultra-Filtered Milk
The Coca-Cola Company,Fanta Berry
The Coca-Cola Company,Fanta Fruit Punch
The Coca-Cola Company,Fanta Grape
The Coca-Cola Company,Fanta Orange
The Coca-Cola Company,Fanta Pineapple
The Coca-Cola Company,Fanta Strawberry
The Coca-Cola Company,Fanta Zero
The Coca-Cola Company,Fresca Original
The Coca-Cola Company,Glacéau
The Coca-Cola Company,Glacéau Fruitwater
The Coca-Cola Company,Gold Peak Sweet Tea
The Coca-Cola Company,Gold Peak Tea
The Coca-Cola Company,Gold Peak Unsweetened
The Coca-Cola Company,Grapetiser
The Coca-Cola Company,Honest Kids
The Coca-Cola Company,Honest Tea Organic
The Coca-Cola Company,I Lohas
The Coca-Cola Company,Inca Kola
The Coca-Cola Company,Inca Kola Golden
The Coca-Cola Company,Innocent
The Coca-Cola Company,Innocent Smoothies
The Coca-Cola Company,Kinley
The Coca-Cola Company,Lift
The Coca-Cola Company,Lift Lemon
The Coca-Cola Company,Limca
The Coca-Cola Company,Limca Lemon
The Coca-Cola Company,Maaza
The Coca-Cola Company,Maaza Mango
The Coca-Cola Company,Mello Yello Zero
The Coca-Cola Company,Minute Maid Lemonade
The Coca-Cola Company,Minute Maid Orange Juice
The Coca-Cola Company,Minute Maid Pulpy
The Coca-Cola Company,Mr. Pibb
The Coca-Cola Company,Odwalla
The Coca-Cola Company,Odwalla Smoothies
The Coca-Cola Company,Peace Tea
The Coca-Cola Company,Peace Tea Green Tea
The Coca-Cola Company,Pibb Xtra
The Coca-Cola Company,Powerade Mountain Blast
The Coca-Cola Company,Powerade Ultra
The Coca-Cola Company,Powerade Zero
The Coca-Cola Company,Schweppes Ginger Ale
The Coca-Cola Company,Schweppes Tonic Water
The Coca-Cola Company,Seagram's
The Coca-Cola Company,Seagram's Ginger Ale
The Coca-Cola Company,Simply Almond
The Coca-Cola Company,Simply Cranberry
The Coca-Cola Company,Simply Grapefruit
The Coca-Cola Company,Simply Lemonade
The Coca-Cola Company,Simply Light
The Coca-Cola Company,Simply Orange
The Coca-Cola Company,Simply Smoothie
The Coca-Cola Company,Smartwater Alkaline
The Coca-Cola Company,Smartwater Antioxidant
The Coca-Cola Company,Sprite Cranberry
The Coca-Cola Company,Sprite Lymonade
The Coca-Cola Company,Sprite Tropical Mix
The Coca-Cola Company,Sprite Zero
The Coca-Cola Company,Suja
The Coca-Cola Company,Suja Juice
The Coca-Cola Company,Surge
The Coca-Cola Company,Tab
The Coca-Cola Company,Thums Up
The Coca-Cola Company,Thums Up Cola
The Coca-Cola Company,Topo Chico Hard Seltzer
The Coca-Cola Company,Topo Chico Mineral Water
The Coca-Cola Company,Topo Chico Twist of Lime
The Coca-Cola Company,Vanilla Coke
The Coca-Cola Company,Vanilla Coke Zero
The Coca-Cola Company,Zico
The Coca-Cola Company,Zico Coconut Water
The Coca-Cola Company,fairlife CorePower
The Coca-Cola Company,vitaminwater Energy
The Coca-Cola Company,vitaminwater XXX
The Coca-Cola Company,vitaminwater Zero
J.M. Smucker Company,9Lives Daily Essentials
J.M. Smucker Company,9Lives Plus Care
J.M. Smucker Company,Café Bustelo Espresso
J.M. Smucker Company,Crisco
J.M. Smucker Company,Crisco Shortening
J.M. Smucker Company,Crisco Vegetable Oil
J.M. Smucker Company,Dunkin' Donuts Coffee
J.M. Smucker Company,Dunkin' Original Blend
J.M. Smucker Company,Folgers 1850
J.M. Smucker Company,Folgers Black Silk
J.M. Smucker Company,Folgers Classic Roast
J.M. Smucker Company,Folgers Simply Smooth
J.M. Smucker Company,Gravy Train
J.M. Smucker Company,Gravy Train Beef Flavor
J.M. Smucker Company,Hungry Jack
J.M. Smucker Company,Jif Creamy
J.M. Smucker Company,Jif Crunchy
J.M. Smucker Company,Jif Extra Crunchy
J.M. Smucker Company,Jif Natural
J.M. Smucker Company,Jif To Go
J.M. Smucker Company,Kibbles 'n Bits Original
J.M. Smucker Company,Martha White
J.M. Smucker Company,Medaglia D'Oro
J.M. Smucker Company,Meow Mix Original Choice
J.M. Smucker Company,Meow Mix Simple Servings
J.M. Smucker Company,Meow Mix Tender Centers
J.M. Smucker Company,Milk-Bone MaroSnacks
J.M. Smucker Company,Milk-Bone Original
J.M. Smucker Company,Milk-Bone Soft & Chewy
J.M. Smucker Company,Milo's Kitchen
J.M. Smucker Company,Nature's Recipe
J.M. Smucker Company,Nature's Recipe Grain Free
J.M. Smucker Company,Nutrish PEAK
J.M. Smucker Company,Pillsbury
J.M. Smucker Company,Pillsbury Baking Flour
J.M. Smucker Company,Pilon
J.M. Smucker Company,Pup-Peroni
J.M. Smucker Company,Rachael Ray Nutrish
J.M. Smucker Company,Rachael Ray Nutrish Zero Grain
J.M. Smucker Company,Robin Hood
J.M. Smucker Company,Robin Hood Flour
J.M. Smucker Company,Smucker's Grape Jelly
J.M. Smucker Company,Smucker's Natural
J.M. Smucker Company,Smucker's Preserves
J.M. Smucker Company,Smucker's Strawberry Jam
J.M. Smucker Company,Smucker's Sugar Free
J.M. Smucker Company,Smucker's Uncrustables
McCormick & Company,Cholula Chipotle
McCormick & Company,Cholula Green Pepper
McCormick & Company,Cholula Original
McCormick & Company,Club House
McCormick & Company,Club House Spices
McCormick & Company,Frank's RedHot Buffalo
McCormick & Company,Frank's RedHot Original
McCormick & Company,Frank's RedHot Xtra Hot
McCormick & Company,French's Crispy Fried Onions
McCormick & Company,French's Mustard
McCormick & Company,French's Worcestershire
McCormick & Company,Gourmet Garden
McCormick & Company,Gourmet Garden Herbs
McCormick & Company,Lawry's
McCormick & Company,Lawry's Casero
McCormick & Company,Lawry's Marinades
McCormick & Company,Lawry's Seasoned Salt
McCormick & Company,McCormick
McCormick & Company,McCormick Black Pepper
McCormick & Company,McCormick Garlic Powder
McCormick & Company,McCormick Grill Mates
McCormick & Company,McCormick Perfect Pinch
McCormick & Company,McCormick Pure Vanilla Extract
McCormick & Company,McCormick Spices
McCormick & Company,Old Bay
McCormick & Company,Old Bay Hot Sauce
McCormick & Company,Old Bay Seafood Seasoning
McCormick & Company,Old Bay Seasoning
McCormick & Company,Simply Asia
McCormick & Company,Simply Asia Noodle Bowl
McCormick & Company,Stubb's
McCormick & Company,Stubb's BBQ Sauce
McCormick & Company,Stubb's Marinades
McCormick & Company,Stubb's Rubs
McCormick & Company,Thai Kitchen
McCormick & Company,Thai Kitchen Coconut Milk
McCormick & Company,Thai Kitchen Curry Paste
McCormick & Company,Zatarain's
McCormick & Company,Zatarain's Gumbo Mix
McCormick & Company,Zatarain's Jambalaya Mix
McCormick & Company,Zatarain's Red Beans & Rice
Brown-Forman,Chambord
Brown-Forman,Chambord Liqueur
Brown-Forman,El Jimador
Brown-Forman,El Jimador Tequila
Brown-Forman,Finlandia
Brown-Forman,Finlandia Vodka
Brown-Forman,Herradura
Brown-Forman,Herradura Silver
Brown-Forman,Herradura Tequila
Brown-Forman,Jack Daniel's Gentleman Jack
Brown-Forman,Jack Daniel's Single Barrel
Brown-Forman,Jack Daniel's Tennessee Fire
Brown-Forman,Jack Daniel's Tennessee Honey
Brown-Forman,Jack Daniel's Tennessee Whiskey
Brown-Forman,Korbel
Brown-Forman,Korbel Champagne
Brown-Forman,Old Forester
Brown-Forman,Old Forester 1920
Brown-Forman,Old Forester Bourbon
Brown-Forman,Old Forester Statesman
Brown-Forman,Slane
Brown-Forman,Slane Irish Whiskey
Brown-Forman,Woodford Reserve
Brown-Forman,Woodford Reserve Bourbon
Brown-Forman,Woodford Reserve Double Oaked
Beam Suntory,Baker's
Beam Suntory,Baker's Bourbon
Beam Suntory,Basil Hayden's
Beam Suntory,Basil Hayden's Bourbon
Beam Suntory,Booker's
Beam Suntory,Booker's Bourbon
Beam Suntory,Canadian Club
Beam Suntory,Canadian Club Whisky
Beam Suntory,Courvoisier
Beam Suntory,Courvoisier Cognac
Beam Suntory,Haku
Beam Suntory,Haku Vodka
Beam Suntory,Hibiki
Beam Suntory,Hibiki Japanese Harmony
Beam Suntory,Hornitos
Beam Suntory,Hornitos Plata
Beam Suntory,Hornitos Tequila
Beam Suntory,Jim Beam Apple
Beam Suntory,Jim Beam Black
Beam Suntory,Jim Beam Bourbon
Beam Suntory,Jim Beam Honey
Beam Suntory,Knob Creek
Beam Suntory,Knob Creek Bourbon
Beam Suntory,Knob Creek Rye
Beam Suntory,Knob Creek Single Barrel
Beam Suntory,Laphroaig
Beam Suntory,Laphroaig Scotch
Beam Suntory,Legent
Beam Suntory,Legent Bourbon
Beam Suntory,Maker's 46
Beam Suntory,Maker's Mark Bourbon
Beam Suntory,Roku
Beam Suntory,Roku Gin
Beam Suntory,Sauza
Beam Suntory,Sauza Tequila
Beam Suntory,The Macallan
Beam Suntory,The Macallan Single Malt
Beam Suntory,Yamazaki
Beam Suntory,Yamazaki Single Malt
Bacardi Limited,Bacardi Black
Bacardi Limited,Bacardi Coconut
Bacardi Limited,Bacardi Gold
Bacardi Limited,Bacardi Limón
Bacardi Limited,Bacardi Raspberry
Bacardi Limited,Bacardi Spiced
Bacardi Limited,Bacardi Superior
Bacardi Limited,Bombay Sapphire
Bacardi Limited,Bombay Sapphire Gin
Bacardi Limited,Bombay Sapphire Sunset
Bacardi Limited,Dewar's
Bacardi Limited,Dewar's 12 Year
Bacardi Limited,Dewar's White Label
Bacardi Limited,Eristoff
Bacardi Limited,Eristoff Vodka
Bacardi Limited,Grey Goose Essences
Bacardi Limited,Grey Goose La Poire
Bacardi Limited,Grey Goose Vodka
Bacardi Limited,Martini
Bacardi Limited,Martini & Rossi
Bacardi Limited,Patrón Añejo
Bacardi Limited,Patrón Reposado
Bacardi Limited,Patrón Silver
Bacardi Limited,St-Germain
Bacardi Limited,St-Germain Elderflower Liqueur
Bath & Body Works,Bath & Body Works 3-Wick Candles
Bath & Body Works,Bath & Body Works Antibacterial Hand Gel
Bath & Body Works,Bath & Body Works Body Cream
Bath & Body Works,Bath & Body Works Body Lotion
Bath & Body Works,Bath & Body Works Body Spray
Bath & Body Works,Bath & Body Works Car Fragrance
Bath & Body Works,Bath & Body Works Fine Fragrance Mist
Bath & Body Works,Bath & Body Works Hand Soap
Bath & Body Works,Bath & Body Works Men's
Bath & Body Works,Bath & Body Works Pocket Bac
Bath & Body Works,Bath & Body Works Room Spray
Bath & Body Works,Bath & Body Works Shower Gel
Bath & Body Works,Bath & Body Works Signature Collection
Bath & Body Works,Bath & Body Works Single Wick Candles
Bath & Body Works,Bath & Body Works Wallflowers
Bath & Body Works,White Barn
Bath & Body Works,White Barn Candles
Victoria's Secret & Co.,Victoria's Secret Beauty
Victoria's Secret & Co.,Victoria's Secret Body
Victoria's Secret & Co.,Victoria's Secret Bombshell
Victoria's Secret & Co.,Victoria's Secret Dream Angels
Victoria's Secret & Co.,Victoria's Secret Pink
Victoria's Secret & Co.,Victoria's Secret Sport
Victoria's Secret & Co.,Victoria's Secret Very Sexy
Gap Inc.,Athleta Girl
Gap Inc.,Banana Republic Factory
Gap Inc.,Gap Kids
Gap Inc.,GapBody
Gap Inc.,GapFit
Gap Inc.,Old Navy Baby
Gap Inc.,Old Navy Kids
Gap Inc.,Old Navy Maternity
Gap Inc.,babyGap
L Brands,Pink
American Eagle Outfitters,AE
American Eagle Outfitters,Aerie Real
American Eagle Outfitters,Offline by Aerie
American Eagle Outfitters,Todd Snyder
Abercrombie & Fitch Co.,Abercrombie Kids
Abercrombie & Fitch Co.,Gilly Hicks
Abercrombie & Fitch Co.,Hollister Co.
Abercrombie & Fitch Co.,Social Tourist
"Urban Outfitters, Inc.",Anthropologie
"Urban Outfitters, Inc.",BHLDN
"Urban Outfitters, Inc.",Free People
"Urban Outfitters, Inc.",Free People Movement
"Urban Outfitters, Inc.",Nuuly
"Urban Outfitters, Inc.",Terrain
"Urban Outfitters, Inc.",Urban Outfitters
Kohl's,Apt. 9
Kohl's,Croft & Barrow
Kohl's,Food Network
Kohl's,Jumping Beans
Kohl's,Kohl's
Kohl's,LC Lauren Conrad
Kohl's,Rock & Republic
Kohl's,SO
Kohl's,Simply Vera Vera Wang
Kohl's,Sonoma Goods for Life
Kohl's,Tek Gear
Target Corporation,A New Day
Target Corporation,All in Motion
Target Corporation,Brightroom
Target Corporation,Cat & Jack
Target Corporation,Cloud Island
Target Corporation,Favorite Day
Target Corporation,Good & Gather
Target Corporation,Goodfellow & Co
Target Corporation,Made By Design
Target Corporation,Market Pantry
Target Corporation,Opalhouse
Target Corporation,Pillowfort
Target Corporation,Project 62
Target Corporation,Room Essentials
Target Corporation,Smartly
Target Corporation,Threshold
Target Corporation,Universal Thread
Target Corporation,Up & Up
Walmart,Athletic Works
Walmart,Better Homes & Gardens
Walmart,Equate
Walmart,Faded Glory
Walmart,Freshness Guaranteed
Walmart,George
Walmart,Great Value
Walmart,Hyper Tough
Walmart,Kid Connection
Walmart,Mainstays
Walmart,Marketside
Walmart,Ol' Roy
Walmart,Ozark Trail
Walmart,Parent's Choice
Walmart,Pen+Gear
Walmart,Sam's Choice
Walmart,Special Kitty
Walmart,Time and Tru
Costco,Kirkland Organic
Costco,Kirkland Signature
Trader Joe's,Arabian Joe
Trader Joe's,Baker Josef's
Trader Joe's,Trader Giotto's
Trader Joe's,Trader Jacques'
Trader Joe's,Trader Joe's Organic
Trader Joe's,Trader José's
Trader Joe's,Trader Ming's
Whole Foods Market,365 Everyday Value
Whole Foods Market,365 Organic
Whole Foods Market,365 by Whole Foods Market
Albertsons Companies,Acme
Albertsons Companies,Carrs
Albertsons Companies,Haggen
Albertsons Companies,Jewel-Osco
Albertsons Companies,Lucerne
Albertsons Companies,Market Street
Albertsons Companies,O Organics
Albertsons Companies,Open Nature
Albertsons Companies,Pavilions
Albertsons Companies,Randalls
Albertsons Companies,Safeway
Albertsons Companies,Shaw's
Albertsons Companies,Signature Farms
Albertsons Companies,Signature Select
Albertsons Companies,Star Market
Albertsons Companies,Tom Thumb
Albertsons Companies,United Supermarkets
Albertsons Companies,Vons
Albertsons Companies,Waterfront Bistro
Kroger,Baker's
Kroger,City Market
Kroger,Dillons
Kroger,Fry's
Kroger,Gerbes
Kroger,Harris Teeter
Kroger,Jay C
Kroger,King Soopers
Kroger,Kroger Brand
Kroger,Mariano's
Kroger,Metro Market
Kroger,Owen's
Kroger,Pay Less
Kroger,Pick 'n Save
Kroger,Private Selection
Kroger,QFC
Kroger,Ralphs
Kroger,Simple Truth
Kroger,Simple Truth Organic
Kroger,Smith's
Red Bull,Red Bull Energy Drink
Red Bull,Red Bull Organics
Red Bull,Red Bull Sugarfree
Red Bull,Red Bull Summer Edition
Red Bull,Red Bull Tropical Edition
Red Bull,Red Bull Winter Edition
Red Bull,Red Bull Zero
Monster Beverage,Bang Energy
Monster Beverage,Burn Energy
Monster Beverage,Full Throttle
Monster Beverage,Monster Java
Monster Beverage,Monster Juice
Monster Beverage,Monster Rehab
Monster Beverage,Monster Ultra
Monster Beverage,Monster Zero Sugar
Monster Beverage,NOS Energy
Monster Beverage,Reign Storm
Monster Beverage,Reign Total Body Fuel
Celsius,Celsius BCAA
Celsius,Celsius Essentials
Celsius,Celsius Heat
Celsius,Celsius Live Fit
Celsius,Celsius On-The-Go
LaCroix,LaCroix Cúrate
LaCroix,LaCroix NiCola
LaCroix,LaCroix Sparkling Water
Liquid Death,Liquid Death Iced Tea
Liquid Death,Liquid Death Mountain Water
Liquid Death,Liquid Death Sparkling Water
Clif Bar & Company,Clif Bar
Clif Bar & Company,Clif Bloks
Clif Bar & Company,Clif Builders
Clif Bar & Company,Clif Kid
Clif Bar & Company,Clif Nut Butter Bar
Clif Bar & Company,Clif Organic Energy Food
Clif Bar & Company,Clif Shot
Clif Bar & Company,Luna Bar
Kind LLC,KIND Bars
Kind LLC,KIND Breakfast
Kind LLC,KIND Frozen
Kind LLC,KIND Healthy Grains
Quest Nutrition,Quest Bar
Quest Nutrition,Quest Cookies
Quest Nutrition,Quest Hero Bar
Quest Nutrition,Quest Peanut Butter Cups
Quest Nutrition,Quest Pizza
Quest Nutrition,Quest Protein Chips
Perfect Bar,Perfect Bar Kids
Perfect Bar,Perfect Bar Original
Chobani,Chobani Coffee
Chobani,Chobani Complete
Chobani,Chobani Drink
Chobani,Chobani Flip
Chobani,Chobani Greek Yogurt
Chobani,Chobani Oat
Chobani,Chobani Zero Sugar
Dannon,Dannon Activia
Dannon,Dannon Light & Fit
Dannon,Dannon Oikos
Dannon,Dannon Two Good
Dannon,Dannon YoCrunch
Fage,Fage BestSelf
Fage,Fage Crossovers
Fage,Fage Total
Fage,Fage TruBlend
Siggi's,Siggi's Filmjölk
Siggi's,Siggi's Icelandic Skyr
Siggi's,Siggi's Plant-Based
Noosa,Noosa Mates
Noosa,Noosa Yoghurt
So Delicious,So Delicious Almondmilk
So Delicious,So Delicious Cashewmilk
So Delicious,So Delicious Coconutmilk
So Delicious,So Delicious Dairy Free
So Delicious,So Delicious Oatmilk
Oatly,Oatly Barista Edition
Oatly,Oatly Ice Cream
Oatly,Oatly Oat Milk
Oatly,Oatly Yogurt
Impossible Foods,Impossible Burger
Impossible Foods,Impossible Chicken Nuggets
Impossible Foods,Impossible Pork
Impossible Foods,Impossible Sausage
Beyond Meat,Beyond Beef
Beyond Meat,Beyond Breakfast Sausage
Beyond Meat,Beyond Burger
Beyond Meat,Beyond Chicken
Beyond Meat,Beyond Meatballs
Beyond Meat,Beyond Sausage
Amy's Kitchen,Amy's Burrito
Amy's Kitchen,Amy's Frozen Meals
Amy's Kitchen,Amy's Organic
Amy's Kitchen,Amy's Pizza
Amy's Kitchen,Amy's Soups
Burt's Bees,Burt's Bees Baby
Burt's Bees,Burt's Bees Hand Salve
Burt's Bees,Burt's Bees Lip Balm
Burt's Bees,Burt's Bees Makeup
Burt's Bees,Burt's Bees Skin Care
Seventh Generation,Seventh Generation Free & Clear
Method,Method Air Care
Method,Method Cleaning
Method,Method Dish Soap
Method,Method Hand Soap
Method,Method Laundry
Mrs. Meyer's,Mrs. Meyer's Clean Day
Mrs. Meyer's,Mrs. Meyer's Dish Soap
Mrs. Meyer's,Mrs. Meyer's Hand Soap
Mrs. Meyer's,Mrs. Meyer's Laundry
Mrs. Meyer's,Mrs. Meyer's Multi-Surface Cleaner
